Model,Category,Name,Price/Details,Image URL
SE,Exterior,Wind Chill Pearl with Midnight Black Metallic roof *,$925,"https://tmnaassetscs.scene7.com/is/image/tmnaassetscs/vcr/live/vehicle/TOY/2025/corollahatchback/6272/893/57e5630dfb2832ce92bf493ae7be3965fe78770864d3ff1ab6ccaf295102e490.png?wid=1600&fmt=webp-alpha&cropN=0.04,0.08,0.92,.84"
SE,Exterior,Blue Crush Metallic,Included,"https://tmnaassetscs.scene7.com/is/image/tmnaassetscs/vcr/live/vehicle/TOY/2025/corollahatchback/6272/214/c035302ec7e05f96fb8db678fef76fc80e2b2d356c0506422a8333bfe1ed8fd6.png?wid=1600&fmt=webp-alpha&cropN=0.04,0.08,0.92,.84"
SE,Exterior,Wind Chill Pearl *,$425,"https://tmnaassetscs.scene7.com/is/image/tmnaassetscs/vcr/live/vehicle/TOY/2025/corollahatchback/6272/617/3f0a5491bc52597e8eb3512e3bdfe2564b12e35e760fa9e988c9a2f8f4bdf8c2.png?wid=1600&fmt=webp-alpha&cropN=0.04,0.08,0.92,.84"
SE,Exterior,Ice Cap,Included,"https://tmnaassetscs.scene7.com/is/image/tmnaassetscs/vcr/live/vehicle/TOY/2025/corollahatchback/6272/718/09eb320e14dc74027d60c5c172e8d836fb245041ac98447be36200a480cc30bb.png?wid=1600&fmt=webp-alpha&cropN=0.04,0.08,0.92,.84"
SE,Exterior,Classic Silver Metallic,Included,"https://tmnaassetscs.scene7.com/is/image/tmnaassetscs/vcr/live/vehicle/TOY/2025/corollahatchback/6272/693/eba4522599f6706f73d318ae89177db8fe5122f80a7ced36179eea8301b1a37c.png?wid=1600&fmt=webp-alpha&cropN=0.04,0.08,0.92,.84"
SE,Exterior,Magnetic Gray Metallic,Included,"https://tmnaassetscs.scene7.com/is/image/tmnaassetscs/vcr/live/vehicle/TOY/2025/corollahatchback/6272/7/0f33a1d7f1b58906d69e5e9c7fe412d49194be1038dc03bb3e52bec01829f3f4.png?wid=1600&fmt=webp-alpha&cropN=0.04,0.08,0.92,.84"
SE,Exterior,Midnight Black Metallic,Included,"https://tmnaassetscs.scene7.com/is/image/tmnaassetscs/vcr/live/vehicle/TOY/2025/corollahatchback/6272/441/336d9471881e042debfdc58b6f5e9b9d7c9e2f58aa6ae341f1b5b3f17a813d97.png?wid=1600&fmt=webp-alpha&cropN=0.04,0.08,0.92,.84"
SE,Exterior,Finish Line Red *,$425,"https://tmnaassetscs.scene7.com/is/image/tmnaassetscs/vcr/live/vehicle/TOY/2025/corollahatchback/6272/779/788a1ed32ad36d5c6a41d054e8bddfebc4fd7f1b8a3a52f68d270fc7dd5f99cc.png?wid=1600&fmt=webp-alpha&cropN=0.04,0.08,0.92,.84"
SE,Exterior,Inferno,Included,"https://tmnaassetscs.scene7.com/is/image/tmnaassetscs/vcr/live/vehicle/TOY/2025/corollahatchback/6272/830/d8bce03ed3c6289912af6cd7422b5b4d35e4fd43b6fa651871bfce1fd27079a1.png?wid=1600&fmt=webp-alpha&cropN=0.04,0.08,0.92,.84"
SE,Exterior,Classic Silver Metallic with Midnight Black Metallic roof *,$500,"https://tmnaassetscs.scene7.com/is/image/tmnaassetscs/vcr/live/vehicle/TOY/2025/corollahatchback/6272/34/628c7c527e7f5f481f1f2b888563e84fffa0372a7ddfe7c33ab079790a8575d7.png?wid=1600&fmt=webp-alpha&cropN=0.04,0.08,0.92,.84"
SE,Exterior,Magnetic Gray Metallic with Midnight Black Metallic roof *,$500,"https://tmnaassetscs.scene7.com/is/image/tmnaassetscs/vcr/live/vehicle/TOY/2025/corollahatchback/6272/248/d85efeb80c96e164060738f7dc1ddea81e35e347c5f0c9fca4e447fac2f1309b.png?wid=1600&fmt=webp-alpha&cropN=0.04,0.08,0.92,.84"
SE,Exterior,Finish Line Red with Midnight Black Metallic roof *,$925,"https://tmnaassetscs.scene7.com/is/image/tmnaassetscs/vcr/live/vehicle/TOY/2025/corollahatchback/6272/170/31196a3259abbedcb70b99094fe8411c753fd302a0d95e8bb0ec9288654770e2.png?wid=1600&fmt=webp-alpha&cropN=0.04,0.08,0.92,.84"
SE,Exterior,Blue Crush Metallic with Midnight Black Metallic roof *,$500,"https://tmnaassetscs.scene7.com/is/image/tmnaassetscs/vcr/live/vehicle/TOY/2025/corollahatchback/6272/329/a0771379ab49c164696274f1fa640db5d08df96b42581432b016f8ff4f86744c.png?wid=1600&fmt=webp-alpha&cropN=0.04,0.08,0.92,.84"
SE,Interior,Moonstone Fabric,Included,N/A
SE,Interior,Black Fabric,Included,N/A
SE,Engine,2.0L 4-Cyl. Engine,Included,N/A
SE,Transmission,Dynamic-Shift Continuously Variable Transmission (CVT),Included,N/A
SE,Drivetrain,Front-Wheel Drive,Included,N/A
SE,Add-On,Enhanced Cargo Space,No Additional Cost,N/A
Nightshade,Exterior,Wind Chill Pearl with Midnight Black Metallic roof *,$925,"https://tmnaassetscs.scene7.com/is/image/tmnaassetscs/vcr/live/vehicle/TOY/2025/corollahatchback/6276/820/00293de4f84419b96129a8548dc5edab4d98c2ba709ef3bbffce327f48ff526d.png?wid=1600&fmt=webp-alpha&cropN=0.04,0.08,0.92,.84"
Nightshade,Exterior,Midnight Black Metallic,Included,"https://tmnaassetscs.scene7.com/is/image/tmnaassetscs/vcr/live/vehicle/TOY/2025/corollahatchback/6276/431/948959f7655b3b241ef13458a2840fe1b2d55f0c778d10ee15d9f1378ef4969d.png?wid=1600&fmt=webp-alpha&cropN=0.04,0.08,0.92,.84"
Nightshade,Exterior,Classic Silver Metallic with Midnight Black Metallic roof *,$500,"https://tmnaassetscs.scene7.com/is/image/tmnaassetscs/vcr/live/vehicle/TOY/2025/corollahatchback/6276/131/cfc8b873e846effdad78aee995ab859426aaeecf6472d3b89256f14f278e45c2.png?wid=1600&fmt=webp-alpha&cropN=0.04,0.08,0.92,.84"
Nightshade,Interior,Black Fabric,Included,N/A
Nightshade,Engine,2.0L 4-Cyl. Engine,Included,N/A
Nightshade,Transmission,Dynamic-Shift Continuously Variable Transmission (CVT),Included,N/A
Nightshade,Drivetrain,Front-Wheel Drive,Included,N/A
Nightshade,Add-On,Enhanced Cargo Space,No Additional Cost,N/A
XSE,Exterior,Wind Chill Pearl with Midnight Black Metallic roof *,$925,"https://tmnaassetscs.scene7.com/is/image/tmnaassetscs/vcr/live/vehicle/TOY/2025/corollahatchback/6274/177/93cc46a1c7e0133018012b69842446cbd2f9d6fc537790e3f835457dc02d18db.png?wid=1600&fmt=webp-alpha&cropN=0.04,0.08,0.92,.84"
XSE,Exterior,Blue Crush Metallic,Included,"https://tmnaassetscs.scene7.com/is/image/tmnaassetscs/vcr/live/vehicle/TOY/2025/corollahatchback/6274/809/c62aadf13fea9801726345ff35f2272d22e826a38afabacc34be9664aced0211.png?wid=1600&fmt=webp-alpha&cropN=0.04,0.08,0.92,.84"
XSE,Exterior,Wind Chill Pearl *,$425,"https://tmnaassetscs.scene7.com/is/image/tmnaassetscs/vcr/live/vehicle/TOY/2025/corollahatchback/6274/71/281cdc67e800c858474d73fcb5c8fdd78da18e91dec8ea4d0f23fd9bdc5fdb21.png?wid=1600&fmt=webp-alpha&cropN=0.04,0.08,0.92,.84"
XSE,Exterior,Ice Cap,Included,"https://tmnaassetscs.scene7.com/is/image/tmnaassetscs/vcr/live/vehicle/TOY/2025/corollahatchback/6274/469/27e86c2d740667c968129d48e91d8e27d1c74556b9126bb57ef2f19565a1781d.png?wid=1600&fmt=webp-alpha&cropN=0.04,0.08,0.92,.84"
XSE,Exterior,Classic Silver Metallic,Included,"https://tmnaassetscs.scene7.com/is/image/tmnaassetscs/vcr/live/vehicle/TOY/2025/corollahatchback/6274/776/f2b96eb8f0e555409f7651ab25a91158bce05fdb6d2de85f97034e89094a6ac1.png?wid=1600&fmt=webp-alpha&cropN=0.04,0.08,0.92,.84"
XSE,Exterior,Magnetic Gray Metallic,Included,"https://tmnaassetscs.scene7.com/is/image/tmnaassetscs/vcr/live/vehicle/TOY/2025/corollahatchback/6274/217/da5f81b953469c42961d326cd8f866ece045c0a6494de0832ca4b2f5735f2042.png?wid=1600&fmt=webp-alpha&cropN=0.04,0.08,0.92,.84"
XSE,Exterior,Midnight Black Metallic,Included,"https://tmnaassetscs.scene7.com/is/image/tmnaassetscs/vcr/live/vehicle/TOY/2025/corollahatchback/6274/842/a12314baf79de397c22bbf79b6813ad74bd6029b54ce4886fa9265c4fb42e263.png?wid=1600&fmt=webp-alpha&cropN=0.04,0.08,0.92,.84"
XSE,Exterior,Finish Line Red *,$425,"https://tmnaassetscs.scene7.com/is/image/tmnaassetscs/vcr/live/vehicle/TOY/2025/corollahatchback/6274/220/53d6b5fc3567e56a575ab36dd2ee6542bddf0b1b3fe0ddc9ec79cb12bb350e93.png?wid=1600&fmt=webp-alpha&cropN=0.04,0.08,0.92,.84"
XSE,Exterior,Inferno,Included,"https://tmnaassetscs.scene7.com/is/image/tmnaassetscs/vcr/live/vehicle/TOY/2025/corollahatchback/6274/413/7e3da605b717ecf4a0fa057bd78fd6b895445f4fbc99489c3aba5dc17bc5e183.png?wid=1600&fmt=webp-alpha&cropN=0.04,0.08,0.92,.84"
XSE,Exterior,Classic Silver Metallic with Midnight Black Metallic roof *,$500,"https://tmnaassetscs.scene7.com/is/image/tmnaassetscs/vcr/live/vehicle/TOY/2025/corollahatchback/6274/420/dd3416b43a5632995f94ca3d0ca4e793d94d288f4ba78e38621cd12a64648605.png?wid=1600&fmt=webp-alpha&cropN=0.04,0.08,0.92,.84"
XSE,Exterior,Magnetic Gray Metallic with Midnight Black Metallic roof *,$500,"https://tmnaassetscs.scene7.com/is/image/tmnaassetscs/vcr/live/vehicle/TOY/2025/corollahatchback/6274/838/3bdbb676142b315844150cf4535e9afa21d471553620b84198da8d8aeb0847c4.png?wid=1600&fmt=webp-alpha&cropN=0.04,0.08,0.92,.84"
XSE,Exterior,Finish Line Red with Midnight Black Metallic roof *,$925,"https://tmnaassetscs.scene7.com/is/image/tmnaassetscs/vcr/live/vehicle/TOY/2025/corollahatchback/6274/533/23e8314d8c90b532cfce5b2de50e763a2522ba03a4502068d9e151710d5061d1.png?wid=1600&fmt=webp-alpha&cropN=0.04,0.08,0.92,.84"
XSE,Exterior,Blue Crush Metallic with Midnight Black Metallic roof *,$500,"https://tmnaassetscs.scene7.com/is/image/tmnaassetscs/vcr/live/vehicle/TOY/2025/corollahatchback/6274/589/a659ea7d68041f9f0755d2df05b8d8136d65e559c4a3e1d5bee56d7601f79dc5.png?wid=1600&fmt=webp-alpha&cropN=0.04,0.08,0.92,.84"
XSE,Interior,Black SofTex® *,Included,N/A
XSE,Interior,Moonstone SofTex® *,Included,N/A
XSE,Engine,2.0L 4-Cyl. Engine,Included,N/A
XSE,Transmission,Dynamic-Shift Continuously Variable Transmission (CVT),Included,N/A
XSE,Drivetrain,Front-Wheel Drive,Included,N/A
XSE,Add-On,Enhanced Cargo Space,No Additional Cost,N/A
