Model Name,MSRP,Build URL,Image URL,MPG
TRD Sport i-FORCE MAX,"$46,320",https://www.toyota.com/configurator/build/step/model/year/2025/series/tacomahybrid/model/7530/?bap_guid=60910897-5bee-4ac7-89cb-ce9a6d1c9be1,"https://tmnaassetscs.scene7.com/is/image/tmnaassetscs/vcr/live/vehicle/TOY/2025/tacomahybrid/7530/314/42ea25a25252ad2b1cbf8a481534ec6750269386b4a0ef7bdbaec9650067fb48.png?wid=750&fmt=webp-alpha&cropN=0.1,0.16,0.78,0.8",22/24
TRD Off-Road i-FORCE MAX,"$46,620",https://www.toyota.com/configurator/build/step/model/year/2025/series/tacomahybrid/model/7532/?bap_guid=60910897-5bee-4ac7-89cb-ce9a6d1c9be1,"https://tmnaassetscs.scene7.com/is/image/tmnaassetscs/vcr/live/vehicle/TOY/2025/tacomahybrid/7532/467/a3448413abe24707dba41cd000a7a35d2fb98fa45f12b1cbac4e1a7a46be02f7.png?wid=750&fmt=webp-alpha&cropN=0.1,0.16,0.78,0.8",22/24
Limited i-FORCE MAX,"$55,880",https://www.toyota.com/configurator/build/step/model/year/2025/series/tacomahybrid/model/7534/?bap_guid=60910897-5bee-4ac7-89cb-ce9a6d1c9be1,"https://tmnaassetscs.scene7.com/is/image/tmnaassetscs/vcr/live/vehicle/TOY/2025/tacomahybrid/7534/651/d7efdf135a41752c794471ecd74f40070af6676a09ad4a40a8da71313c45ccad.png?wid=750&fmt=webp-alpha&cropN=0.1,0.16,0.78,0.8",23/24
Trailhunter,"$62,735",https://www.toyota.com/configurator/build/step/model/year/2025/series/tacomahybrid/model/7536/?bap_guid=60910897-5bee-4ac7-89cb-ce9a6d1c9be1,"https://tmnaassetscs.scene7.com/is/image/tmnaassetscs/vcr/live/vehicle/TOY/2025/tacomahybrid/7536/338/87ea167a3bb5e8021c3b55de65ab12faabe6d344ddfa8877064252dd12ea1753.png?wid=750&fmt=webp-alpha&cropN=0.1,0.16,0.78,0.8",22/24
TRD Pro,"$63,735",https://www.toyota.com/configurator/build/step/model/year/2025/series/tacomahybrid/model/7598/?bap_guid=60910897-5bee-4ac7-89cb-ce9a6d1c9be1,"https://tmnaassetscs.scene7.com/is/image/tmnaassetscs/vcr/live/vehicle/TOY/2025/tacomahybrid/7598/329/de293459f30790a1fcc54c9552db654bcb22389109da2707e7f664732a106f40.png?wid=750&fmt=webp-alpha&cropN=0.1,0.16,0.78,0.8",22/24
