Model,Category,Name,Price/Details,Image URL
LE,Exterior,Ocean Gem,Included,"https://tmnaassetscs.scene7.com/is/image/tmnaassetscs/vcr/live/vehicle/TOY/2025/camry/2552/141/1f0fb5457af60061cb34b9821cf80a77bde9715b032b9e715015dcde83f33d34.png?wid=1600&fmt=webp-alpha&cropN=0.04,0.08,0.92,.84"
LE,Exterior,Ice Cap,Included,"https://tmnaassetscs.scene7.com/is/image/tmnaassetscs/vcr/live/vehicle/TOY/2025/camry/2552/799/a23cfc87457bc53fd2f5ff7add458ca2b1454f56c3f43621b75e4bc0352b622b.png?wid=1600&fmt=webp-alpha&cropN=0.04,0.08,0.92,.84"
LE,Exterior,Celestial Silver Metallic,Included,"https://tmnaassetscs.scene7.com/is/image/tmnaassetscs/vcr/live/vehicle/TOY/2025/camry/2552/281/2796387917ac4a32c188dc2c5790c5338b8a677cc4e4dd3893c7e2926e2791bc.png?wid=1600&fmt=webp-alpha&cropN=0.04,0.08,0.92,.84"
LE,Exterior,Midnight Black Metallic,Included,"https://tmnaassetscs.scene7.com/is/image/tmnaassetscs/vcr/live/vehicle/TOY/2025/camry/2552/971/36b6ed53266a32a65f6aed9ab71cfab45edc6345a8dcf244c8c239dbd4790e58.png?wid=1600&fmt=webp-alpha&cropN=0.04,0.08,0.92,.84"
LE,Exterior,Reservoir Blue,Included,"https://tmnaassetscs.scene7.com/is/image/tmnaassetscs/vcr/live/vehicle/TOY/2025/camry/2552/127/dacac2676d4b61a157d9611a7be68cd2697ab58ab92f0a4a3abc50dbdd29680d.png?wid=1600&fmt=webp-alpha&cropN=0.04,0.08,0.92,.84"
LE,Exterior,Supersonic Red *,$425,"https://tmnaassetscs.scene7.com/is/image/tmnaassetscs/vcr/live/vehicle/TOY/2025/camry/2552/239/dd303d9f58fdd7bfcc296362695469f9ee5760d0bd0395e206cd1ab11bba3380.png?wid=1600&fmt=webp-alpha&cropN=0.04,0.08,0.92,.84"
LE,Exterior,Underground,Included,"https://tmnaassetscs.scene7.com/is/image/tmnaassetscs/vcr/live/vehicle/TOY/2025/camry/2552/438/010a2a6e55dfc170e40cf4a40077540c34fb040e59eccda1d1daea1b43c9ea76.png?wid=1600&fmt=webp-alpha&cropN=0.04,0.08,0.92,.84"
LE,Interior,Black,Included,N/A
LE,Interior,Boulder,Included,N/A
LE,Engine,2.5L 4-Cyl. Gas/Electric Hybrid,Included,N/A
LE,Transmission,Electronically controlled Continuously Variable Transmission (ECVT) with sequential shift mode,Included,N/A
LE,Drivetrain,All-Wheel Drive,Included,N/A
LE,Drivetrain,Front-Wheel Drive,"-$1,525 MSRP",N/A
LE,Add-On,Power tilt/slide moonroof,$870 MSRP,N/A
SE,Exterior,Ocean Gem,Included,"https://tmnaassetscs.scene7.com/is/image/tmnaassetscs/vcr/live/vehicle/TOY/2025/camry/2553/236/ecb0d2a4d0cb5f81e45ff46ec5d852915dc6c9c5277cf8660a68d46f26c848f6.png?wid=1600&fmt=webp-alpha&cropN=0.04,0.08,0.92,.84"
SE,Exterior,Heavy Metal *,$425,"https://tmnaassetscs.scene7.com/is/image/tmnaassetscs/vcr/live/vehicle/TOY/2025/camry/2553/969/5e364921ceabf5e0da11225d6f377d89dd534d3b36c8422577729e61d8f3c98d.png?wid=1600&fmt=webp-alpha&cropN=0.04,0.08,0.92,.84"
SE,Exterior,Ice Cap,Included,"https://tmnaassetscs.scene7.com/is/image/tmnaassetscs/vcr/live/vehicle/TOY/2025/camry/2553/366/e5e790de8c04dfa90a39f343bdefde8993afb878abc8af8e7ae48c04839718c9.png?wid=1600&fmt=webp-alpha&cropN=0.04,0.08,0.92,.84"
SE,Exterior,Midnight Black Metallic,Included,"https://tmnaassetscs.scene7.com/is/image/tmnaassetscs/vcr/live/vehicle/TOY/2025/camry/2553/991/2eeb2b57ca58b510adec5250b97097f400b4635407f21fd0d77278aa5caa2494.png?wid=1600&fmt=webp-alpha&cropN=0.04,0.08,0.92,.84"
SE,Exterior,Reservoir Blue,Included,"https://tmnaassetscs.scene7.com/is/image/tmnaassetscs/vcr/live/vehicle/TOY/2025/camry/2553/202/7a41c35a2438742252a9f5cc485410e27f56b8d51a209879ffadd74ae7cd7201.png?wid=1600&fmt=webp-alpha&cropN=0.04,0.08,0.92,.84"
SE,Exterior,Supersonic Red *,$425,"https://tmnaassetscs.scene7.com/is/image/tmnaassetscs/vcr/live/vehicle/TOY/2025/camry/2553/52/5494a26c334628a4f5f850abe39303c9e13571bba5fa26897487a79e62f0e9fc.png?wid=1600&fmt=webp-alpha&cropN=0.04,0.08,0.92,.84"
SE,Exterior,Underground,Included,"https://tmnaassetscs.scene7.com/is/image/tmnaassetscs/vcr/live/vehicle/TOY/2025/camry/2553/518/fd85aa3e778d553e0711549db594f4c76f3550517e6ef1789a65fc9f438a239f.png?wid=1600&fmt=webp-alpha&cropN=0.04,0.08,0.92,.84"
SE,Interior,Black,Included,N/A
SE,Interior,Boulder,Included,N/A
SE,Engine,2.5L 4-Cyl. Gas/Electric Hybrid,Included,N/A
SE,Transmission,Electronically controlled Continuously Variable Transmission (ECVT) with sequential shift mode,Included,N/A
SE,Drivetrain,All-Wheel Drive,Included,N/A
SE,Drivetrain,Front-Wheel Drive,"-$1,525 MSRP",N/A
SE,Add-On,Power tilt/slide moonroof,$870 MSRP,N/A
SE,Add-On,Multimedia Upgrade Package,$735 MSRP,N/A
XLE,Exterior,Ocean Gem,Included,"https://tmnaassetscs.scene7.com/is/image/tmnaassetscs/vcr/live/vehicle/TOY/2025/camry/2555/286/d373989ee9a72ab099255a28b862b43ddf30fca71b3f635f7f3f0412f585447e.png?wid=1600&fmt=webp-alpha&cropN=0.04,0.08,0.92,.84"
XLE,Exterior,Heavy Metal *,$425,"https://tmnaassetscs.scene7.com/is/image/tmnaassetscs/vcr/live/vehicle/TOY/2025/camry/2555/591/8197ce37497dd64d03c041730d13b4daae64a979573e050b1ef650410238d8d7.png?wid=1600&fmt=webp-alpha&cropN=0.04,0.08,0.92,.84"
XLE,Exterior,Midnight Black Metallic,Included,"https://tmnaassetscs.scene7.com/is/image/tmnaassetscs/vcr/live/vehicle/TOY/2025/camry/2555/373/a410ad55bde50a4521d6fc9b5e93b4c14e8d7ef2f3f5b9e31fdd12b3ed49c209.png?wid=1600&fmt=webp-alpha&cropN=0.04,0.08,0.92,.84"
XLE,Exterior,Reservoir Blue,Included,"https://tmnaassetscs.scene7.com/is/image/tmnaassetscs/vcr/live/vehicle/TOY/2025/camry/2555/569/7a98a311560863b0241b8c8e69c95ac85852e643e90d1e51f8be5aa59a8d56e3.png?wid=1600&fmt=webp-alpha&cropN=0.04,0.08,0.92,.84"
XLE,Exterior,Supersonic Red *,$425,"https://tmnaassetscs.scene7.com/is/image/tmnaassetscs/vcr/live/vehicle/TOY/2025/camry/2555/759/6cfad0b7c37c8bec0b4f62ccbf0f9e13eaa6eea4aa44e42bf2cf0fd17bd0a1e1.png?wid=1600&fmt=webp-alpha&cropN=0.04,0.08,0.92,.84"
XLE,Exterior,Wind Chill Pearl *,$425,"https://tmnaassetscs.scene7.com/is/image/tmnaassetscs/vcr/live/vehicle/TOY/2025/camry/2555/763/addc8a931ea93ee5e3149645cbacb8960d907168556bf01d0d5fa335445df91a.png?wid=1600&fmt=webp-alpha&cropN=0.04,0.08,0.92,.84"
XLE,Exterior,Underground,Included,"https://tmnaassetscs.scene7.com/is/image/tmnaassetscs/vcr/live/vehicle/TOY/2025/camry/2555/232/93aea4e823a91e96f852cbad8d1dbfa946fdb11078d94fe7404dab9cacc5ac59.png?wid=1600&fmt=webp-alpha&cropN=0.04,0.08,0.92,.84"
XLE,Interior,Lt. Gray,Included,N/A
XLE,Interior,Black,Included,N/A
XLE,Engine,2.5L 4-Cyl. Gas/Electric Hybrid,Included,N/A
XLE,Transmission,Electronically controlled Continuously Variable Transmission (ECVT) with sequential shift mode,Included,N/A
XLE,Drivetrain,All-Wheel Drive,Included,N/A
XLE,Drivetrain,Front-Wheel Drive,"-$1,525 MSRP",N/A
XLE,Add-On,Panoramic glass roof with front power tilt/slide moonroof,"$1,330 MSRP",N/A
XSE,Exterior,Ocean Gem,Included,"https://tmnaassetscs.scene7.com/is/image/tmnaassetscs/vcr/live/vehicle/TOY/2025/camry/2556/623/81fdb05f5d9042401f6380cdda497920fc0d13d1bb3cad08e7a427e919445d1f.png?wid=1600&fmt=webp-alpha&cropN=0.04,0.08,0.92,.84"
XSE,Exterior,Heavy Metal *,$425,"https://tmnaassetscs.scene7.com/is/image/tmnaassetscs/vcr/live/vehicle/TOY/2025/camry/2556/824/2c1dc270876c4ad0ab0fb6cac816faaf3ed06b4641d24b6a0e526db5e04a85e1.png?wid=1600&fmt=webp-alpha&cropN=0.04,0.08,0.92,.84"
XSE,Exterior,Midnight Black Metallic,Included,"https://tmnaassetscs.scene7.com/is/image/tmnaassetscs/vcr/live/vehicle/TOY/2025/camry/2556/812/59066ed42a11108bb3d2b0f0c9ccea28abefabb4bbf942d139e31f31cc8071dc.png?wid=1600&fmt=webp-alpha&cropN=0.04,0.08,0.92,.84"
XSE,Exterior,Reservoir Blue,Included,"https://tmnaassetscs.scene7.com/is/image/tmnaassetscs/vcr/live/vehicle/TOY/2025/camry/2556/812/59066ed42a11108bb3d2b0f0c9ccea28abefabb4bbf942d139e31f31cc8071dc.png?wid=1600&fmt=webp-alpha&cropN=0.04,0.08,0.92,.84"
XSE,Exterior,Supersonic Red *,$425,"https://tmnaassetscs.scene7.com/is/image/tmnaassetscs/vcr/live/vehicle/TOY/2025/camry/2556/570/19b4e92ab1a8c1cc902ea13f39b07ab9831771d7e71e032c418ebcc64cb30b74.png?wid=1600&fmt=webp-alpha&cropN=0.04,0.08,0.92,.84"
XSE,Exterior,Wind Chill Pearl *,$425,"https://tmnaassetscs.scene7.com/is/image/tmnaassetscs/vcr/live/vehicle/TOY/2025/camry/2556/858/87953ddaaff1479c7a5712a418888a83c3e3aa50076da6d2a84da9e062ebccc0.png?wid=1600&fmt=webp-alpha&cropN=0.04,0.08,0.92,.84"
XSE,Exterior,Underground,Included,"https://tmnaassetscs.scene7.com/is/image/tmnaassetscs/vcr/live/vehicle/TOY/2025/camry/2556/750/d7822986f648b1fe616fb5dba9c3fe304264b62e84f609b1c0be840595437309.png?wid=1600&fmt=webp-alpha&cropN=0.04,0.08,0.92,.84"
XSE,Exterior,Heavy Metal with Midnight Black Metallic roof *,$925,"https://tmnaassetscs.scene7.com/is/image/tmnaassetscs/vcr/live/vehicle/TOY/2025/camry/2556/152/80849b48decbd1b93599f735275361ab19195c1b96e4ef529ccf5b0e3a6fc206.png?wid=1600&fmt=webp-alpha&cropN=0.04,0.08,0.92,.84"
XSE,Exterior,Ocean Gem with Midnight Black Metallic roof *,$500,"https://tmnaassetscs.scene7.com/is/image/tmnaassetscs/vcr/live/vehicle/TOY/2025/camry/2556/152/80849b48decbd1b93599f735275361ab19195c1b96e4ef529ccf5b0e3a6fc206.png?wid=1600&fmt=webp-alpha&cropN=0.04,0.08,0.92,.84"
XSE,Exterior,Wind Chill Pearl with Midnight Black Metallic roof *,$925,"https://tmnaassetscs.scene7.com/is/image/tmnaassetscs/vcr/live/vehicle/TOY/2025/camry/2556/633/c6828d59d3fccf9cf971d424d921b80025aca9acb4e52fb3a2eb8ba090141146.png?wid=1600&fmt=webp-alpha&cropN=0.04,0.08,0.92,.84"
XSE,Exterior,Supersonic Red with Midnight Black Metallic roof *,$925,"https://tmnaassetscs.scene7.com/is/image/tmnaassetscs/vcr/live/vehicle/TOY/2025/camry/2556/520/db423228a74a91fbde40ab157092fb9906be3ca1aed306ac65b650cd6e090dc4.png?wid=1600&fmt=webp-alpha&cropN=0.04,0.08,0.92,.84"
XSE,Interior,Cockpit Red,Included,N/A
XSE,Interior,Black,Included,N/A
XSE,Engine,2.5L 4-Cyl. Gas/Electric Hybrid,Included,N/A
XSE,Transmission,Electronically controlled Continuously Variable Transmission (ECVT) with sequential shift mode,Included,N/A
XSE,Drivetrain,All-Wheel Drive,Included,N/A
XSE,Drivetrain,Front-Wheel Drive,"-$1,525 MSRP",N/A
XSE,Add-On,Panoramic glass roof with front power tilt/slide moonroof,"$1,330 MSRP",N/A
