Model Name,MSRP,Build URL,Image URL,MPG
LE,"$39,185",https://www.toyota.com/configurator/build/step/model/year/2025/series/sienna/model/5402/?bap_guid=52651c7a-0235-4e24-aae6-a896cb2adeab,"https://tmnaassetscs.scene7.com/is/image/tmnaassetscs/vcr/live/vehicle/TOY/2025/sienna/5402/368/aed9d4c8a748a615bd62388e45c0df4331c3787abeaff048423f3bd4ca926ff6.png?wid=750&fmt=webp-alpha&cropN=0.1,0.16,0.78,0.8",36/36
XLE,"$43,995",https://www.toyota.com/configurator/build/step/model/year/2025/series/sienna/model/5406/?bap_guid=52651c7a-0235-4e24-aae6-a896cb2adeab,"https://tmnaassetscs.scene7.com/is/image/tmnaassetscs/vcr/live/vehicle/TOY/2025/sienna/5408/679/8977f74774658f6ad3f65e733faf6054e52377b2845ac4cf76d5ef4322cf5960.png?wid=750&fmt=webp-alpha&cropN=0.1,0.16,0.78,0.8",36/36
XSE,"$46,640",https://www.toyota.com/configurator/build/step/model/year/2025/series/sienna/model/5410/?bap_guid=52651c7a-0235-4e24-aae6-a896cb2adeab,"https://tmnaassetscs.scene7.com/is/image/tmnaassetscs/vcr/live/vehicle/TOY/2025/sienna/5410/86/1f347f060bfe8d1066a0debe14413f82263c4ea67fcaa573c82728da7bfb1359.png?wid=750&fmt=webp-alpha&cropN=0.1,0.16,0.78,0.8",36/36
Limited,"$50,200",https://www.toyota.com/configurator/build/step/model/year/2025/series/sienna/model/5414/?bap_guid=52651c7a-0235-4e24-aae6-a896cb2adeab,"https://tmnaassetscs.scene7.com/is/image/tmnaassetscs/vcr/live/vehicle/TOY/2025/sienna/5414/402/f7dfc9425f531be81e70fe9114ed5c6f82f2e8106d12162f8e0033c5b91291c2.png?wid=750&fmt=webp-alpha&cropN=0.1,0.16,0.78,0.8",36/36
Woodland Edition,"$50,425",https://www.toyota.com/configurator/build/step/model/year/2025/series/sienna/model/5409/?bap_guid=52651c7a-0235-4e24-aae6-a896cb2adeab,"https://tmnaassetscs.scene7.com/is/image/tmnaassetscs/vcr/live/vehicle/TOY/2025/sienna/5409/383/810ad77714eac973bb470d16a0d15b2dec5abbc60793cd76010c3df271645d08.png?wid=750&fmt=webp-alpha&cropN=0.1,0.16,0.78,0.8",34/36
Platinum,"$56,145",https://www.toyota.com/configurator/build/step/model/year/2025/series/sienna/model/5418/?bap_guid=52651c7a-0235-4e24-aae6-a896cb2adeab,"https://tmnaassetscs.scene7.com/is/image/tmnaassetscs/vcr/live/vehicle/TOY/2025/sienna/5418/336/8dc2f998fb75962841caa196b5d53453299f2ad8c72624e2b39bd0d5e4ac2f81.png?wid=750&fmt=webp-alpha&cropN=0.1,0.16,0.78,0.8",36/36
