Model,Category,Name,Price/Details,Image URL
SR,Exterior,Celestial Silver Metallic,Included,"https://tmnaassetscs.scene7.com/is/image/tmnaassetscs/vcr/live/vehicle/TOY/2025/tacoma/7162/324/e571d02cfe470c6e732ee819f79579f7b028d22609f9e4ef6b0dd9138474606c.png?wid=1600&fmt=webp-alpha&cropN=0.04,0.08,0.92,.84"
SR,Exterior,Ice Cap,Included,"https://tmnaassetscs.scene7.com/is/image/tmnaassetscs/vcr/live/vehicle/TOY/2025/tacoma/7162/59/4c50a70ba4c98d12993af7fb8da8e49fa6510bd8085febb287fb8bbf64924d67.png?wid=1600&fmt=webp-alpha&cropN=0.04,0.08,0.92,.84"
SR,Exterior,Underground,Included,"https://tmnaassetscs.scene7.com/is/image/tmnaassetscs/vcr/live/vehicle/TOY/2025/tacoma/7162/5/5face3b5af5a092c0ee66f77bb887cbe86a4879102aa129f47af48ab22c6fc00.png?wid=1600&fmt=webp-alpha&cropN=0.04,0.08,0.92,.84"
SR,Exterior,Black,Included,"https://tmnaassetscs.scene7.com/is/image/tmnaassetscs/vcr/live/vehicle/TOY/2025/tacoma/7162/214/b1aa0b2e3d56c29a615573a797cb4b2e0340c29790bc93e5676ecdd9bebb043b.png?wid=1600&fmt=webp-alpha&cropN=0.04,0.08,0.92,.84"
SR,Exterior,Supersonic Red *,$475,"https://tmnaassetscs.scene7.com/is/image/tmnaassetscs/vcr/live/vehicle/TOY/2025/tacoma/7162/938/c2fba602dc5c7b000fffa4de0bc824bcb599298e1493c25ffbd1d08931db267e.png?wid=1600&fmt=webp-alpha&cropN=0.04,0.08,0.92,.84"
SR,Interior,Black Fabric,Included,N/A
SR,Engine,i-FORCE 2.4L 4-Cyl. Turbo Engine,Included,N/A
SR,Transmission,8-Speed Automatic Transmission,Included,N/A
SR,Drivetrain,Rear-Wheel Drive,Included,N/A
SR,Drivetrain,4-Wheel Drive,"$3,200 MSRP",N/A
SR5,Exterior,Celestial Silver Metallic,Included,"https://tmnaassetscs.scene7.com/is/image/tmnaassetscs/vcr/live/vehicle/TOY/2025/tacoma/7126/690/1be65c1ae18661fc25f1e5a1891acd3e1cdd9a5891dcf401106712f89e029d2a.png?wid=1600&fmt=webp-alpha&cropN=0.04,0.08,0.92,.84"
SR5,Exterior,Ice Cap,Included,"https://tmnaassetscs.scene7.com/is/image/tmnaassetscs/vcr/live/vehicle/TOY/2025/tacoma/7126/76/9fe60994aca3fa7353a9bcf637f56f948498b8c8ba769faae627da91f0e5175f.png?wid=1600&fmt=webp-alpha&cropN=0.04,0.08,0.92,.84"
SR5,Exterior,Underground,Included,"https://tmnaassetscs.scene7.com/is/image/tmnaassetscs/vcr/live/vehicle/TOY/2025/tacoma/7126/470/49e30fbe2b80ee6ed2da0d7fd76f2e692f8f29948dd8508e31c5385096d968f8.png?wid=1600&fmt=webp-alpha&cropN=0.04,0.08,0.92,.84"
SR5,Exterior,Black,Included,"https://tmnaassetscs.scene7.com/is/image/tmnaassetscs/vcr/live/vehicle/TOY/2025/tacoma/7126/800/d6d5d8700bf3481fdf03eb687ac1c6f15bd8c5fc175f29d79f11ac5aee650084.png?wid=1600&fmt=webp-alpha&cropN=0.04,0.08,0.92,.84"
SR5,Exterior,Supersonic Red *,$475,"https://tmnaassetscs.scene7.com/is/image/tmnaassetscs/vcr/live/vehicle/TOY/2025/tacoma/7126/524/d6bdf22cc35e9be3bcc4d11ea0dead61fe7900365c7696fa0e48b05dc8dd3d84.png?wid=1600&fmt=webp-alpha&cropN=0.04,0.08,0.92,.84"
SR5,Exterior,Blue Crush Metallic,Included,"https://tmnaassetscs.scene7.com/is/image/tmnaassetscs/vcr/live/vehicle/TOY/2025/tacoma/7126/524/d6bdf22cc35e9be3bcc4d11ea0dead61fe7900365c7696fa0e48b05dc8dd3d84.png?wid=1600&fmt=webp-alpha&cropN=0.04,0.08,0.92,.84"
SR5,Interior,Black Fabric,Included,N/A
SR5,Interior,Boulder Fabric w/Smoke Silver,Included,N/A
SR5,Interior,Black Fabric w/Smoke Silver,Included,N/A
SR5,Engine,i-FORCE 2.4L 4-Cyl. Turbo Engine,Included,N/A
SR5,Transmission,8-Speed Automatic Transmission,Included,N/A
SR5,Drivetrain,Rear-Wheel Drive,Included,N/A
SR5,Drivetrain,4-Wheel Drive,"$3,200 MSRP",N/A
SR5,Add-On,Heated Front Seats,$585 MSRP,N/A
SR5,Add-On,Full-Size Spare Tire,$85 MSRP,N/A
TRD PreRunner,Exterior,Terra,Included,"https://tmnaassetscs.scene7.com/is/image/tmnaassetscs/vcr/live/vehicle/TOY/2025/tacoma/7166/185/1c363771a78108d6f0ca4f59f74c08efe437cca8d1b665ffa37213b0207341ac.png?wid=1600&fmt=webp-alpha&cropN=0.04,0.08,0.92,.84"
TRD PreRunner,Exterior,Celestial Silver Metallic,Included,"https://tmnaassetscs.scene7.com/is/image/tmnaassetscs/vcr/live/vehicle/TOY/2025/tacoma/7166/721/fee779413367e40228af7ad4f2e66d022616cc1293316dedc68c8451696e7094.png?wid=1600&fmt=webp-alpha&cropN=0.04,0.08,0.92,.84"
TRD PreRunner,Exterior,Ice Cap,Included,"https://tmnaassetscs.scene7.com/is/image/tmnaassetscs/vcr/live/vehicle/TOY/2025/tacoma/7166/762/966f41e2104bb0261ac0efa4ca9e1d9e4fd4549a06cc8e3f85c32d8d845d43cc.png?wid=1600&fmt=webp-alpha&cropN=0.04,0.08,0.92,.84"
TRD PreRunner,Exterior,Underground,Included,"https://tmnaassetscs.scene7.com/is/image/tmnaassetscs/vcr/live/vehicle/TOY/2025/tacoma/7166/185/1c363771a78108d6f0ca4f59f74c08efe437cca8d1b665ffa37213b0207341ac.png?wid=1600&fmt=webp-alpha&cropN=0.04,0.08,0.92,.84"
TRD PreRunner,Exterior,Black,Included,"https://tmnaassetscs.scene7.com/is/image/tmnaassetscs/vcr/live/vehicle/TOY/2025/tacoma/7166/938/c5f7cb1acc550e0752d347878599e4e0f40029b0fa8b3414270f17b71523b88a.png?wid=1600&fmt=webp-alpha&cropN=0.04,0.08,0.92,.84"
TRD PreRunner,Interior,Boulder/Black Fabric w/Anodized Blue,Included,N/A
TRD PreRunner,Interior,Boulder/Black Fabric w/Smoke Silver,Included,N/A
TRD PreRunner,Engine,i-FORCE 2.4L 4-Cyl. Turbo Engine,Included,N/A
TRD PreRunner,Transmission,8-Speed Automatic Transmission,Included,N/A
TRD PreRunner,Drivetrain,Rear-Wheel Drive,Included,N/A
TRD Sport,Exterior,Terra,Included,"https://tmnaassetscs.scene7.com/is/image/tmnaassetscs/vcr/live/vehicle/TOY/2025/tacoma/7148/13/ab7ce10d8135bb8acc3d584a70a19861bacbae80d8220b8333947ed40bf9b0d6.png?wid=1600&fmt=webp-alpha&cropN=0.04,0.08,0.92,.84"
TRD Sport,Exterior,Bronze Oxide,Included,"https://tmnaassetscs.scene7.com/is/image/tmnaassetscs/vcr/live/vehicle/TOY/2025/tacoma/7148/13/ab7ce10d8135bb8acc3d584a70a19861bacbae80d8220b8333947ed40bf9b0d6.png?wid=1600&fmt=webp-alpha&cropN=0.04,0.08,0.92,.84"
TRD Sport,Exterior,Celestial Silver Metallic,Included,"https://tmnaassetscs.scene7.com/is/image/tmnaassetscs/vcr/live/vehicle/TOY/2025/tacoma/7148/429/c1ba65bdd310a925c60c634788b6bda38e8f2db933b8fea9e9a41ca0bd99d943.png?wid=1600&fmt=webp-alpha&cropN=0.04,0.08,0.92,.84"
TRD Sport,Exterior,Ice Cap,Included,"https://tmnaassetscs.scene7.com/is/image/tmnaassetscs/vcr/live/vehicle/TOY/2025/tacoma/7148/942/e8ecf766ad6439419c4e5faa478cab2116d5a190037281575689dac432a6e944.png?wid=1600&fmt=webp-alpha&cropN=0.04,0.08,0.92,.84"
TRD Sport,Exterior,Wind Chill Pearl *,$475,"https://tmnaassetscs.scene7.com/is/image/tmnaassetscs/vcr/live/vehicle/TOY/2025/tacoma/7148/589/180afa2d15540f3f9cbf20b2a51d99a412f9d55ddddd2ff47827c62decec689c.png?wid=1600&fmt=webp-alpha&cropN=0.04,0.08,0.92,.84"
TRD Sport,Exterior,Underground,Included,"https://tmnaassetscs.scene7.com/is/image/tmnaassetscs/vcr/live/vehicle/TOY/2025/tacoma/7148/114/64fe14faa358b5b6a8190a2913d7e6a627677384cc49be373c9f050f41428181.png?wid=1600&fmt=webp-alpha&cropN=0.04,0.08,0.92,.84"
TRD Sport,Exterior,Blue Crush Metallic,Included,"https://tmnaassetscs.scene7.com/is/image/tmnaassetscs/vcr/live/vehicle/TOY/2025/tacoma/7148/13/ab7ce10d8135bb8acc3d584a70a19861bacbae80d8220b8333947ed40bf9b0d6.png?wid=1600&fmt=webp-alpha&cropN=0.04,0.08,0.92,.84"
TRD Sport,Exterior,Black,Included,"https://tmnaassetscs.scene7.com/is/image/tmnaassetscs/vcr/live/vehicle/TOY/2025/tacoma/7148/214/ddb4cb1e215bf30cedd5eefcf77b4fbad478b69f4eb1e83cf15b11299d695d16.png?wid=1600&fmt=webp-alpha&cropN=0.04,0.08,0.92,.84"
TRD Sport,Exterior,Supersonic Red *,$475,"https://tmnaassetscs.scene7.com/is/image/tmnaassetscs/vcr/live/vehicle/TOY/2025/tacoma/7148/214/ddb4cb1e215bf30cedd5eefcf77b4fbad478b69f4eb1e83cf15b11299d695d16.png?wid=1600&fmt=webp-alpha&cropN=0.04,0.08,0.92,.84"
TRD Sport,Interior,Boulder/Black Fabric w/Anodized Blue,Included,N/A
TRD Sport,Interior,Black SofTex® *,Included,N/A
TRD Sport,Interior,Boulder/Black Fabric w/Smoke Silver,Included,N/A
TRD Sport,Engine,i-FORCE 2.4L 4-Cyl. Turbo Engine,Included,N/A
TRD Sport,Transmission,8-Speed Automatic Transmission,Included,N/A
TRD Sport,Drivetrain,Rear-Wheel Drive,Included,N/A
TRD Sport,Drivetrain,4-Wheel Drive,"$3,200 MSRP",N/A
TRD Sport,Add-On,Heated Front Seats,$585 MSRP,N/A
TRD Sport,Add-On,14-in. Toyota Audio Multimedia display,$845 MSRP,N/A
TRD Sport,Add-On,14-in. Toyota Audio Multimedia display (with TRD Sport Upgrade Package),$720 MSRP,N/A
TRD Sport,Add-On,Moonroof,$850 MSRP,N/A
TRD Sport,Add-On,Towing Technology Package,$850 MSRP,N/A
TRD Off-Road,Exterior,Terra,Included,"https://tmnaassetscs.scene7.com/is/image/tmnaassetscs/vcr/live/vehicle/TOY/2025/tacoma/7544/122/ba21a5125d5372e0f2d877fc591ad608b49f882f27973be0d05423d04719b777.png?wid=1600&fmt=webp-alpha&cropN=0.04,0.08,0.92,.84"
TRD Off-Road,Exterior,Bronze Oxide,Included,"https://tmnaassetscs.scene7.com/is/image/tmnaassetscs/vcr/live/vehicle/TOY/2025/tacoma/7544/122/ba21a5125d5372e0f2d877fc591ad608b49f882f27973be0d05423d04719b777.png?wid=1600&fmt=webp-alpha&cropN=0.04,0.08,0.92,.84"
TRD Off-Road,Exterior,Celestial Silver Metallic,Included,"https://tmnaassetscs.scene7.com/is/image/tmnaassetscs/vcr/live/vehicle/TOY/2025/tacoma/7544/122/ba21a5125d5372e0f2d877fc591ad608b49f882f27973be0d05423d04719b777.png?wid=1600&fmt=webp-alpha&cropN=0.04,0.08,0.92,.84"
TRD Off-Road,Exterior,Ice Cap,Included,"https://tmnaassetscs.scene7.com/is/image/tmnaassetscs/vcr/live/vehicle/TOY/2025/tacoma/7544/122/ba21a5125d5372e0f2d877fc591ad608b49f882f27973be0d05423d04719b777.png?wid=1600&fmt=webp-alpha&cropN=0.04,0.08,0.92,.84"
TRD Off-Road,Exterior,Underground,Included,"https://tmnaassetscs.scene7.com/is/image/tmnaassetscs/vcr/live/vehicle/TOY/2025/tacoma/7544/122/ba21a5125d5372e0f2d877fc591ad608b49f882f27973be0d05423d04719b777.png?wid=1600&fmt=webp-alpha&cropN=0.04,0.08,0.92,.84"
TRD Off-Road,Exterior,Blue Crush Metallic,Included,"https://tmnaassetscs.scene7.com/is/image/tmnaassetscs/vcr/live/vehicle/TOY/2025/tacoma/7544/122/ba21a5125d5372e0f2d877fc591ad608b49f882f27973be0d05423d04719b777.png?wid=1600&fmt=webp-alpha&cropN=0.04,0.08,0.92,.84"
TRD Off-Road,Exterior,Black,Included,"https://tmnaassetscs.scene7.com/is/image/tmnaassetscs/vcr/live/vehicle/TOY/2025/tacoma/7544/122/ba21a5125d5372e0f2d877fc591ad608b49f882f27973be0d05423d04719b777.png?wid=1600&fmt=webp-alpha&cropN=0.04,0.08,0.92,.84"
TRD Off-Road,Exterior,Supersonic Red *,$475,"https://tmnaassetscs.scene7.com/is/image/tmnaassetscs/vcr/live/vehicle/TOY/2025/tacoma/7544/122/ba21a5125d5372e0f2d877fc591ad608b49f882f27973be0d05423d04719b777.png?wid=1600&fmt=webp-alpha&cropN=0.04,0.08,0.92,.84"
TRD Off-Road,Interior,Black SofTex® *,Included,N/A
TRD Off-Road,Interior,Boulder/Black Fabric w/Smoke Silver,Included,N/A
TRD Off-Road,Interior,Boulder/Black Fabric w/Anodized Blue,Included,N/A
TRD Off-Road,Engine,,Included,N/A
TRD Off-Road,Transmission,,Included,N/A
TRD Off-Road,Drivetrain,,Included,N/A
TRD Off-Road,Add-On,,,N/A
TRD Off-Road,Add-On,,,N/A
TRD Off-Road,Add-On,,,N/A
TRD Off-Road,Add-On,,,N/A
TRD Off-Road,Add-On,,,N/A
TRD Off-Road,Add-On,,,N/A
TRD Sport i-FORCE MAX,Exterior,Terra,Included,"https://tmnaassetscs.scene7.com/is/image/tmnaassetscs/vcr/live/vehicle/TOY/2025/tacoma/7530/458/09eeda8a33e6931de3d836e5928ded0ecce0544459e4b8e963e9a4474cb93b0b.png?wid=1600&fmt=webp-alpha&cropN=0.04,0.08,0.92,.84"
TRD Sport i-FORCE MAX,Exterior,Bronze Oxide,Included,"https://tmnaassetscs.scene7.com/is/image/tmnaassetscs/vcr/live/vehicle/TOY/2025/tacoma/7530/60/44c8cfb4ceaf34586c504d2a1045fa63e1e81aa08fd3c94600828fad47b4716d.png?wid=1600&fmt=webp-alpha&cropN=0.04,0.08,0.92,.84"
TRD Sport i-FORCE MAX,Exterior,Celestial Silver Metallic,Included,"https://tmnaassetscs.scene7.com/is/image/tmnaassetscs/vcr/live/vehicle/TOY/2025/tacoma/7530/383/b1c392ffdd08a68780fa20fe7acbee6ec3a84b6e3fcf23d3738adac80a9e9e4f.png?wid=1600&fmt=webp-alpha&cropN=0.04,0.08,0.92,.84"
TRD Sport i-FORCE MAX,Exterior,Ice Cap,Included,"https://tmnaassetscs.scene7.com/is/image/tmnaassetscs/vcr/live/vehicle/TOY/2025/tacoma/7530/812/58987a64bf715027ee66f4759088f448b3e3ded16e9f051dccde563dc9e31e9f.png?wid=1600&fmt=webp-alpha&cropN=0.04,0.08,0.92,.84"
TRD Sport i-FORCE MAX,Exterior,Wind Chill Pearl *,$475,"https://tmnaassetscs.scene7.com/is/image/tmnaassetscs/vcr/live/vehicle/TOY/2025/tacoma/7530/741/d5f39e25bd2e1e3484cd60ac7e5e8dfd7c847ff2e09a639f4e2620c8ba473511.png?wid=1600&fmt=webp-alpha&cropN=0.04,0.08,0.92,.84"
TRD Sport i-FORCE MAX,Exterior,Underground,Included,"https://tmnaassetscs.scene7.com/is/image/tmnaassetscs/vcr/live/vehicle/TOY/2025/tacoma/7530/184/d76eddd075434f0d9317f58d6c77c361fd6af30748fe1d270234f6fcc860a012.png?wid=1600&fmt=webp-alpha&cropN=0.04,0.08,0.92,.84"
TRD Sport i-FORCE MAX,Exterior,Blue Crush Metallic,Included,"https://tmnaassetscs.scene7.com/is/image/tmnaassetscs/vcr/live/vehicle/TOY/2025/tacoma/7530/474/bdbf3f923d3ea1e50a883055d581779a5a8feb6b4ffb2618a478146c5def3fc3.png?wid=1600&fmt=webp-alpha&cropN=0.04,0.08,0.92,.84"
TRD Sport i-FORCE MAX,Exterior,Black,Included,"https://tmnaassetscs.scene7.com/is/image/tmnaassetscs/vcr/live/vehicle/TOY/2025/tacoma/7530/924/7e936154b2e596d8a7b93af10b72aadcab82811ba47c63bc23ac01092ffec068.png?wid=1600&fmt=webp-alpha&cropN=0.04,0.08,0.92,.84"
TRD Sport i-FORCE MAX,Exterior,Supersonic Red *,$475,"https://tmnaassetscs.scene7.com/is/image/tmnaassetscs/vcr/live/vehicle/TOY/2025/tacoma/7530/952/3f12e93009c45ef68fbd9777fa4dd6e520f6b55431b6f58a9da803dc25c63ad6.png?wid=1600&fmt=webp-alpha&cropN=0.04,0.08,0.92,.84"
TRD Sport i-FORCE MAX,Interior,Boulder/Black Fabric w/Anodized Blue,Included,N/A
TRD Sport i-FORCE MAX,Interior,Black SofTex® *,Included,N/A
TRD Sport i-FORCE MAX,Interior,Boulder/Black Fabric w/Smoke Silver,Included,N/A
TRD Sport i-FORCE MAX,Engine,i-FORCE MAX 2.4L 4-Cyl. Turbo Hybrid Powertrain,Included,N/A
TRD Sport i-FORCE MAX,Transmission,8-Speed Automatic Transmission,Included,N/A
TRD Sport i-FORCE MAX,Drivetrain,4-Wheel Drive,Included,N/A
TRD Sport i-FORCE MAX,Add-On,Heated Front Seats,$585 MSRP,N/A
TRD Sport i-FORCE MAX,Add-On,14-in. Toyota Audio Multimedia display,$845 MSRP,N/A
TRD Sport i-FORCE MAX,Add-On,14-in. Toyota Audio Multimedia display (with TRD Sport Upgrade Package),$720 MSRP,N/A
TRD Sport i-FORCE MAX,Add-On,Moonroof,$850 MSRP,N/A
TRD Sport i-FORCE MAX,Add-On,Towing Technology Package,$850 MSRP,N/A
TRD Off-Road i-FORCE MAX,Exterior,Terra,Included,"https://tmnaassetscs.scene7.com/is/image/tmnaassetscs/vcr/live/vehicle/TOY/2025/tacoma/7532/621/7bc10a2d2a22c62e330f62484dbafe471708a54b0eb155c8390c68d979910459.png?wid=1600&fmt=webp-alpha&cropN=0.04,0.08,0.92,.84"
TRD Off-Road i-FORCE MAX,Exterior,Bronze Oxide,Included,"https://tmnaassetscs.scene7.com/is/image/tmnaassetscs/vcr/live/vehicle/TOY/2025/tacoma/7532/148/d43d5884aa6d724b9936fc583c42948643216eb1a0a740753247b1da9e7657f0.png?wid=1600&fmt=webp-alpha&cropN=0.04,0.08,0.92,.84"
TRD Off-Road i-FORCE MAX,Exterior,Celestial Silver Metallic,Included,"https://tmnaassetscs.scene7.com/is/image/tmnaassetscs/vcr/live/vehicle/TOY/2025/tacoma/7532/696/b11e3c189861c033beb7147552ea1255485725fc19404ddb775d1cd5b6b18004.png?wid=1600&fmt=webp-alpha&cropN=0.04,0.08,0.92,.84"
TRD Off-Road i-FORCE MAX,Exterior,Ice Cap,Included,"https://tmnaassetscs.scene7.com/is/image/tmnaassetscs/vcr/live/vehicle/TOY/2025/tacoma/7532/439/c5950bcf53ce243bbcbc2bb6b9e718d3a36d27ef5829f24f3004955b58d07d43.png?wid=1600&fmt=webp-alpha&cropN=0.04,0.08,0.92,.84"
TRD Off-Road i-FORCE MAX,Exterior,Underground,Included,"https://tmnaassetscs.scene7.com/is/image/tmnaassetscs/vcr/live/vehicle/TOY/2025/tacoma/7532/52/a5a8287cd9814c183b322144ff37b057a777a1dc558752a723158d07020d8336.png?wid=1600&fmt=webp-alpha&cropN=0.04,0.08,0.92,.84"
TRD Off-Road i-FORCE MAX,Exterior,Blue Crush Metallic,Included,"https://tmnaassetscs.scene7.com/is/image/tmnaassetscs/vcr/live/vehicle/TOY/2025/tacoma/7532/697/0036a3197c1c79d8ec9cc392f49c87a94c579d6c02c6021f5ed62c08082dca84.png?wid=1600&fmt=webp-alpha&cropN=0.04,0.08,0.92,.84"
TRD Off-Road i-FORCE MAX,Exterior,Black,Included,"https://tmnaassetscs.scene7.com/is/image/tmnaassetscs/vcr/live/vehicle/TOY/2025/tacoma/7532/233/02791f0918f409a86798a28ce1ae4bf153fb05e1acc3dee4ba123b85189cbaf3.png?wid=1600&fmt=webp-alpha&cropN=0.04,0.08,0.92,.84"
TRD Off-Road i-FORCE MAX,Exterior,Supersonic Red *,$475,"https://tmnaassetscs.scene7.com/is/image/tmnaassetscs/vcr/live/vehicle/TOY/2025/tacoma/7532/939/401cdf13a0b41181e2f7ca6d08c45b1c7c07877a39ef0e28405101699b3289d1.png?wid=1600&fmt=webp-alpha&cropN=0.04,0.08,0.92,.84"
TRD Off-Road i-FORCE MAX,Interior,Black SofTex® *,Included,N/A
TRD Off-Road i-FORCE MAX,Interior,Boulder/Black Fabric w/Smoke Silver,Included,N/A
TRD Off-Road i-FORCE MAX,Interior,Boulder/Black Fabric w/Anodized Blue,Included,N/A
TRD Off-Road i-FORCE MAX,Engine,i-FORCE MAX 2.4L 4-Cyl. Turbo Hybrid Powertrain,Included,N/A
TRD Off-Road i-FORCE MAX,Transmission,8-Speed Automatic Transmission,Included,N/A
TRD Off-Road i-FORCE MAX,Drivetrain,4-Wheel Drive,Included,N/A
TRD Off-Road i-FORCE MAX,Add-On,Heated Front Seats,$585 MSRP,N/A
TRD Off-Road i-FORCE MAX,Add-On,14-in. Toyota Audio Multimedia display,$845 MSRP,N/A
TRD Off-Road i-FORCE MAX,Add-On,14-in. Toyota Audio Multimedia display (with TRD Off-Road Upgrade Package),$720 MSRP,N/A
TRD Off-Road i-FORCE MAX,Add-On,Moonroof,$850 MSRP,N/A
TRD Off-Road i-FORCE MAX,Add-On,Stabilizer Disconnect Mechanism (SDM),"$1,230 MSRP",N/A
TRD Off-Road i-FORCE MAX,Add-On,Towing Technology Package,$850 MSRP,N/A
Limited,Exterior,Bronze Oxide,Included,"https://tmnaassetscs.scene7.com/is/image/tmnaassetscs/vcr/live/vehicle/TOY/2025/tacoma/7582/314/d05af2c2eb92326c39217dc5ad04e16fb32a48290d6c14784d6731f22a7680df.png?wid=1600&fmt=webp-alpha&cropN=0.04,0.08,0.92,.84"
Limited,Exterior,Celestial Silver Metallic,Included,"https://tmnaassetscs.scene7.com/is/image/tmnaassetscs/vcr/live/vehicle/TOY/2025/tacoma/7582/790/1c13ae0e432c95879c87f414d686f0ccae68ae1ae0a529de666444cec8854e49.png?wid=1600&fmt=webp-alpha&cropN=0.04,0.08,0.92,.84"
Limited,Exterior,Wind Chill Pearl *,$475,"https://tmnaassetscs.scene7.com/is/image/tmnaassetscs/vcr/live/vehicle/TOY/2025/tacoma/7582/771/33f8b6eb1897e763769f95d70847e73032653ae1be3ca91b7313b1a441921f7d.png?wid=1600&fmt=webp-alpha&cropN=0.04,0.08,0.92,.84"
Limited,Exterior,Underground,Included,"https://tmnaassetscs.scene7.com/is/image/tmnaassetscs/vcr/live/vehicle/TOY/2025/tacoma/7582/810/d0f69c5a96daae71a6e32b6b6d82c5202e7554a364e54072eabb203e1a12a1e1.png?wid=1600&fmt=webp-alpha&cropN=0.04,0.08,0.92,.84"
Limited,Exterior,Blue Crush Metallic,Included,"https://tmnaassetscs.scene7.com/is/image/tmnaassetscs/vcr/live/vehicle/TOY/2025/tacoma/7582/123/2f322ba36f6002453b0f505d4ddddff49ee8e6071c1db8f8f94e51cef00be5fd.png?wid=1600&fmt=webp-alpha&cropN=0.04,0.08,0.92,.84"
Limited,Exterior,Black,Included,"https://tmnaassetscs.scene7.com/is/image/tmnaassetscs/vcr/live/vehicle/TOY/2025/tacoma/7582/599/c16bc96753b81b462928ce018744d8c1f954392775295d8b61e1956d8ed534dd.png?wid=1600&fmt=webp-alpha&cropN=0.04,0.08,0.92,.84"
Limited,Exterior,Supersonic Red *,$475,"https://tmnaassetscs.scene7.com/is/image/tmnaassetscs/vcr/live/vehicle/TOY/2025/tacoma/7582/565/4e3664adeccb98979579e7b7dae2c59ab6d4f9a4c75be188a4752ec80c73476b.png?wid=1600&fmt=webp-alpha&cropN=0.04,0.08,0.92,.84"
Limited,Interior,Black SofTex® *,Included,N/A
Limited,Interior,Boulder SofTex® *,Included,N/A
Limited,Engine,i-FORCE 2.4L 4-Cyl. Turbo Engine,Included,N/A
Limited,Transmission,8-Speed Automatic Transmission,Included,N/A
Limited,Drivetrain,4-Wheel Drive,Included,N/A
Limited,Add-On,Towing Technology Package,$850 MSRP,N/A
Limited i-FORCE MAX,Exterior,Bronze Oxide,Included,"https://tmnaassetscs.scene7.com/is/image/tmnaassetscs/vcr/live/vehicle/TOY/2025/tacoma/7534/93/f99213bd2b60ae7565bad335994a5503aaac7219435cbd3b2f747b94a2dafb17.png?wid=1600&fmt=webp-alpha&cropN=0.04,0.08,0.92,.84"
Limited i-FORCE MAX,Exterior,Celestial Silver Metallic,Included,"https://tmnaassetscs.scene7.com/is/image/tmnaassetscs/vcr/live/vehicle/TOY/2025/tacoma/7534/670/909a1b6ea4d6a991f0a015e165309aabbd7c34a790b0db3b0e365d7b5388be1c.png?wid=1600&fmt=webp-alpha&cropN=0.04,0.08,0.92,.84"
Limited i-FORCE MAX,Exterior,Wind Chill Pearl *,$475,"https://tmnaassetscs.scene7.com/is/image/tmnaassetscs/vcr/live/vehicle/TOY/2025/tacoma/7534/313/53e07289a0fbce740c77efabda0f4f9bb0ef0aefa196055714a249a4d9bebcba.png?wid=1600&fmt=webp-alpha&cropN=0.04,0.08,0.92,.84"
Limited i-FORCE MAX,Exterior,Underground,Included,"https://tmnaassetscs.scene7.com/is/image/tmnaassetscs/vcr/live/vehicle/TOY/2025/tacoma/7534/115/12793823386c7ee84881d51bee80a30a286f53bacf9545035423bd118f337431.png?wid=1600&fmt=webp-alpha&cropN=0.04,0.08,0.92,.84"
Limited i-FORCE MAX,Exterior,Blue Crush Metallic,Included,"https://tmnaassetscs.scene7.com/is/image/tmnaassetscs/vcr/live/vehicle/TOY/2025/tacoma/7534/261/a9850d8da6add8f509f865bd9839b09c25c0f6e8802e938a961d7fd4f54eca73.png?wid=1600&fmt=webp-alpha&cropN=0.04,0.08,0.92,.84"
Limited i-FORCE MAX,Exterior,Black,Included,"https://tmnaassetscs.scene7.com/is/image/tmnaassetscs/vcr/live/vehicle/TOY/2025/tacoma/7534/965/1366e34db33a5d6f34dab09ce2312ebf30e1d4f4c8a81afdcdc932ecde010246.png?wid=1600&fmt=webp-alpha&cropN=0.04,0.08,0.92,.84"
Limited i-FORCE MAX,Exterior,Supersonic Red *,$475,"https://tmnaassetscs.scene7.com/is/image/tmnaassetscs/vcr/live/vehicle/TOY/2025/tacoma/7534/490/f6c898f27ac44a4c9fc3180ab7a3c5ac6797ae39f65534b449271b4bbed2f979.png?wid=1600&fmt=webp-alpha&cropN=0.04,0.08,0.92,.84"
Limited i-FORCE MAX,Interior,Black SofTex® *,Included,N/A
Limited i-FORCE MAX,Interior,Boulder SofTex® *,Included,N/A
Limited i-FORCE MAX,Engine,i-FORCE MAX 2.4L 4-Cyl. Turbo Hybrid Powertrain,Included,N/A
Limited i-FORCE MAX,Transmission,8-Speed Automatic Transmission,Included,N/A
Limited i-FORCE MAX,Drivetrain,4-Wheel Drive,Included,N/A
Limited i-FORCE MAX,Add-On,Towing Technology Package,$850 MSRP,N/A
Trailhunter,Exterior,Bronze Oxide,Included,"https://tmnaassetscs.scene7.com/is/image/tmnaassetscs/vcr/live/vehicle/TOY/2025/tacoma/7536/818/e880814a3cb0f54f91d4eae295cbda975de35b1cfff49bc3f3a6f1ef75a3ffcf.png?wid=1600&fmt=webp-alpha&cropN=0.04,0.08,0.92,.84"
Trailhunter,Exterior,Celestial Silver Metallic,Included,"https://tmnaassetscs.scene7.com/is/image/tmnaassetscs/vcr/live/vehicle/TOY/2025/tacoma/7536/32/175bf3500dbdb7fbdc8bf42d4eebdb58ed0a187d43551e224667c566a6c05a89.png?wid=1600&fmt=webp-alpha&cropN=0.04,0.08,0.92,.84"
Trailhunter,Exterior,Ice Cap,Included,"https://tmnaassetscs.scene7.com/is/image/tmnaassetscs/vcr/live/vehicle/TOY/2025/tacoma/7536/566/ec1789be72917d3e69eff8cbb3742b8f8afe258e34bad1d72305c309a9bf83c9.png?wid=1600&fmt=webp-alpha&cropN=0.04,0.08,0.92,.84"
Trailhunter,Exterior,Underground,Included,"https://tmnaassetscs.scene7.com/is/image/tmnaassetscs/vcr/live/vehicle/TOY/2025/tacoma/7536/546/8fadab9a25c7036d3d3fd5ae4656d41ddf198a021a99e42ca43ec07e3068fda7.png?wid=1600&fmt=webp-alpha&cropN=0.04,0.08,0.92,.84"
Trailhunter,Exterior,Black,Included,"https://tmnaassetscs.scene7.com/is/image/tmnaassetscs/vcr/live/vehicle/TOY/2025/tacoma/7536/314/6c1915d24ffa6636c6b59f51c568a114a3a3c2b74210c671afac051bb2c3305a.png?wid=1600&fmt=webp-alpha&cropN=0.04,0.08,0.92,.84"
Trailhunter,Interior,Mineral SofTex® *,Included,N/A
Trailhunter,Engine,i-FORCE MAX 2.4L 4-Cyl. Turbo Hybrid Powertrain,Included,N/A
Trailhunter,Transmission,8-Speed Automatic Transmission,Included,N/A
Trailhunter,Drivetrain,4-Wheel Drive,Included,N/A
Trailhunter,Add-On,Towing Technology Package,$850 MSRP,N/A
TRD Pro,Exterior,Mudbath with Black roof,Included,"https://tmnaassetscs.scene7.com/is/image/tmnaassetscs/vcr/live/vehicle/TOY/2025/tacoma/7598/895/7a366fb7d3a669735ccb14c78f2e2b6f740cdc99bc2adb7e214539ab93fb6437.png?wid=1600&fmt=webp-alpha&cropN=0.04,0.08,0.92,.84"
TRD Pro,Exterior,Ice Cap with Black roof,Included,"https://tmnaassetscs.scene7.com/is/image/tmnaassetscs/vcr/live/vehicle/TOY/2025/tacoma/7598/754/8f907bc28a24238d5ceda5d7ac8c47541e7b253b39d966e0c033ad3a443edd35.png?wid=1600&fmt=webp-alpha&cropN=0.04,0.08,0.92,.84"
TRD Pro,Exterior,Underground with Black roof,Included,"https://tmnaassetscs.scene7.com/is/image/tmnaassetscs/vcr/live/vehicle/TOY/2025/tacoma/7598/526/37b706163d407403f9597af8bd4933a0f94155ad850b369dd0ccf35909a79961.png?wid=1600&fmt=webp-alpha&cropN=0.04,0.08,0.92,.84"
TRD Pro,Exterior,Black,Included,"https://tmnaassetscs.scene7.com/is/image/tmnaassetscs/vcr/live/vehicle/TOY/2025/tacoma/7598/185/f1b89a51696c0bd00314085642529fbfbb48eb09a7deda5053671c0523435bc5.png?wid=1600&fmt=webp-alpha&cropN=0.04,0.08,0.92,.84"
TRD Pro,Interior,Black SofTex® *,Included,N/A
TRD Pro,Interior,Cockpit Red SofTex® *,Included,N/A
TRD Pro,Engine,i-FORCE MAX 2.4L 4-Cyl. Turbo Hybrid Powertrain,Included,N/A
TRD Pro,Transmission,8-Speed Automatic Transmission,Included,N/A
TRD Pro,Drivetrain,4-Wheel Drive,Included,N/A
TRD Pro,Add-On,Towing Technology Package,$850 MSRP,N/A
