Model Name,MSRP,Build URL,Image URL,MPG
LE,"$35,070",https://www.toyota.com/configurator/build/step/model/year/2024/series/venza/model/2810/?bap_guid=cbfabb92-e9a1-47df-94fc-fe3945081c6a,"https://tmnaassetscs.scene7.com/is/image/tmnaassetscs/vcr/live/vehicle/TOY/2024/venza/2810/240/d0049130c3467754f45946665b7aac9eb8243b503d1798c3f9726678b0f8c0ec.png?wid=750&fmt=webp-alpha&cropN=0.1,0.16,0.78,0.8",40/37
XLE,"$39,280",https://www.toyota.com/configurator/build/step/model/year/2024/series/venza/model/2820/?bap_guid=cbfabb92-e9a1-47df-94fc-fe3945081c6a,"https://tmnaassetscs.scene7.com/is/image/tmnaassetscs/vcr/live/vehicle/TOY/2024/venza/2820/65/9b1cdd01bd4bf0fb8ca29f67e9241e13cf7bee9182b28e69a6b594fa70446dbc.png?wid=750&fmt=webp-alpha&cropN=0.1,0.16,0.78,0.8",40/37
Nightshade Edition,"$39,980",https://www.toyota.com/configurator/build/step/model/year/2024/series/venza/model/2825/?bap_guid=cbfabb92-e9a1-47df-94fc-fe3945081c6a,"https://tmnaassetscs.scene7.com/is/image/tmnaassetscs/vcr/live/vehicle/TOY/2024/venza/2825/277/7d27e01d5a60a7bf99de9bec851376201cc5f72f083f7cb13c77c7040e3cd69d.png?wid=750&fmt=webp-alpha&cropN=0.1,0.16,0.78,0.8",40/37
Limited,"$43,215",https://www.toyota.com/configurator/build/step/model/year/2024/series/venza/model/2830/?bap_guid=cbfabb92-e9a1-47df-94fc-fe3945081c6a,"https://tmnaassetscs.scene7.com/is/image/tmnaassetscs/vcr/live/vehicle/TOY/2024/venza/2830/828/7f00921408520cb9134132e63e4f247b21a0c8898fdf86608eece5c93807b88d.png?wid=750&fmt=webp-alpha&cropN=0.1,0.16,0.78,0.8",40/37
