Model,Category,Name,Price/Details,Image URL
Hybrid LE,Exterior,Blueprint,Included,"https://tmnaassetscs.scene7.com/is/image/tmnaassetscs/vcr/live/vehicle/TOY/2025/corollahybrid/1882/74/1ac06b9a7bea3a468bb3355c95e64f8687e0393d621b8f1fb1080c51d3a96a85.png?wid=1600&fmt=webp-alpha&cropN=0.04,0.08,0.92,.84"
Hybrid LE,Exterior,Wind Chill Pearl *,$475,"https://tmnaassetscs.scene7.com/is/image/tmnaassetscs/vcr/live/vehicle/TOY/2025/corollahybrid/1882/802/864f29128b4644e8514db6ad0b0f5540d7555fd947d6e98c2428aea55095a01a.png?wid=1600&fmt=webp-alpha&cropN=0.04,0.08,0.92,.84"
Hybrid LE,Exterior,Ice Cap,Included,"https://tmnaassetscs.scene7.com/is/image/tmnaassetscs/vcr/live/vehicle/TOY/2025/corollahybrid/1882/463/3460744fdb4ef2faeefd56e55bb0769a91813eb2aaff5e5439cb409a9a0a1e96.png?wid=1600&fmt=webp-alpha&cropN=0.04,0.08,0.92,.84"
Hybrid LE,Exterior,Ruby Flare Pearl *,$475,"https://tmnaassetscs.scene7.com/is/image/tmnaassetscs/vcr/live/vehicle/TOY/2025/corollahybrid/1882/320/a2e3d580b3d3cc1435ec09a5fa431701bb17b36f003eadff4a063ed197c0b113.png?wid=1600&fmt=webp-alpha&cropN=0.04,0.08,0.92,.84"
Hybrid LE,Exterior,Classic Silver Metallic,Included,"https://tmnaassetscs.scene7.com/is/image/tmnaassetscs/vcr/live/vehicle/TOY/2025/corollahybrid/1882/52/4c2ee664b560731a0a48be48e4f25986cd877c4788e4ffe09204a274459deff4.png?wid=1600&fmt=webp-alpha&cropN=0.04,0.08,0.92,.84"
Hybrid LE,Exterior,Celestite,Included,"https://tmnaassetscs.scene7.com/is/image/tmnaassetscs/vcr/live/vehicle/TOY/2025/corollahybrid/1882/97/eb83a0a14bc5cf003a5f94bf9e282d2e7d8b72b39866d3e7e2c3c0c37666fae6.png?wid=1600&fmt=webp-alpha&cropN=0.04,0.08,0.92,.84"
Hybrid LE,Exterior,Midnight Black Metallic,Included,"https://tmnaassetscs.scene7.com/is/image/tmnaassetscs/vcr/live/vehicle/TOY/2025/corollahybrid/1882/180/3925d6fc9c18d74abca586d05eda2d4b4db09ed0ce94b8a256124919507a74d6.png?wid=1600&fmt=webp-alpha&cropN=0.04,0.08,0.92,.84"
Hybrid LE,Exterior,Underground,Included,"https://tmnaassetscs.scene7.com/is/image/tmnaassetscs/vcr/live/vehicle/TOY/2025/corollahybrid/1882/459/38847f63daf2be9266472c711ff4991b7afa5dde9064b6a9239277bef220b1a1.png?wid=1600&fmt=webp-alpha&cropN=0.04,0.08,0.92,.84"
Hybrid LE,Interior,Light Gray Fabric,Included,N/A
Hybrid LE,Interior,Black Fabric,Included,N/A
Hybrid LE,Engine,1.8L 4-Cyl. Hybrid Engine,Included,N/A
Hybrid LE,Transmission,Electronically controlled Continuously Variable Transmission (ECVT),Included,N/A
Hybrid LE,Drivetrain,Front-Wheel Drive,Included,N/A
Hybrid LE,Drivetrain,All-Wheel Drive,"$1,400 MSRP",N/A
Hybrid SE,Exterior,Blueprint,Included,"https://tmnaassetscs.scene7.com/is/image/tmnaassetscs/vcr/live/vehicle/TOY/2025/corollahybrid/1886/768/7d215e107ce6b278010c9e01e9f51f1aa53a30768fbf2805a48821c5f748f454.png?wid=1600&fmt=webp-alpha&cropN=0.04,0.08,0.92,.84"
Hybrid SE,Exterior,Wind Chill Pearl *,$475,"https://tmnaassetscs.scene7.com/is/image/tmnaassetscs/vcr/live/vehicle/TOY/2025/corollahybrid/1886/15/6a75ff7f405a54c1cf7f90fef92033a607789cce636354bd85a04ed7e94dd441.png?wid=1600&fmt=webp-alpha&cropN=0.04,0.08,0.92,.84"
Hybrid SE,Exterior,Ice Cap,Included,"https://tmnaassetscs.scene7.com/is/image/tmnaassetscs/vcr/live/vehicle/TOY/2025/corollahybrid/1886/335/fdc615b7cad01ac2be611c5adcbc6dd58555a4800b6f98178fc252aaac41a6a7.png?wid=1600&fmt=webp-alpha&cropN=0.04,0.08,0.92,.84"
Hybrid SE,Exterior,Ruby Flare Pearl *,$475,"https://tmnaassetscs.scene7.com/is/image/tmnaassetscs/vcr/live/vehicle/TOY/2025/corollahybrid/1886/152/9e0db000bc68a593906755ea578936a880292eea245074d6aea5af58bf61ef19.png?wid=1600&fmt=webp-alpha&cropN=0.04,0.08,0.92,.84"
Hybrid SE,Exterior,Classic Silver Metallic,Included,"https://tmnaassetscs.scene7.com/is/image/tmnaassetscs/vcr/live/vehicle/TOY/2025/corollahybrid/1886/552/b9596908d0f4b7b0fde0b822be6dac446acb69e7445661d43f245650f12cd0dd.png?wid=1600&fmt=webp-alpha&cropN=0.04,0.08,0.92,.84"
Hybrid SE,Exterior,Celestite,Included,"https://tmnaassetscs.scene7.com/is/image/tmnaassetscs/vcr/live/vehicle/TOY/2025/corollahybrid/1886/283/f27f74f31b6b7e2f7b9efcf8d46ea2c33bbf3cb914837572ee3b7fd56618cf27.png?wid=1600&fmt=webp-alpha&cropN=0.04,0.08,0.92,.84"
Hybrid SE,Exterior,Midnight Black Metallic,Included,"https://tmnaassetscs.scene7.com/is/image/tmnaassetscs/vcr/live/vehicle/TOY/2025/corollahybrid/1886/327/1926449796c16acc85d0d94bdef7e536f734bbb9ce35e115582fee14e92f431b.png?wid=1600&fmt=webp-alpha&cropN=0.04,0.08,0.92,.84"
Hybrid SE,Exterior,Underground,Included,"https://tmnaassetscs.scene7.com/is/image/tmnaassetscs/vcr/live/vehicle/TOY/2025/corollahybrid/1886/200/bdcb96a8dd4e6e23200d416caf2f36c5a5c94d8e82a8d70a49cb7b220529ff1a.png?wid=1600&fmt=webp-alpha&cropN=0.04,0.08,0.92,.84"
Hybrid SE,Interior,Black/Red Premium Fabric,Included,N/A
Hybrid SE,Interior,Moonstone Premium Fabric,Included,N/A
Hybrid SE,Engine,1.8L 4-Cyl. Hybrid Engine,Included,N/A
Hybrid SE,Transmission,Electronically controlled Continuously Variable Transmission (ECVT),Included,N/A
Hybrid SE,Drivetrain,Front-Wheel Drive,Included,N/A
Hybrid SE,Drivetrain,All-Wheel Drive,"$1,400 MSRP",N/A
Hybrid XLE,Exterior,Blueprint,Included,"https://tmnaassetscs.scene7.com/is/image/tmnaassetscs/vcr/live/vehicle/TOY/2025/corollahybrid/1892/547/168aed9b551bb6feb7910c418e4cd28fb4f21f7eedb0c13ecbbd95ac3eaf6fde.png?wid=1600&fmt=webp-alpha&cropN=0.04,0.08,0.92,.84"
Hybrid XLE,Exterior,Wind Chill Pearl *,$475,"https://tmnaassetscs.scene7.com/is/image/tmnaassetscs/vcr/live/vehicle/TOY/2025/corollahybrid/1892/251/4480617b0b9df126e6c49aad63324dd316f5c5cafa697f45279748cae4fed2f3.png?wid=1600&fmt=webp-alpha&cropN=0.04,0.08,0.92,.84"
Hybrid XLE,Exterior,Ice Cap,Included,"https://tmnaassetscs.scene7.com/is/image/tmnaassetscs/vcr/live/vehicle/TOY/2025/corollahybrid/1892/969/39e522d1e3aba9615d080c664e33b94c473362e1b6750ffcb76497fd541c2585.png?wid=1600&fmt=webp-alpha&cropN=0.04,0.08,0.92,.84"
Hybrid XLE,Exterior,Ruby Flare Pearl *,$475,"https://tmnaassetscs.scene7.com/is/image/tmnaassetscs/vcr/live/vehicle/TOY/2025/corollahybrid/1892/493/dafd64c506a17d6e34cfac964853144eb3ec79611614a67b30fd2b8c96d45356.png?wid=1600&fmt=webp-alpha&cropN=0.04,0.08,0.92,.84"
Hybrid XLE,Exterior,Classic Silver Metallic,Included,"https://tmnaassetscs.scene7.com/is/image/tmnaassetscs/vcr/live/vehicle/TOY/2025/corollahybrid/1892/763/66ab17bbad67a203a22d94a41e41db735eb12f06a34fca06c584bf41a5b486e8.png?wid=1600&fmt=webp-alpha&cropN=0.04,0.08,0.92,.84"
Hybrid XLE,Exterior,Celestite,Included,"https://tmnaassetscs.scene7.com/is/image/tmnaassetscs/vcr/live/vehicle/TOY/2025/corollahybrid/1892/840/15b0a3f0221788a1189a9fe238a8a35814fd0580120824adf30ceddac264ee76.png?wid=1600&fmt=webp-alpha&cropN=0.04,0.08,0.92,.84"
Hybrid XLE,Exterior,Midnight Black Metallic,Included,"https://tmnaassetscs.scene7.com/is/image/tmnaassetscs/vcr/live/vehicle/TOY/2025/corollahybrid/1892/899/da2cdf8b8ec6dee396ea32db61c8537f10f9901ba5578c017a8274ed5d9ad6ad.png?wid=1600&fmt=webp-alpha&cropN=0.04,0.08,0.92,.84"
Hybrid XLE,Exterior,Underground,Included,"https://tmnaassetscs.scene7.com/is/image/tmnaassetscs/vcr/live/vehicle/TOY/2025/corollahybrid/1892/147/422385531aab9fa0895b4e362fc5dadacf5132915e4d38387d1cceb3d4efd62f.png?wid=1600&fmt=webp-alpha&cropN=0.04,0.08,0.92,.84"
Hybrid XLE,Interior,Black SofTex® *,Included,N/A
Hybrid XLE,Interior,Macadamia/Mocha SofTex® *,Included,N/A
Hybrid XLE,Engine,1.8L 4-Cyl. Hybrid Engine,Included,N/A
Hybrid XLE,Transmission,Electronically controlled Continuously Variable Transmission (ECVT),Included,N/A
Hybrid XLE,Drivetrain,Front-Wheel Drive,Included,N/A
