Model,Category,Name,Price/Details,Image URL
Hybrid XLE,Exterior,Storm Cloud,Included,"https://tmnaassetscs.scene7.com/is/image/tmnaassetscs/vcr/live/vehicle/TOY/2024/grandhighlanderhybrid/6716/638/62f22dee84e0b438382cc1eba648821523b3ff9090aed152cc36d97b6b063f6e.png?wid=1600&fmt=webp-alpha&cropN=0.04,0.08,0.92,.84"
Hybrid XLE,Exterior,Wind Chill Pearl *,$425,"https://tmnaassetscs.scene7.com/is/image/tmnaassetscs/vcr/live/vehicle/TOY/2024/grandhighlanderhybrid/6716/207/376d45efe003d20f832e5cb6a71ec08ccea8afdbe9312918973445689c0a024e.png?wid=1600&fmt=webp-alpha&cropN=0.04,0.08,0.92,.84"
Hybrid XLE,Exterior,Coastal Cream,Included,"https://tmnaassetscs.scene7.com/is/image/tmnaassetscs/vcr/live/vehicle/TOY/2024/grandhighlanderhybrid/6716/510/f3e3b50e94963d7e6dbda66e4ce670150a37d8d15d277f4e25431a71eba55633.png?wid=1600&fmt=webp-alpha&cropN=0.04,0.08,0.92,.84"
Hybrid XLE,Exterior,Celestial Silver Metallic,Included,"https://tmnaassetscs.scene7.com/is/image/tmnaassetscs/vcr/live/vehicle/TOY/2024/grandhighlanderhybrid/6716/138/99f0f3f28eb70c9ba622b58734310b4150d610f846838fa78c6d96b08816dc3d.png?wid=1600&fmt=webp-alpha&cropN=0.04,0.08,0.92,.84"
Hybrid XLE,Exterior,Ruby Flare Pearl *,$425,"https://tmnaassetscs.scene7.com/is/image/tmnaassetscs/vcr/live/vehicle/TOY/2024/grandhighlanderhybrid/6716/72/83d1ca28a2bfa4b5d67623d0a5b134c6bd092d56817c11719111e9fb2d58860d.png?wid=1600&fmt=webp-alpha&cropN=0.04,0.08,0.92,.84"
Hybrid XLE,Exterior,Blueprint,Included,"https://tmnaassetscs.scene7.com/is/image/tmnaassetscs/vcr/live/vehicle/TOY/2024/grandhighlanderhybrid/6716/69/8072d42de718d34243b24e6b21b6e68b25059389211927517cdc8b1f7779e99f.png?wid=1600&fmt=webp-alpha&cropN=0.04,0.08,0.92,.84"
Hybrid XLE,Exterior,Midnight Black Metallic,Included,"https://tmnaassetscs.scene7.com/is/image/tmnaassetscs/vcr/live/vehicle/TOY/2024/grandhighlanderhybrid/6716/38/7fde92eedfe9b4bffc087276e6820c0a511450828d463875bcacbfa83c35e59f.png?wid=1600&fmt=webp-alpha&cropN=0.04,0.08,0.92,.84"
Hybrid XLE,Interior,Black SofTex®,Included,N/A
Hybrid XLE,Interior,Light Gray SofTex®,Included,N/A
Hybrid XLE,Engine,2.5L 4-Cyl. Hybrid Engine,Included,N/A
Hybrid XLE,Transmission,Electronically Controlled Continuously Variable Transmission (ECVT),Included,N/A
Hybrid XLE,Drivetrain,Front-Wheel Drive,Included,N/A
Hybrid XLE,Drivetrain,All-Wheel Drive,"$1,600 MSRP",N/A
Hybrid XLE,Add-On,Bench Seat,No Additional Cost,N/A
Hybrid XLE,Add-On,Panoramic Moonroof,"$1,350 MSRP",N/A
Hybrid Limited,Exterior,Storm Cloud,Included,"https://tmnaassetscs.scene7.com/is/image/tmnaassetscs/vcr/live/vehicle/TOY/2024/grandhighlanderhybrid/6724/832/dca7d6103e4412f637fe7b35f8e7010119e996d338a402fd0c7f1897d5158579.png?wid=1600&fmt=webp-alpha&cropN=0.04,0.08,0.92,.84"
Hybrid Limited,Exterior,Wind Chill Pearl *,$425,"https://tmnaassetscs.scene7.com/is/image/tmnaassetscs/vcr/live/vehicle/TOY/2024/grandhighlanderhybrid/6724/612/451b08bc72ca36592e9f851500866c3f03c9bf58c07cc342f4f4d775dc58b25a.png?wid=1600&fmt=webp-alpha&cropN=0.04,0.08,0.92,.84"
Hybrid Limited,Exterior,Coastal Cream,Included,"https://tmnaassetscs.scene7.com/is/image/tmnaassetscs/vcr/live/vehicle/TOY/2024/grandhighlanderhybrid/6724/187/311ca663a3019957b42965ace587b33155ca386f5394705a3b89401b47dcc0b4.png?wid=1600&fmt=webp-alpha&cropN=0.04,0.08,0.92,.84"
Hybrid Limited,Exterior,Celestial Silver Metallic,Included,"https://tmnaassetscs.scene7.com/is/image/tmnaassetscs/vcr/live/vehicle/TOY/2024/grandhighlanderhybrid/6724/160/18f1d610ec1887f9f5c504ade1c76701730c320efc3f44a2020abe74caf49cfe.png?wid=1600&fmt=webp-alpha&cropN=0.04,0.08,0.92,.84"
Hybrid Limited,Exterior,Ruby Flare Pearl *,$425,"https://tmnaassetscs.scene7.com/is/image/tmnaassetscs/vcr/live/vehicle/TOY/2024/grandhighlanderhybrid/6724/964/f0e5a97400313ffc67668765b3fc732240e4c29f6102bc5f7877b81ae08cbe90.png?wid=1600&fmt=webp-alpha&cropN=0.04,0.08,0.92,.84"
Hybrid Limited,Exterior,Blueprint,Included,"https://tmnaassetscs.scene7.com/is/image/tmnaassetscs/vcr/live/vehicle/TOY/2024/grandhighlanderhybrid/6724/273/1858ceb9d9f1535680c09c1b471f0c7a1ef854f0fff8a067ab1a7b78f0f04bbd.png?wid=1600&fmt=webp-alpha&cropN=0.04,0.08,0.92,.84"
Hybrid Limited,Exterior,Midnight Black Metallic,Included,"https://tmnaassetscs.scene7.com/is/image/tmnaassetscs/vcr/live/vehicle/TOY/2024/grandhighlanderhybrid/6724/905/0576d1495d042ae3bdbba522706e2db828c418773a4147f55b9d50d50dee7344.png?wid=1600&fmt=webp-alpha&cropN=0.04,0.08,0.92,.84"
Hybrid Limited,Interior,Black Leather,Included,N/A
Hybrid Limited,Interior,Light Gray Leather,Included,N/A
Hybrid Limited,Engine,2.5L 4-Cyl. Hybrid Engine,Included,N/A
Hybrid Limited,Transmission,Electronically Controlled Continuously Variable Transmission (ECVT),Included,N/A
Hybrid Limited,Drivetrain,All-Wheel Drive,Included,N/A
Hybrid Limited,Add-On,Bench Seat,No Additional Cost,N/A
Hybrid Limited,Add-On,Panoramic View Monitor,$600 MSRP,N/A
Hybrid Limited,Add-On,Panoramic Moonroof,"$1,350 MSRP",N/A
Hybrid MAX Limited,Exterior,Storm Cloud,Included,"https://tmnaassetscs.scene7.com/is/image/tmnaassetscs/vcr/live/vehicle/TOY/2024/grandhighlanderhybrid/6730/953/f296ff019972f47f608a3b08210c225e80a38fd66231bcd5c96cb3a1a89651c7.png?wid=1600&fmt=webp-alpha&cropN=0.04,0.08,0.92,.84"
Hybrid MAX Limited,Exterior,Wind Chill Pearl *,$425,"https://tmnaassetscs.scene7.com/is/image/tmnaassetscs/vcr/live/vehicle/TOY/2024/grandhighlanderhybrid/6730/670/1e0943d67c3b3fc13daf32e01290c576bb5eba447589e597e7c738467e331874.png?wid=1600&fmt=webp-alpha&cropN=0.04,0.08,0.92,.84"
Hybrid MAX Limited,Exterior,Coastal Cream,Included,"https://tmnaassetscs.scene7.com/is/image/tmnaassetscs/vcr/live/vehicle/TOY/2024/grandhighlanderhybrid/6730/64/ba1bb938087ad19742fdb6b9b6dbaa0ca6e621012cced8b917685344c78671d6.png?wid=1600&fmt=webp-alpha&cropN=0.04,0.08,0.92,.84"
Hybrid MAX Limited,Exterior,Celestial Silver Metallic,Included,"https://tmnaassetscs.scene7.com/is/image/tmnaassetscs/vcr/live/vehicle/TOY/2024/grandhighlanderhybrid/6730/563/08eccc73b07879a8980482eb50dc0a89119e84690ccde0e4409dfb55698e7b79.png?wid=1600&fmt=webp-alpha&cropN=0.04,0.08,0.92,.84"
Hybrid MAX Limited,Exterior,Ruby Flare Pearl *,$425,"https://tmnaassetscs.scene7.com/is/image/tmnaassetscs/vcr/live/vehicle/TOY/2024/grandhighlanderhybrid/6730/588/61d4e2948a533c19c4661dec2cc4aadde1f01eb4df8886c4747d81230a46fdba.png?wid=1600&fmt=webp-alpha&cropN=0.04,0.08,0.92,.84"
Hybrid MAX Limited,Exterior,Blueprint,Included,"https://tmnaassetscs.scene7.com/is/image/tmnaassetscs/vcr/live/vehicle/TOY/2024/grandhighlanderhybrid/6730/907/e3fec243d086c40d00bd3a59f02a3e5e58d493236fb75ce190e6ba55834abe17.png?wid=1600&fmt=webp-alpha&cropN=0.04,0.08,0.92,.84"
Hybrid MAX Limited,Exterior,Midnight Black Metallic,Included,"https://tmnaassetscs.scene7.com/is/image/tmnaassetscs/vcr/live/vehicle/TOY/2024/grandhighlanderhybrid/6730/149/c59fb90de13ae904187f9bdd3daeb67edc5db1988fcd21e5600f242ba5eedd35.png?wid=1600&fmt=webp-alpha&cropN=0.04,0.08,0.92,.84"
Hybrid MAX Limited,Interior,Black Leather and Ultrasuede®,Included,N/A
Hybrid MAX Limited,Interior,Light Gray Leather and Ultrasuede®,Included,N/A
Hybrid MAX Limited,Engine,2.4L 4-Cyl. Turbo Hybrid MAX Engine,Included,N/A
Hybrid MAX Limited,Transmission,Direct Shift 6-Speed Automatic Transmission,Included,N/A
Hybrid MAX Limited,Drivetrain,All-Wheel Drive,Included,N/A
Hybrid MAX Limited,Add-On,Panoramic View Monitor,$600 MSRP,N/A
Hybrid MAX Limited,Add-On,Panoramic Moonroof,"$1,350 MSRP",N/A
Hybrid MAX Platinum,Exterior,Storm Cloud,Included,"https://tmnaassetscs.scene7.com/is/image/tmnaassetscs/vcr/live/vehicle/TOY/2024/grandhighlanderhybrid/6732/14/935e22ae6869a79a4a072e807a281b38f3e828b59a14d9c7344be22fc8e324c6.png?wid=1600&fmt=webp-alpha&cropN=0.04,0.08,0.92,.84"
Hybrid MAX Platinum,Exterior,Wind Chill Pearl *,$425,"https://tmnaassetscs.scene7.com/is/image/tmnaassetscs/vcr/live/vehicle/TOY/2024/grandhighlanderhybrid/6732/11/49eee5338b88ddcda7381b7e09d245a9d4cecf3e7d1ec6b110fcc2a8968339e6.png?wid=1600&fmt=webp-alpha&cropN=0.04,0.08,0.92,.84"
Hybrid MAX Platinum,Exterior,Coastal Cream,Included,"https://tmnaassetscs.scene7.com/is/image/tmnaassetscs/vcr/live/vehicle/TOY/2024/grandhighlanderhybrid/6732/333/395aca45b1c539187dd2f40dc6079a85ce8fe6304bd6e4a1b5efc1db8e9bca72.png?wid=1600&fmt=webp-alpha&cropN=0.04,0.08,0.92,.84"
Hybrid MAX Platinum,Exterior,Celestial Silver Metallic,Included,"https://tmnaassetscs.scene7.com/is/image/tmnaassetscs/vcr/live/vehicle/TOY/2024/grandhighlanderhybrid/6732/383/19c8783ffa743c4732a13861a8662f11ed9c1f5469724706e0b8e77e290f12cf.png?wid=1600&fmt=webp-alpha&cropN=0.04,0.08,0.92,.84"
Hybrid MAX Platinum,Exterior,Ruby Flare Pearl *,$425,"https://tmnaassetscs.scene7.com/is/image/tmnaassetscs/vcr/live/vehicle/TOY/2024/grandhighlanderhybrid/6732/596/3d69df34a0fd73bf3bad24d1698ce56401ecd89551c06d58ed871e121d6ead6f.png?wid=1600&fmt=webp-alpha&cropN=0.04,0.08,0.92,.84"
Hybrid MAX Platinum,Exterior,Blueprint,Included,"https://tmnaassetscs.scene7.com/is/image/tmnaassetscs/vcr/live/vehicle/TOY/2024/grandhighlanderhybrid/6732/630/40cbcb1e991caad516a890d453ba6981e59380af9cbeb6194df755a8b144dcff.png?wid=1600&fmt=webp-alpha&cropN=0.04,0.08,0.92,.84"
Hybrid MAX Platinum,Exterior,Midnight Black Metallic,Included,"https://tmnaassetscs.scene7.com/is/image/tmnaassetscs/vcr/live/vehicle/TOY/2024/grandhighlanderhybrid/6732/493/bee289f5c9901910ebf5c66eaaf07626ec7638007396f42fad0782e955c5dc10.png?wid=1600&fmt=webp-alpha&cropN=0.04,0.08,0.92,.84"
Hybrid MAX Platinum,Interior,Portobello Leather and Ultrasuede®,Included,N/A
Hybrid MAX Platinum,Interior,Black Leather and Ultrasuede®,Included,N/A
Hybrid MAX Platinum,Interior,Light Gray Leather and Ultrasuede®,Included,N/A
Hybrid MAX Platinum,Engine,2.4L 4-Cyl. Turbo Hybrid MAX Engine,Included,N/A
Hybrid MAX Platinum,Transmission,Direct Shift 6-Speed Automatic Transmission,Included,N/A
Hybrid MAX Platinum,Drivetrain,All-Wheel Drive,Included,N/A
