Model,Category,Name,Price/Details,Image URL
LE,Exterior,Magnetic Gray Metallic,Included,"https://tmnaassetscs.scene7.com/is/image/tmnaassetscs/vcr/live/vehicle/TOY/2025/rav4/4430/955/1bc4b00b2432773c38eaa7f96e8e2f6cdc0927e1a1b57af84666afb6f963b233.png?wid=1600&fmt=webp-alpha&cropN=0.04,0.08,0.92,.84"
LE,Exterior,Ice Cap,Included,"https://tmnaassetscs.scene7.com/is/image/tmnaassetscs/vcr/live/vehicle/TOY/2025/rav4/4430/435/47e5ebc396d2e93be28021169da651e696140f28042a253dd86fb2d1dd2c9b95.png?wid=1600&fmt=webp-alpha&cropN=0.04,0.08,0.92,.84"
LE,Exterior,Midnight Black Metallic,Included,"https://tmnaassetscs.scene7.com/is/image/tmnaassetscs/vcr/live/vehicle/TOY/2025/rav4/4430/625/c053c5e901f51c33b7e705f6cca7131f42bb79c9c91bea9c577aa204193ba613.png?wid=1600&fmt=webp-alpha&cropN=0.04,0.08,0.92,.84"
LE,Exterior,Ruby Flare Pearl *,$425,"https://tmnaassetscs.scene7.com/is/image/tmnaassetscs/vcr/live/vehicle/TOY/2025/rav4/4430/740/62652cacc88aac7be2a8ed981b160e5980347e3ff4fa53e0d966c7265b0a84b7.png?wid=1600&fmt=webp-alpha&cropN=0.04,0.08,0.92,.84"
LE,Exterior,Silver Sky Metallic,Included,"https://tmnaassetscs.scene7.com/is/image/tmnaassetscs/vcr/live/vehicle/TOY/2025/rav4/4430/338/b72a10ca8cdd22e32726c4936a01fb48363cf277d7424a0efcd54f713576b889.png?wid=1600&fmt=webp-alpha&cropN=0.04,0.08,0.92,.84"
LE,Interior,Nutmeg Fabric,Included,N/A
LE,Interior,Black Fabric,Included,N/A
LE,Engine,2.5L 4-Cyl. Engine,Included,N/A
LE,Transmission,Direct Shift 8-Speed Electronically Controlled automatic Transmission with intelligence (ECT-i) and sequential shift mode,Included,N/A
LE,Drivetrain,Front-Wheel Drive,Included,N/A
LE,Drivetrain,All-Wheel Drive,"$1,400 MSRP",N/A
LE,Add-On,Blind Spot Monitor (BSM) * with Rear Cross-Traffic Alert (RCTA) *,$590 MSRP,N/A
LE,Add-On,Rear cargo area cover,$90 MSRP,N/A
XLE,Exterior,Magnetic Gray Metallic,Included,"https://tmnaassetscs.scene7.com/is/image/tmnaassetscs/vcr/live/vehicle/TOY/2025/rav4/4440/102/82c79da6a18b7cd04df2663bf041eb36e0dffce6cd7690ce3f70183efe6977de.png?wid=1600&fmt=webp-alpha&cropN=0.04,0.08,0.92,.84"
XLE,Exterior,Ice Cap,Included,"https://tmnaassetscs.scene7.com/is/image/tmnaassetscs/vcr/live/vehicle/TOY/2025/rav4/4440/738/c865b5423efde82920c23eff74909b2f9bd63c67fb4d1f9f60d119dea3948e93.png?wid=1600&fmt=webp-alpha&cropN=0.04,0.08,0.92,.84"
XLE,Exterior,Midnight Black Metallic,Included,"https://tmnaassetscs.scene7.com/is/image/tmnaassetscs/vcr/live/vehicle/TOY/2025/rav4/4440/971/2f07bbc3cc3794a9481b9f8ef6e604d1bf3b3083d936a3fea61a382121ba9163.png?wid=1600&fmt=webp-alpha&cropN=0.04,0.08,0.92,.84"
XLE,Exterior,Ruby Flare Pearl *,$425,"https://tmnaassetscs.scene7.com/is/image/tmnaassetscs/vcr/live/vehicle/TOY/2025/rav4/4440/363/5bdba93b28edf362cfc9671603eb3481c0db7bc5b97907e09c0cd9928a0499c8.png?wid=1600&fmt=webp-alpha&cropN=0.04,0.08,0.92,.84"
XLE,Exterior,Blueprint,Included,"https://tmnaassetscs.scene7.com/is/image/tmnaassetscs/vcr/live/vehicle/TOY/2025/rav4/4440/553/e118a85179c3919f2ee57522b4f134e7bd00401e2804960180e5fe854c8d8503.png?wid=1600&fmt=webp-alpha&cropN=0.04,0.08,0.92,.84"
XLE,Exterior,Silver Sky Metallic,Included,"https://tmnaassetscs.scene7.com/is/image/tmnaassetscs/vcr/live/vehicle/TOY/2025/rav4/4440/448/87745660798647dcfc563cd1a5d499e8050c96cfc2d3ed041dffe3522c1cdb9b.png?wid=1600&fmt=webp-alpha&cropN=0.04,0.08,0.92,.84"
XLE,Interior,Black Fabric,Included,N/A
XLE,Interior,Nutmeg Fabric,Included,N/A
XLE,Interior,Ash Fabric,Included,N/A
XLE,Engine,2.5L 4-Cyl. Engine,Included,N/A
XLE,Transmission,Direct Shift 8-Speed Electronically Controlled automatic Transmission with intelligence (ECT-i) and sequential shift mode,Included,N/A
XLE,Drivetrain,Front-Wheel Drive,Included,N/A
XLE,Drivetrain,All-Wheel Drive,"$1,400 MSRP",N/A
Hybrid LE,Exterior,Magnetic Gray Metallic,Included,"https://tmnaassetscs.scene7.com/is/image/tmnaassetscs/vcr/live/vehicle/TOY/2025/rav4/4435/260/15dada445dcc77a33c2fca7495e57bd9866df7c07a41171567b4432d146904a4.png?wid=1600&fmt=webp-alpha&cropN=0.04,0.08,0.92,.84"
Hybrid LE,Exterior,Ice Cap,Included,"https://tmnaassetscs.scene7.com/is/image/tmnaassetscs/vcr/live/vehicle/TOY/2025/rav4/4435/766/83b55b9efa5afe00a86759f7c39069014e0d38a2b1d027b16ed994d5d49d11e1.png?wid=1600&fmt=webp-alpha&cropN=0.04,0.08,0.92,.84"
Hybrid LE,Exterior,Midnight Black Metallic,Included,"https://tmnaassetscs.scene7.com/is/image/tmnaassetscs/vcr/live/vehicle/TOY/2025/rav4/4435/777/14de5f910977100d49064fb5288c5ee8c34960df7d3e197c7f14891be57eee4e.png?wid=1600&fmt=webp-alpha&cropN=0.04,0.08,0.92,.84"
Hybrid LE,Exterior,Ruby Flare Pearl *,$425,"https://tmnaassetscs.scene7.com/is/image/tmnaassetscs/vcr/live/vehicle/TOY/2025/rav4/4435/671/79a63cc759ed11e2adfccf4e03285093009a7c2ab9d77f428254a8271c150292.png?wid=1600&fmt=webp-alpha&cropN=0.04,0.08,0.92,.84"
Hybrid LE,Exterior,Silver Sky Metallic,Included,"https://tmnaassetscs.scene7.com/is/image/tmnaassetscs/vcr/live/vehicle/TOY/2025/rav4/4435/160/8dee23b0086e22daec1f073d040e8baf55e995c95f05c30f6f0ab43c89bce5b6.png?wid=1600&fmt=webp-alpha&cropN=0.04,0.08,0.92,.84"
Hybrid LE,Interior,Nutmeg Fabric,Included,N/A
Hybrid LE,Interior,Black Fabric,Included,N/A
Hybrid LE,Engine,2.5L 4-Cyl. Hybrid Engine,Included,N/A
Hybrid LE,Transmission,Electronically controlled Continuously Variable Transmission (ECVT),Included,N/A
Hybrid LE,Drivetrain,All-Wheel Drive,Included,N/A
Hybrid LE,Add-On,Blind Spot Monitor (BSM) * with Rear Cross-Traffic Alert (RCTA) *,$590 MSRP,N/A
Hybrid LE,Add-On,Rear cargo area cover,$90 MSRP,N/A
XLE Premium,Exterior,Magnetic Gray Metallic,Included,"https://tmnaassetscs.scene7.com/is/image/tmnaassetscs/vcr/live/vehicle/TOY/2025/rav4/4477/458/a3d5f66ac4499becbc80ca3c96e314cd066485f03294e44ef3453f825322e167.png?wid=1600&fmt=webp-alpha&cropN=0.04,0.08,0.92,.84"
XLE Premium,Exterior,Wind Chill Pearl *,$425,"https://tmnaassetscs.scene7.com/is/image/tmnaassetscs/vcr/live/vehicle/TOY/2025/rav4/4477/94/da33aa963133b135a3655105049df36b014fb23d33ebbe174e0ded9a06bca339.png?wid=1600&fmt=webp-alpha&cropN=0.04,0.08,0.92,.84"
XLE Premium,Exterior,Midnight Black Metallic,Included,"https://tmnaassetscs.scene7.com/is/image/tmnaassetscs/vcr/live/vehicle/TOY/2025/rav4/4477/726/5f71066688092c49b3bf1cee84d7a47740a152059cee547c378c934b8b7f169d.png?wid=1600&fmt=webp-alpha&cropN=0.04,0.08,0.92,.84"
XLE Premium,Exterior,Ruby Flare Pearl *,$425,"https://tmnaassetscs.scene7.com/is/image/tmnaassetscs/vcr/live/vehicle/TOY/2025/rav4/4477/304/3971f7c0c4fef8f4cadc93f839845b30ec7a14f4e17b8cd8c4e32e4c9538dad2.png?wid=1600&fmt=webp-alpha&cropN=0.04,0.08,0.92,.84"
XLE Premium,Exterior,Blueprint,Included,"https://tmnaassetscs.scene7.com/is/image/tmnaassetscs/vcr/live/vehicle/TOY/2025/rav4/4477/112/0d01e978a7d04e1aa738a8ca30b49369aee4d5ee5d633dd1884fe8faa5e303fe.png?wid=1600&fmt=webp-alpha&cropN=0.04,0.08,0.92,.84"
XLE Premium,Exterior,Silver Sky Metallic,Included,"https://tmnaassetscs.scene7.com/is/image/tmnaassetscs/vcr/live/vehicle/TOY/2025/rav4/4477/840/f44dce805b25652cf0cebc5662a0521a45cc00364d3c1fcdca037cf85bb79639.png?wid=1600&fmt=webp-alpha&cropN=0.04,0.08,0.92,.84"
XLE Premium,Interior,Ash SofTex® *,Included,N/A
XLE Premium,Interior,Nutmeg SofTex® *,Included,N/A
XLE Premium,Interior,Black SofTex® *,Included,N/A
XLE Premium,Engine,2.5L 4-Cyl. Engine,Included,N/A
XLE Premium,Transmission,Direct Shift 8-Speed Electronically Controlled automatic Transmission with intelligence (ECT-i) and sequential shift mode,Included,N/A
XLE Premium,Drivetrain,Front-Wheel Drive,Included,N/A
XLE Premium,Drivetrain,All-Wheel Drive,"$1,400 MSRP",N/A
XLE Premium,Add-On,10.5-in. Toyota Audio Multimedia and 11-speaker JBL® * Premium Audio,"$1,410 MSRP",N/A
Hybrid XLE,Exterior,Magnetic Gray Metallic,Included,"https://tmnaassetscs.scene7.com/is/image/tmnaassetscs/vcr/live/vehicle/TOY/2025/rav4/4444/599/947a994739a0052fafcfe8244da8ade3953b26cda966ba574a66f89a23625ded.png?wid=1600&fmt=webp-alpha&cropN=0.04,0.08,0.92,.84"
Hybrid XLE,Exterior,Ice Cap,Included,"https://tmnaassetscs.scene7.com/is/image/tmnaassetscs/vcr/live/vehicle/TOY/2025/rav4/4444/225/0368de0173345b1f0b148ca12bb7b24b23b0bbc94a270ffe8baa733c2f36f280.png?wid=1600&fmt=webp-alpha&cropN=0.04,0.08,0.92,.84"
Hybrid XLE,Exterior,Midnight Black Metallic,Included,"https://tmnaassetscs.scene7.com/is/image/tmnaassetscs/vcr/live/vehicle/TOY/2025/rav4/4444/483/9dad516b49b7e18052e4456937b4e01a3778eb7638b95e7704d31c4f24480ba5.png?wid=1600&fmt=webp-alpha&cropN=0.04,0.08,0.92,.84"
Hybrid XLE,Exterior,Ruby Flare Pearl *,$425,"https://tmnaassetscs.scene7.com/is/image/tmnaassetscs/vcr/live/vehicle/TOY/2025/rav4/4444/783/3dad3a1faf207486a5870d26a759ad43b52b52c28bd06b472873031fdd26fe94.png?wid=1600&fmt=webp-alpha&cropN=0.04,0.08,0.92,.84"
Hybrid XLE,Exterior,Blueprint,Included,"https://tmnaassetscs.scene7.com/is/image/tmnaassetscs/vcr/live/vehicle/TOY/2025/rav4/4444/505/f754d759bf8c206e1ae2976b4524a0ab709fbc49950c425c9f77f76b3f51a87f.png?wid=1600&fmt=webp-alpha&cropN=0.04,0.08,0.92,.84"
Hybrid XLE,Exterior,Silver Sky Metallic,Included,"https://tmnaassetscs.scene7.com/is/image/tmnaassetscs/vcr/live/vehicle/TOY/2025/rav4/4444/40/74a413d85040de70ab1bf6eba583f34739bfa36028dabba04a431461d2323c59.png?wid=1600&fmt=webp-alpha&cropN=0.04,0.08,0.92,.84"
Hybrid XLE,Interior,Black Fabric,Included,N/A
Hybrid XLE,Interior,Nutmeg Fabric,Included,N/A
Hybrid XLE,Interior,Ash Fabric,Included,N/A
Hybrid XLE,Engine,2.5L 4-Cyl. Hybrid Engine,Included,N/A
Hybrid XLE,Transmission,Electronically controlled Continuously Variable Transmission (ECVT),Included,N/A
Hybrid XLE,Drivetrain,All-Wheel Drive,Included,N/A
Hybrid SE,Exterior,Magnetic Gray Metallic,Included,"https://tmnaassetscs.scene7.com/is/image/tmnaassetscs/vcr/live/vehicle/TOY/2025/rav4/4524/205/17867ab5e3da6364e34cc926e046519e2a327a30e6cae30ea071a25c01f08449.png?wid=1600&fmt=webp-alpha&cropN=0.04,0.08,0.92,.84"
Hybrid SE,Exterior,Wind Chill Pearl *,$425,"https://tmnaassetscs.scene7.com/is/image/tmnaassetscs/vcr/live/vehicle/TOY/2025/rav4/4524/699/ec23656b86d2989e625c2b48053640db3388da6a99729ca2e960c5e26c758413.png?wid=1600&fmt=webp-alpha&cropN=0.04,0.08,0.92,.84"
Hybrid SE,Exterior,Cavalry Blue,Included,"https://tmnaassetscs.scene7.com/is/image/tmnaassetscs/vcr/live/vehicle/TOY/2025/rav4/4524/174/332f07ae78f0857d7b7381aa55a8df4260c15648071c25c14db3bc951b978c08.png?wid=1600&fmt=webp-alpha&cropN=0.04,0.08,0.92,.84"
Hybrid SE,Exterior,Midnight Black Metallic,Included,"https://tmnaassetscs.scene7.com/is/image/tmnaassetscs/vcr/live/vehicle/TOY/2025/rav4/4524/362/45891f5a2fbf4e469ef040c8f3c4ebf732b4f5eb81041d052a1b27a48fc0dc69.png?wid=1600&fmt=webp-alpha&cropN=0.04,0.08,0.92,.84"
Hybrid SE,Exterior,Silver Sky Metallic,Included,"https://tmnaassetscs.scene7.com/is/image/tmnaassetscs/vcr/live/vehicle/TOY/2025/rav4/4524/169/858a01d9ad3d176c12ff6843936461eac4b1bafd29960d9ff1cd14bdb1f84e18.png?wid=1600&fmt=webp-alpha&cropN=0.04,0.08,0.92,.84"
Hybrid SE,Interior,Black Fabric,Included,N/A
Hybrid SE,Engine,2.5L 4-Cyl. Hybrid Engine,Included,N/A
Hybrid SE,Transmission,Electronically controlled Continuously Variable Transmission (ECVT),Included,N/A
Hybrid SE,Drivetrain,All-Wheel Drive,Included,N/A
Hybrid Woodland Edition,Exterior,Midnight Black Metallic,Included,"https://tmnaassetscs.scene7.com/is/image/tmnaassetscs/vcr/live/vehicle/TOY/2025/rav4/4437/410/c987e50a332f8d0b5386bd2b4bd3b43ed505aebeecc4a98b7db6e6ffe6181bd2.png?wid=1600&fmt=webp-alpha&cropN=0.04,0.08,0.92,.84"
Hybrid Woodland Edition,Exterior,Army Green/Midnight Black Metallic roof *,$500,"https://tmnaassetscs.scene7.com/is/image/tmnaassetscs/vcr/live/vehicle/TOY/2025/rav4/4437/18/80c3555ae87348bb65f3819bb4f3f8331b5aa8df7304b89dca1e4eeb1d1051ca.png?wid=1600&fmt=webp-alpha&cropN=0.04,0.08,0.92,.84"
Hybrid Woodland Edition,Exterior,Ice Cap/Midnight Black Metallic roof *,$500,"https://tmnaassetscs.scene7.com/is/image/tmnaassetscs/vcr/live/vehicle/TOY/2025/rav4/4437/992/ff99bf08f54eb604bafca4070fababd3eacf909d9fd0759a775a05a331f129a9.png?wid=1600&fmt=webp-alpha&cropN=0.04,0.08,0.92,.84"
Hybrid Woodland Edition,Interior,Black Fabric,Included,N/A
Hybrid Woodland Edition,Engine,2.5L 4-Cyl. Hybrid Engine,Included,N/A
Hybrid Woodland Edition,Transmission,Electronically controlled Continuously Variable Transmission (ECVT),Included,N/A
Hybrid Woodland Edition,Drivetrain,All-Wheel Drive,Included,N/A
Hybrid XLE Premium,Exterior,Magnetic Gray Metallic,Included,"https://tmnaassetscs.scene7.com/is/image/tmnaassetscs/vcr/live/vehicle/TOY/2025/rav4/4528/558/3fbfaa367359466cd800c7dd9f057941683153b502b4a6ae8240773b831c4c3c.png?wid=1600&fmt=webp-alpha&cropN=0.04,0.08,0.92,.84"
Hybrid XLE Premium,Exterior,Wind Chill Pearl *,$425,"https://tmnaassetscs.scene7.com/is/image/tmnaassetscs/vcr/live/vehicle/TOY/2025/rav4/4528/454/755be426ae0bd2e9e3d2dfdc26da294da578b0d99e8771a6a1dd082640e5c0a4.png?wid=1600&fmt=webp-alpha&cropN=0.04,0.08,0.92,.84"
Hybrid XLE Premium,Exterior,Midnight Black Metallic,Included,"https://tmnaassetscs.scene7.com/is/image/tmnaassetscs/vcr/live/vehicle/TOY/2025/rav4/4528/681/41ae8649f745f728889cb8b90a72a83dc965b4c5482542f8e7515859373b36b7.png?wid=1600&fmt=webp-alpha&cropN=0.04,0.08,0.92,.84"
Hybrid XLE Premium,Exterior,Ruby Flare Pearl *,$425,"https://tmnaassetscs.scene7.com/is/image/tmnaassetscs/vcr/live/vehicle/TOY/2025/rav4/4528/582/7ca177266345d9bd64be2019da3d7e9d033838441b909903c2ac22e2843ff7f2.png?wid=1600&fmt=webp-alpha&cropN=0.04,0.08,0.92,.84"
Hybrid XLE Premium,Exterior,Blueprint,Included,"https://tmnaassetscs.scene7.com/is/image/tmnaassetscs/vcr/live/vehicle/TOY/2025/rav4/4528/298/9f9a866aeb47f9ad7fd837d247d3e84948bfa10c4657e42664056b41c3477b45.png?wid=1600&fmt=webp-alpha&cropN=0.04,0.08,0.92,.84"
Hybrid XLE Premium,Exterior,Silver Sky Metallic,Included,"https://tmnaassetscs.scene7.com/is/image/tmnaassetscs/vcr/live/vehicle/TOY/2025/rav4/4528/93/b6755e0596ed6ef58dc6acc9df359956cff52b4996580facaeef14a3c5cf7ae6.png?wid=1600&fmt=webp-alpha&cropN=0.04,0.08,0.92,.84"
Hybrid XLE Premium,Interior,Ash SofTex® *,Included,N/A
Hybrid XLE Premium,Interior,Nutmeg SofTex® *,Included,N/A
Hybrid XLE Premium,Interior,Black SofTex® *,Included,N/A
Hybrid XLE Premium,Engine,2.5L 4-Cyl. Hybrid Engine,Included,N/A
Hybrid XLE Premium,Transmission,Electronically controlled Continuously Variable Transmission (ECVT),Included,N/A
Hybrid XLE Premium,Drivetrain,All-Wheel Drive,Included,N/A
Hybrid XLE Premium,Add-On,10.5-in. Toyota Audio Multimedia and 11-speaker JBL® * Premium Audio,"$1,410 MSRP",N/A
Limited,Exterior,Magnetic Gray Metallic,Included,"https://tmnaassetscs.scene7.com/is/image/tmnaassetscs/vcr/live/vehicle/TOY/2025/rav4/4450/580/197cb67c4f1985add7878f9b436f3a844dbc8dcbc120ff05527463d7a3b56a71.png?wid=1600&fmt=webp-alpha&cropN=0.04,0.08,0.92,.84"
Limited,Exterior,Wind Chill Pearl *,$425,"https://tmnaassetscs.scene7.com/is/image/tmnaassetscs/vcr/live/vehicle/TOY/2025/rav4/4450/675/e8553a9bb3531b455e9386fcf92d7c198ebbee709248e44fb404dfef4cf046a0.png?wid=1600&fmt=webp-alpha&cropN=0.04,0.08,0.92,.84"
Limited,Exterior,Midnight Black Metallic,Included,"https://tmnaassetscs.scene7.com/is/image/tmnaassetscs/vcr/live/vehicle/TOY/2025/rav4/4450/14/8a6aad662e29190e7b162c54537d5d06f513191da218fce39369aa6325130fba.png?wid=1600&fmt=webp-alpha&cropN=0.04,0.08,0.92,.84"
Limited,Exterior,Ruby Flare Pearl *,$425,"https://tmnaassetscs.scene7.com/is/image/tmnaassetscs/vcr/live/vehicle/TOY/2025/rav4/4450/931/5d8a16f3d1f7e4be26ac9dfbf6841d41498d1d94157405617ff1c98a1b6b1558.png?wid=1600&fmt=webp-alpha&cropN=0.04,0.08,0.92,.84"
Limited,Exterior,Blueprint,Included,"https://tmnaassetscs.scene7.com/is/image/tmnaassetscs/vcr/live/vehicle/TOY/2025/rav4/4450/571/0b7f69f34902e961154e3d889f7055e8ba0777ac053b30a7eae7f4ee0eb8dce5.png?wid=1600&fmt=webp-alpha&cropN=0.04,0.08,0.92,.84"
Limited,Exterior,Silver Sky Metallic,Included,"https://tmnaassetscs.scene7.com/is/image/tmnaassetscs/vcr/live/vehicle/TOY/2025/rav4/4450/31/03041c4799bfe8dece5af029a5dfa8fb2cb2ca002995f06ba6827ad7462c025b.png?wid=1600&fmt=webp-alpha&cropN=0.04,0.08,0.92,.84"
Limited,Interior,Ash SofTex® *,Included,N/A
Limited,Interior,Nutmeg SofTex® *,Included,N/A
Limited,Interior,Black SofTex® *,Included,N/A
Limited,Engine,2.5L 4-Cyl. Engine,Included,N/A
Limited,Transmission,Direct Shift 8-Speed Electronically Controlled automatic Transmission with intelligence (ECT-i) and sequential shift mode,Included,N/A
Limited,Drivetrain,Front-Wheel Drive,Included,N/A
Limited,Drivetrain,All-Wheel Drive,"$1,400 MSRP",N/A
Limited,Add-On,Panoramic glass roof,$500 MSRP,N/A
Hybrid XSE,Exterior,Cavalry Blue/Midnight Black Metallic roof,Included,"https://tmnaassetscs.scene7.com/is/image/tmnaassetscs/vcr/live/vehicle/TOY/2025/rav4/4530/881/74a0fe294377c371c38de702d84a0fad9712a3000e6f3100c1aeba974407e6ba.png?wid=1600&fmt=webp-alpha&cropN=0.04,0.08,0.92,.84"
Hybrid XSE,Exterior,Wind Chill Pearl/Midnight Black Metallic roof *,$425,"https://tmnaassetscs.scene7.com/is/image/tmnaassetscs/vcr/live/vehicle/TOY/2025/rav4/4530/419/0cc03e2bb64a7f30a78c6443a2c390d65a75e6d9075b9c8f3f03609329834543.png?wid=1600&fmt=webp-alpha&cropN=0.04,0.08,0.92,.84"
Hybrid XSE,Exterior,Silver Sky Metallic/Midnight Black Metallic roof,Included,"https://tmnaassetscs.scene7.com/is/image/tmnaassetscs/vcr/live/vehicle/TOY/2025/rav4/4530/877/eedb043d26b937d87bf62ecd3d061145c8397cfb0b09cdfe6109a56905ed7776.png?wid=1600&fmt=webp-alpha&cropN=0.04,0.08,0.92,.84"
Hybrid XSE,Exterior,Magnetic Gray Metallic/Midnight Black Metallic roof,Included,"https://tmnaassetscs.scene7.com/is/image/tmnaassetscs/vcr/live/vehicle/TOY/2025/rav4/4530/215/1e749a87f91d2e95dd9c053cad116f7b2bd739e68bcf3e974a26298a53771f05.png?wid=1600&fmt=webp-alpha&cropN=0.04,0.08,0.92,.84"
Hybrid XSE,Interior,Black Mixed Media,Included,N/A
Hybrid XSE,Engine,2.5L 4-Cyl. Hybrid Engine,Included,N/A
Hybrid XSE,Transmission,Electronically controlled Continuously Variable Transmission (ECVT),Included,N/A
Hybrid XSE,Drivetrain,All-Wheel Drive,Included,N/A
Hybrid XSE,Add-On,11-speaker JBL® * Premium Audio,$580 MSRP,N/A
Hybrid XSE,Add-On,Panoramic glass roof,$500 MSRP,N/A
Hybrid Limited,Exterior,Magnetic Gray Metallic,Included,"https://tmnaassetscs.scene7.com/is/image/tmnaassetscs/vcr/live/vehicle/TOY/2025/rav4/4534/769/d655ee3995d870a0d79792c40b8cf1e1d956bc143362ae02e94b24f2e305e8c6.png?wid=1600&fmt=webp-alpha&cropN=0.04,0.08,0.92,.84"
Hybrid Limited,Exterior,Wind Chill Pearl *,$425,"https://tmnaassetscs.scene7.com/is/image/tmnaassetscs/vcr/live/vehicle/TOY/2025/rav4/4534/671/d3bd9b6f21236b2a7a2ff4ce803f6ba886697c04b92f2bcc2c5ac3b87faf6d3d.png?wid=1600&fmt=webp-alpha&cropN=0.04,0.08,0.92,.84"
Hybrid Limited,Exterior,Midnight Black Metallic,Included,"https://tmnaassetscs.scene7.com/is/image/tmnaassetscs/vcr/live/vehicle/TOY/2025/rav4/4534/318/f23a03be365ab3affb6f2960cfff1e1f9e741217b63e6ac01dd0fa8d3dab93ac.png?wid=1600&fmt=webp-alpha&cropN=0.04,0.08,0.92,.84"
Hybrid Limited,Exterior,Ruby Flare Pearl *,$425,"https://tmnaassetscs.scene7.com/is/image/tmnaassetscs/vcr/live/vehicle/TOY/2025/rav4/4534/971/984c24bbf1e3a841b7335804ed1fe294b77ae5c4a9d37403bbed45add1d2cf8c.png?wid=1600&fmt=webp-alpha&cropN=0.04,0.08,0.92,.84"
Hybrid Limited,Exterior,Blueprint,Included,"https://tmnaassetscs.scene7.com/is/image/tmnaassetscs/vcr/live/vehicle/TOY/2025/rav4/4534/212/da0b0c9c08ea8ea9658a96f1fd1be5bdaaf02709c00c01ae1559beb293041369.png?wid=1600&fmt=webp-alpha&cropN=0.04,0.08,0.92,.84"
Hybrid Limited,Exterior,Silver Sky Metallic,Included,"https://tmnaassetscs.scene7.com/is/image/tmnaassetscs/vcr/live/vehicle/TOY/2025/rav4/4534/205/b60d2e95cdf3fbd0c0792c54c8712ff7d51cc0d36c0fdf25fad9b198c4831888.png?wid=1600&fmt=webp-alpha&cropN=0.04,0.08,0.92,.84"
Hybrid Limited,Interior,Ash SofTex® *,Included,N/A
Hybrid Limited,Interior,Nutmeg SofTex® *,Included,N/A
Hybrid Limited,Interior,Black SofTex® *,Included,N/A
Hybrid Limited,Engine,2.5L 4-Cyl. Hybrid Engine,Included,N/A
Hybrid Limited,Transmission,Electronically controlled Continuously Variable Transmission (ECVT),Included,N/A
Hybrid Limited,Drivetrain,All-Wheel Drive,Included,N/A
Hybrid Limited,Add-On,Panoramic glass roof,$500 MSRP,N/A
