Model,Category,Name,Price/Details,Image URL
XLE,Exterior,Storm Cloud,Included,"https://tmnaassetscs.scene7.com/is/image/tmnaassetscs/vcr/live/vehicle/TOY/2024/grandhighlander/6702/795/f36cd0ab90759810324e101e8f7a871cfca2cc16a2d83a759320a96bbf3fa9bc.png?wid=1600&fmt=webp-alpha&cropN=0.04,0.08,0.92,.84"
XLE,Exterior,Wind Chill Pearl *,$425,"https://tmnaassetscs.scene7.com/is/image/tmnaassetscs/vcr/live/vehicle/TOY/2024/grandhighlander/6702/864/60e15418b82b82393e799947a3a468ff3b00f2727518edb64a72a245c814ffc1.png?wid=1600&fmt=webp-alpha&cropN=0.04,0.08,0.92,.84"
XLE,Exterior,Coastal Cream,Included,"https://tmnaassetscs.scene7.com/is/image/tmnaassetscs/vcr/live/vehicle/TOY/2024/grandhighlander/6702/803/a38b4e7b2c0fade75139622b85d0eba2f7c05e3a83c76f128f86dfedccecc847.png?wid=1600&fmt=webp-alpha&cropN=0.04,0.08,0.92,.84"
XLE,Exterior,Celestial Silver Metallic,Included,"https://tmnaassetscs.scene7.com/is/image/tmnaassetscs/vcr/live/vehicle/TOY/2024/grandhighlander/6702/561/d8090c09f55d218a914ef5a22739c64780ec3b0b23feadb34a2e44099d8eb57d.png?wid=1600&fmt=webp-alpha&cropN=0.04,0.08,0.92,.84"
XLE,Exterior,Ruby Flare Pearl *,$425,"https://tmnaassetscs.scene7.com/is/image/tmnaassetscs/vcr/live/vehicle/TOY/2024/grandhighlander/6702/651/99b2bc43e81dd9161da7c08db940e820c2c4414e44cb533effaea3f721659ac8.png?wid=1600&fmt=webp-alpha&cropN=0.04,0.08,0.92,.84"
XLE,Exterior,Blueprint,Included,"https://tmnaassetscs.scene7.com/is/image/tmnaassetscs/vcr/live/vehicle/TOY/2024/grandhighlander/6702/263/8c81b71f61f1fd2e99c3b8f9ab09cb0e83cc35aef3e3b98029ad719e36fe33d7.png?wid=1600&fmt=webp-alpha&cropN=0.04,0.08,0.92,.84"
XLE,Exterior,Midnight Black Metallic,Included,"https://tmnaassetscs.scene7.com/is/image/tmnaassetscs/vcr/live/vehicle/TOY/2024/grandhighlander/6702/730/7068b2e22427b66249b4c63b606bfe76fa33aa50404ce7710d04dd1798056fb7.png?wid=1600&fmt=webp-alpha&cropN=0.04,0.08,0.92,.84"
XLE,Interior,Black SofTex®,Included,N/A
XLE,Interior,Light Gray SofTex®,Included,N/A
XLE,Engine,2.4L 4-Cyl. Turbo Engine,Included,N/A
XLE,Transmission,Direct Shift 8-Speed Electronically Controlled automatic Transmission (ECT),Included,N/A
XLE,Drivetrain,Front-Wheel Drive,Included,N/A
XLE,Drivetrain,All-Wheel Drive,"$1,600 MSRP",N/A
XLE,Add-On,Bench Seat,No Additional Cost,N/A
XLE,Add-On,Panoramic Moonroof,"$1,350 MSRP",N/A
Hybrid XLE,Exterior,Storm Cloud,Included,"https://tmnaassetscs.scene7.com/is/image/tmnaassetscs/vcr/live/vehicle/TOY/2024/grandhighlander/6716/849/4de9d821f595be1a279f35fc7a229303e095c905797588724e6176b752e27d16.png?wid=1600&fmt=webp-alpha&cropN=0.04,0.08,0.92,.84"
Hybrid XLE,Exterior,Wind Chill Pearl *,$425,"https://tmnaassetscs.scene7.com/is/image/tmnaassetscs/vcr/live/vehicle/TOY/2024/grandhighlander/6716/650/299dba1a26c88eb8f8a6830fd67157add03ee2d3cc6a5a72652c47eafa8e888f.png?wid=1600&fmt=webp-alpha&cropN=0.04,0.08,0.92,.84"
Hybrid XLE,Exterior,Coastal Cream,Included,"https://tmnaassetscs.scene7.com/is/image/tmnaassetscs/vcr/live/vehicle/TOY/2024/grandhighlander/6716/430/ec49340eb629370b1e3f48cd146eb3f714b5ead884f87dd6ded4fa0a2835b0a5.png?wid=1600&fmt=webp-alpha&cropN=0.04,0.08,0.92,.84"
Hybrid XLE,Exterior,Celestial Silver Metallic,Included,"https://tmnaassetscs.scene7.com/is/image/tmnaassetscs/vcr/live/vehicle/TOY/2024/grandhighlander/6716/417/267f4ea9ca901c6d66d9b9ed002615c9a185ff5849eb98c226ac87bcd1497224.png?wid=1600&fmt=webp-alpha&cropN=0.04,0.08,0.92,.84"
Hybrid XLE,Exterior,Ruby Flare Pearl *,$425,"https://tmnaassetscs.scene7.com/is/image/tmnaassetscs/vcr/live/vehicle/TOY/2024/grandhighlander/6716/130/d831c03a73583457538ca265797bdb6020c1ec3b475608e941d9ece24c8c67b7.png?wid=1600&fmt=webp-alpha&cropN=0.04,0.08,0.92,.84"
Hybrid XLE,Exterior,Blueprint,Included,"https://tmnaassetscs.scene7.com/is/image/tmnaassetscs/vcr/live/vehicle/TOY/2024/grandhighlander/6716/878/667984c6bc62dc1568a004a4fef65bb9f85ee7752d453521c99eb570b10e4db9.png?wid=1600&fmt=webp-alpha&cropN=0.04,0.08,0.92,.84"
Hybrid XLE,Exterior,Midnight Black Metallic,Included,"https://tmnaassetscs.scene7.com/is/image/tmnaassetscs/vcr/live/vehicle/TOY/2024/grandhighlander/6716/934/251bc526bafa0b5910939d4b5b5ba5cb3a9a92fe09d515ef37fcc4fa957e7d93.png?wid=1600&fmt=webp-alpha&cropN=0.04,0.08,0.92,.84"
Hybrid XLE,Interior,Black SofTex®,Included,N/A
Hybrid XLE,Interior,Light Gray SofTex®,Included,N/A
Hybrid XLE,Engine,2.5L 4-Cyl. Hybrid Engine,Included,N/A
Hybrid XLE,Transmission,Electronically Controlled Continuously Variable Transmission (ECVT),Included,N/A
Hybrid XLE,Drivetrain,Front-Wheel Drive,Included,N/A
Hybrid XLE,Drivetrain,All-Wheel Drive,"$1,600 MSRP",N/A
Hybrid XLE,Add-On,Bench Seat,No Additional Cost,N/A
Hybrid XLE,Add-On,Panoramic Moonroof,"$1,350 MSRP",N/A
Limited,Exterior,Storm Cloud,Included,"https://tmnaassetscs.scene7.com/is/image/tmnaassetscs/vcr/live/vehicle/TOY/2024/grandhighlander/6704/468/00af5c74d462cc4acb43fec9eaae2db353245ac42465b71d27a5a8052f363199.png?wid=1600&fmt=webp-alpha&cropN=0.04,0.08,0.92,.84"
Limited,Exterior,Wind Chill Pearl *,$425,"https://tmnaassetscs.scene7.com/is/image/tmnaassetscs/vcr/live/vehicle/TOY/2024/grandhighlander/6704/280/db5a9750e728920e40ede35309765d4c7931abfc182c97b77ce87ee0650786af.png?wid=1600&fmt=webp-alpha&cropN=0.04,0.08,0.92,.84"
Limited,Exterior,Coastal Cream,Included,"https://tmnaassetscs.scene7.com/is/image/tmnaassetscs/vcr/live/vehicle/TOY/2024/grandhighlander/6704/15/3b3d8af7eb362695420ce0420aa445f8057a247def3050bd9bbe16d8eec90c55.png?wid=1600&fmt=webp-alpha&cropN=0.04,0.08,0.92,.84"
Limited,Exterior,Celestial Silver Metallic,Included,"https://tmnaassetscs.scene7.com/is/image/tmnaassetscs/vcr/live/vehicle/TOY/2024/grandhighlander/6704/436/7d895dc4e48027f16a571c09f1a0d9aa84883469dca7857cd163bf0db23eadf3.png?wid=1600&fmt=webp-alpha&cropN=0.04,0.08,0.92,.84"
Limited,Exterior,Ruby Flare Pearl *,$425,"https://tmnaassetscs.scene7.com/is/image/tmnaassetscs/vcr/live/vehicle/TOY/2024/grandhighlander/6704/184/7c6c4c38a0b8141fe75572f87e45793ff5f9be9f6e9d8da6b355c54ddba4399c.png?wid=1600&fmt=webp-alpha&cropN=0.04,0.08,0.92,.84"
Limited,Exterior,Blueprint,Included,"https://tmnaassetscs.scene7.com/is/image/tmnaassetscs/vcr/live/vehicle/TOY/2024/grandhighlander/6704/857/3709fa992e8cce32114a7193af26e501b8cbde7f5d0b8c160795280a75c8ba90.png?wid=1600&fmt=webp-alpha&cropN=0.04,0.08,0.92,.84"
Limited,Exterior,Midnight Black Metallic,Included,"https://tmnaassetscs.scene7.com/is/image/tmnaassetscs/vcr/live/vehicle/TOY/2024/grandhighlander/6704/279/da049c6f676925f78c6c8b94b845c5a9ffe826ad26f8bad248fcfe91d347406f.png?wid=1600&fmt=webp-alpha&cropN=0.04,0.08,0.92,.84"
Limited,Interior,Black Leather,Included,N/A
Limited,Interior,Light Gray Leather,Included,N/A
Limited,Engine,2.4L 4-Cyl. Turbo Engine,Included,N/A
Limited,Transmission,Direct Shift 8-Speed Electronically Controlled automatic Transmission (ECT),Included,N/A
Limited,Drivetrain,Front-Wheel Drive,Included,N/A
Limited,Drivetrain,All-Wheel Drive,"$1,600 MSRP",N/A
Limited,Add-On,Bench Seat,No Additional Cost,N/A
Limited,Add-On,Panoramic View Monitor,$600 MSRP,N/A
Limited,Add-On,Panoramic Moonroof,"$1,350 MSRP",N/A
Hybrid Limited,Exterior,Storm Cloud,Included,"https://tmnaassetscs.scene7.com/is/image/tmnaassetscs/vcr/live/vehicle/TOY/2024/grandhighlander/6724/383/1270fbcfbd763f6cc67333c426f489670a49732b520c54996109d36f79d902ac.png?wid=1600&fmt=webp-alpha&cropN=0.04,0.08,0.92,.84"
Hybrid Limited,Exterior,Wind Chill Pearl *,$425,"https://tmnaassetscs.scene7.com/is/image/tmnaassetscs/vcr/live/vehicle/TOY/2024/grandhighlander/6724/370/47df57ea4f2cf4fb8af1b18f432d12610270da8849ae21dcd770bcb4a450cad5.png?wid=1600&fmt=webp-alpha&cropN=0.04,0.08,0.92,.84"
Hybrid Limited,Exterior,Coastal Cream,Included,"https://tmnaassetscs.scene7.com/is/image/tmnaassetscs/vcr/live/vehicle/TOY/2024/grandhighlander/6724/649/b8e4701969aa8d347462264b25e3a2d1d1f95ec6ffc97f6e8a272cd7984ad763.png?wid=1600&fmt=webp-alpha&cropN=0.04,0.08,0.92,.84"
Hybrid Limited,Exterior,Celestial Silver Metallic,Included,"https://tmnaassetscs.scene7.com/is/image/tmnaassetscs/vcr/live/vehicle/TOY/2024/grandhighlander/6724/113/83a55381206b618723f5332107dbb8cfafda312dcf4807b3c2a7b1b5df81710f.png?wid=1600&fmt=webp-alpha&cropN=0.04,0.08,0.92,.84"
Hybrid Limited,Exterior,Ruby Flare Pearl *,$425,"https://tmnaassetscs.scene7.com/is/image/tmnaassetscs/vcr/live/vehicle/TOY/2024/grandhighlander/6724/163/9f804ef326b1cf74fc407ff3373239f7d3f323c9e70548463cc5b2d594d13e32.png?wid=1600&fmt=webp-alpha&cropN=0.04,0.08,0.92,.84"
Hybrid Limited,Exterior,Blueprint,Included,"https://tmnaassetscs.scene7.com/is/image/tmnaassetscs/vcr/live/vehicle/TOY/2024/grandhighlander/6724/182/42fe2a1ed94395e5368fdc721ce2a846c3b3b37a1c364e603a63c7260f8bf473.png?wid=1600&fmt=webp-alpha&cropN=0.04,0.08,0.92,.84"
Hybrid Limited,Exterior,Midnight Black Metallic,Included,"https://tmnaassetscs.scene7.com/is/image/tmnaassetscs/vcr/live/vehicle/TOY/2024/grandhighlander/6724/433/2a6b32d1c89a89728931144a86221242dffad27602ac1bccf8eab477f321af01.png?wid=1600&fmt=webp-alpha&cropN=0.04,0.08,0.92,.84"
Hybrid Limited,Interior,Black Leather,Included,N/A
Hybrid Limited,Interior,Light Gray Leather,Included,N/A
Hybrid Limited,Engine,2.5L 4-Cyl. Hybrid Engine,Included,N/A
Hybrid Limited,Transmission,Electronically Controlled Continuously Variable Transmission (ECVT),Included,N/A
Hybrid Limited,Drivetrain,All-Wheel Drive,Included,N/A
Hybrid Limited,Add-On,Bench Seat,No Additional Cost,N/A
Hybrid Limited,Add-On,Panoramic View Monitor,$600 MSRP,N/A
Hybrid Limited,Add-On,Panoramic Moonroof,"$1,350 MSRP",N/A
Platinum,Exterior,Storm Cloud,Included,"https://tmnaassetscs.scene7.com/is/image/tmnaassetscs/vcr/live/vehicle/TOY/2024/grandhighlander/6712/611/f2b065933eb89fa751dc3d678de1f0774317d79e059b65f63228189523f93b28.png?wid=1600&fmt=webp-alpha&cropN=0.04,0.08,0.92,.84"
Platinum,Exterior,Wind Chill Pearl *,$425,"https://tmnaassetscs.scene7.com/is/image/tmnaassetscs/vcr/live/vehicle/TOY/2024/grandhighlander/6712/6/2636edb694a5d1d8715035b1654166daab1b788321e4a1967125cb78ea8cb02b.png?wid=1600&fmt=webp-alpha&cropN=0.04,0.08,0.92,.84"
Platinum,Exterior,Coastal Cream,Included,"https://tmnaassetscs.scene7.com/is/image/tmnaassetscs/vcr/live/vehicle/TOY/2024/grandhighlander/6712/648/4ba411c052f4da7846a9bbb65575fa74e63e23891397fd741e2e7d23bf5b70cc.png?wid=1600&fmt=webp-alpha&cropN=0.04,0.08,0.92,.84"
Platinum,Exterior,Celestial Silver Metallic,Included,"https://tmnaassetscs.scene7.com/is/image/tmnaassetscs/vcr/live/vehicle/TOY/2024/grandhighlander/6712/274/f318f9b25af5a8b4e19b0869ae129383960dc88b34ccc1de0518af31210d41a4.png?wid=1600&fmt=webp-alpha&cropN=0.04,0.08,0.92,.84"
Platinum,Exterior,Ruby Flare Pearl *,$425,"https://tmnaassetscs.scene7.com/is/image/tmnaassetscs/vcr/live/vehicle/TOY/2024/grandhighlander/6712/712/f6ebb2304ead65446110f4093d1289d662a33ba4fee8fc806c746b07228a433f.png?wid=1600&fmt=webp-alpha&cropN=0.04,0.08,0.92,.84"
Platinum,Exterior,Blueprint,Included,"https://tmnaassetscs.scene7.com/is/image/tmnaassetscs/vcr/live/vehicle/TOY/2024/grandhighlander/6712/557/f89b5595c6d857a3bd6b3ee6283a46961ff16b798bc3f54ac021029c887be93a.png?wid=1600&fmt=webp-alpha&cropN=0.04,0.08,0.92,.84"
Platinum,Exterior,Midnight Black Metallic,Included,"https://tmnaassetscs.scene7.com/is/image/tmnaassetscs/vcr/live/vehicle/TOY/2024/grandhighlander/6712/437/9132fb3dc43426d892bca97ff45155a2dea7ef881db145644dbb3251010ea2a6.png?wid=1600&fmt=webp-alpha&cropN=0.04,0.08,0.92,.84"
Platinum,Interior,Light Gray Leather,Included,N/A
Platinum,Interior,Black Leather,Included,N/A
Platinum,Interior,Portobello Leather,Included,N/A
Platinum,Engine,2.4L 4-Cyl. Turbo Engine,Included,N/A
Platinum,Transmission,Direct Shift 8-Speed Electronically Controlled automatic Transmission (ECT),Included,N/A
Platinum,Drivetrain,All-Wheel Drive,Included,N/A
Hybrid MAX Limited,Exterior,Storm Cloud,Included,"https://tmnaassetscs.scene7.com/is/image/tmnaassetscs/vcr/live/vehicle/TOY/2024/grandhighlander/6730/808/41e3fa60f1929a012b8a9cc9e1e627d0eecce3e5ed0ca471f6ebff0db6bf3b50.png?wid=1600&fmt=webp-alpha&cropN=0.04,0.08,0.92,.84"
Hybrid MAX Limited,Exterior,Wind Chill Pearl *,$425,"https://tmnaassetscs.scene7.com/is/image/tmnaassetscs/vcr/live/vehicle/TOY/2024/grandhighlander/6730/49/c992efc1f46fdb8267c6e80b3d65e18c78070509be33292d32ef6d09195b432f.png?wid=1600&fmt=webp-alpha&cropN=0.04,0.08,0.92,.84"
Hybrid MAX Limited,Exterior,Coastal Cream,Included,"https://tmnaassetscs.scene7.com/is/image/tmnaassetscs/vcr/live/vehicle/TOY/2024/grandhighlander/6730/973/dc62af7d97d8cc6ed62e1480912dff54adc83189db1dba25245857436c7c1aeb.png?wid=1600&fmt=webp-alpha&cropN=0.04,0.08,0.92,.84"
Hybrid MAX Limited,Exterior,Celestial Silver Metallic,Included,"https://tmnaassetscs.scene7.com/is/image/tmnaassetscs/vcr/live/vehicle/TOY/2024/grandhighlander/6730/47/1cb7cac74ced939c21b64f7be7325104dbc4c0ddafb609df75406fec18e489d3.png?wid=1600&fmt=webp-alpha&cropN=0.04,0.08,0.92,.84"
Hybrid MAX Limited,Exterior,Ruby Flare Pearl *,$425,"https://tmnaassetscs.scene7.com/is/image/tmnaassetscs/vcr/live/vehicle/TOY/2024/grandhighlander/6730/370/27208402876dc5030258cab2c9ad6311f5b07ffcfb0b5e6c5b37f4d6eae547d6.png?wid=1600&fmt=webp-alpha&cropN=0.04,0.08,0.92,.84"
Hybrid MAX Limited,Exterior,Blueprint,Included,"https://tmnaassetscs.scene7.com/is/image/tmnaassetscs/vcr/live/vehicle/TOY/2024/grandhighlander/6730/508/ca0239d4864e2d1898c0bc3ac9e01b2a4572f533c097ed7d108eb075b5707412.png?wid=1600&fmt=webp-alpha&cropN=0.04,0.08,0.92,.84"
Hybrid MAX Limited,Exterior,Midnight Black Metallic,Included,"https://tmnaassetscs.scene7.com/is/image/tmnaassetscs/vcr/live/vehicle/TOY/2024/grandhighlander/6730/164/77b6b354a780e3ebee00e6793cbf1bf947e3fd9a1707079a33c6676cd55b1137.png?wid=1600&fmt=webp-alpha&cropN=0.04,0.08,0.92,.84"
Hybrid MAX Limited,Interior,Black Leather and Ultrasuede®,Included,N/A
Hybrid MAX Limited,Interior,Light Gray Leather and Ultrasuede®,Included,N/A
Hybrid MAX Limited,Engine,2.4L 4-Cyl. Turbo Hybrid MAX Engine,Included,N/A
Hybrid MAX Limited,Transmission,Direct Shift 6-Speed Automatic Transmission,Included,N/A
Hybrid MAX Limited,Drivetrain,All-Wheel Drive,Included,N/A
Hybrid MAX Limited,Add-On,Panoramic View Monitor,$600 MSRP,N/A
Hybrid MAX Limited,Add-On,Panoramic Moonroof,"$1,350 MSRP",N/A
Hybrid MAX Platinum,Exterior,Storm Cloud,Included,"https://tmnaassetscs.scene7.com/is/image/tmnaassetscs/vcr/live/vehicle/TOY/2024/grandhighlander/6732/828/f00f03b45aea24ad5b61d4cd17edfac6576ad316694a6f38a2994589dd7efb6e.png?wid=1600&fmt=webp-alpha&cropN=0.04,0.08,0.92,.84"
Hybrid MAX Platinum,Exterior,Wind Chill Pearl *,$425,"https://tmnaassetscs.scene7.com/is/image/tmnaassetscs/vcr/live/vehicle/TOY/2024/grandhighlander/6732/797/9cec601d9f2efaf5686ef2b4b2bad601cccde90d9be07ae71d536b312b016edb.png?wid=1600&fmt=webp-alpha&cropN=0.04,0.08,0.92,.84"
Hybrid MAX Platinum,Exterior,Coastal Cream,Included,"https://tmnaassetscs.scene7.com/is/image/tmnaassetscs/vcr/live/vehicle/TOY/2024/grandhighlander/6732/88/b8c4b4d0e46f392ef55c4eb8b5791f38832669f81f1081b42e38730ed21dc23e.png?wid=1600&fmt=webp-alpha&cropN=0.04,0.08,0.92,.84"
Hybrid MAX Platinum,Exterior,Celestial Silver Metallic,Included,"https://tmnaassetscs.scene7.com/is/image/tmnaassetscs/vcr/live/vehicle/TOY/2024/grandhighlander/6732/838/e9f5b46e2cb277fa152f675a702b8569d5462376c2c52621b4e255bbb9352cfb.png?wid=1600&fmt=webp-alpha&cropN=0.04,0.08,0.92,.84"
Hybrid MAX Platinum,Exterior,Ruby Flare Pearl *,$425,"https://tmnaassetscs.scene7.com/is/image/tmnaassetscs/vcr/live/vehicle/TOY/2024/grandhighlander/6732/231/e3cb5b5f64fdba8e66402451667714a3875a27d07c423df6fd1eff486a0e1815.png?wid=1600&fmt=webp-alpha&cropN=0.04,0.08,0.92,.84"
Hybrid MAX Platinum,Exterior,Blueprint,Included,"https://tmnaassetscs.scene7.com/is/image/tmnaassetscs/vcr/live/vehicle/TOY/2024/grandhighlander/6732/41/909379a9f384866fb65c2178bec8d65a2cec43626985f959f3eeeb9329de72b4.png?wid=1600&fmt=webp-alpha&cropN=0.04,0.08,0.92,.84"
Hybrid MAX Platinum,Exterior,Midnight Black Metallic,Included,"https://tmnaassetscs.scene7.com/is/image/tmnaassetscs/vcr/live/vehicle/TOY/2024/grandhighlander/6732/150/31f677f698bad95c1bc134c67392d6d07bd78ed560fc42e74acf67565d565081.png?wid=1600&fmt=webp-alpha&cropN=0.04,0.08,0.92,.84"
Hybrid MAX Platinum,Interior,Portobello Leather and Ultrasuede®,Included,N/A
Hybrid MAX Platinum,Interior,Black Leather and Ultrasuede®,Included,N/A
Hybrid MAX Platinum,Interior,Light Gray Leather and Ultrasuede®,Included,N/A
Hybrid MAX Platinum,Engine,2.4L 4-Cyl. Turbo Hybrid MAX Engine,Included,N/A
Hybrid MAX Platinum,Transmission,Direct Shift 6-Speed Automatic Transmission,Included,N/A
Hybrid MAX Platinum,Drivetrain,All-Wheel Drive,Included,N/A
