Model,Category,Name,Price/Details,Image URL
LE,Exterior,Blueprint,Included,"https://tmnaassetscs.scene7.com/is/image/tmnaassetscs/vcr/live/vehicle/TOY/2025/corolla/1852/975/595ebcef7794a6d5c2b590411aa72a3c600486a03da43ecb77994b68d4fcc2e2.png?wid=1600&fmt=webp-alpha&cropN=0.04,0.08,0.92,.84"
LE,Exterior,Wind Chill Pearl *,$475,"https://tmnaassetscs.scene7.com/is/image/tmnaassetscs/vcr/live/vehicle/TOY/2025/corolla/1852/120/6d239b88069b06daa3c81f79ad7ee156bb1cf9e5899687cefbf97201ffaaabe0.png?wid=1600&fmt=webp-alpha&cropN=0.04,0.08,0.92,.84"
LE,Exterior,Ice Cap,Included,"https://tmnaassetscs.scene7.com/is/image/tmnaassetscs/vcr/live/vehicle/TOY/2025/corolla/1852/631/9a00d45f7709ab585dad16afe294f3785ac2f5664a27e1dd1a0288debddbb640.png?wid=1600&fmt=webp-alpha&cropN=0.04,0.08,0.92,.84"
LE,Exterior,Ruby Flare Pearl *,$475,"https://tmnaassetscs.scene7.com/is/image/tmnaassetscs/vcr/live/vehicle/TOY/2025/corolla/1852/282/a5e6a96293e438a74b60629ceef8cb9a86cec75d578d3af6ebe32179998f9029.png?wid=1600&fmt=webp-alpha&cropN=0.04,0.08,0.92,.84"
LE,Exterior,Classic Silver Metallic,Included,"https://tmnaassetscs.scene7.com/is/image/tmnaassetscs/vcr/live/vehicle/TOY/2025/corolla/1852/852/7fd2fd5c2840510a6c1120e159b682405d07e82abe408feb71d685ec4d14dd63.png?wid=1600&fmt=webp-alpha&cropN=0.04,0.08,0.92,.84"
LE,Exterior,Celestite,Included,"https://tmnaassetscs.scene7.com/is/image/tmnaassetscs/vcr/live/vehicle/TOY/2025/corolla/1852/852/da94e82cabc6ca8afb28a1d36c6b465d310590fcd103955096fc654096cf7d84.png?wid=1600&fmt=webp-alpha&cropN=0.04,0.08,0.92,.84"
LE,Exterior,Midnight Black Metallic,Included,"https://tmnaassetscs.scene7.com/is/image/tmnaassetscs/vcr/live/vehicle/TOY/2025/corolla/1852/146/0363153a5dd85a500858fe06b7168cc7265bf7359097f0e3ae77fd7e8dfb5ddf.png?wid=1600&fmt=webp-alpha&cropN=0.04,0.08,0.92,.84"
LE,Exterior,Underground,Included,"https://tmnaassetscs.scene7.com/is/image/tmnaassetscs/vcr/live/vehicle/TOY/2025/corolla/1852/356/6fac1ffc9d3a66d4386a389d4b927ed35390139347b57859821d88ef1d3bf89e.png?wid=1600&fmt=webp-alpha&cropN=0.04,0.08,0.92,.84"
LE,Interior,Light Gray Fabric,Included,N/A
LE,Interior,Black Fabric,Included,N/A
LE,Interior,Macadamia/Mocha Fabric,Included,N/A
LE,Engine,2.0L 4-Cyl. Engine,Included,N/A
LE,Transmission,Dynamic Shift Continuously Variable Transmission (CVT),Included,N/A
LE,Drivetrain,Front-Wheel Drive,Included,N/A
Hybrid LE,Exterior,Blueprint,Included,"https://tmnaassetscs.scene7.com/is/image/tmnaassetscs/vcr/live/vehicle/TOY/2025/corolla/1882/947/dcad9efba4a5566029b12df74cabf9e5aba48efa5f5cf6a5abf7491870c34f31.png?wid=1600&fmt=webp-alpha&cropN=0.04,0.08,0.92,.84"
Hybrid LE,Exterior,Wind Chill Pearl *,$475,"https://tmnaassetscs.scene7.com/is/image/tmnaassetscs/vcr/live/vehicle/TOY/2025/corolla/1882/108/800257741eb31572ca7e9d2b1ae27d77bf07b8bdefeb58d7b223a37b110a3109.png?wid=1600&fmt=webp-alpha&cropN=0.04,0.08,0.92,.84"
Hybrid LE,Exterior,Ice Cap,Included,"https://tmnaassetscs.scene7.com/is/image/tmnaassetscs/vcr/live/vehicle/TOY/2025/corolla/1882/339/0863254b2f06494e7315daad5b4989b53a55163f0935ee98cf6de6ac18a57e89.png?wid=1600&fmt=webp-alpha&cropN=0.04,0.08,0.92,.84"
Hybrid LE,Exterior,Ruby Flare Pearl *,$475,"https://tmnaassetscs.scene7.com/is/image/tmnaassetscs/vcr/live/vehicle/TOY/2025/corolla/1882/499/3cb680dbb2f11847e1807d84d8cf9e00a99a5f7d59c6fe730dbad96973800de5.png?wid=1600&fmt=webp-alpha&cropN=0.04,0.08,0.92,.84"
Hybrid LE,Exterior,Classic Silver Metallic,Included,"https://tmnaassetscs.scene7.com/is/image/tmnaassetscs/vcr/live/vehicle/TOY/2025/corolla/1882/231/77883d0f469e0a30bcaf4325e599664f659f1032a2198576139c779127bab37f.png?wid=1600&fmt=webp-alpha&cropN=0.04,0.08,0.92,.84"
Hybrid LE,Exterior,Celestite,Included,"https://tmnaassetscs.scene7.com/is/image/tmnaassetscs/vcr/live/vehicle/TOY/2025/corolla/1882/660/a7c5cf044e29e8b1f2a4dd3f655b5cef857183fc31011dcb1f0210233a1ab4d0.png?wid=1600&fmt=webp-alpha&cropN=0.04,0.08,0.92,.84"
Hybrid LE,Exterior,Midnight Black Metallic,Included,"https://tmnaassetscs.scene7.com/is/image/tmnaassetscs/vcr/live/vehicle/TOY/2025/corolla/1882/50/0f383db2f3e264929c98dfae677dac52caf9ca81d6509deecd92db7a5708a4f2.png?wid=1600&fmt=webp-alpha&cropN=0.04,0.08,0.92,.84"
Hybrid LE,Exterior,Underground,Included,"https://tmnaassetscs.scene7.com/is/image/tmnaassetscs/vcr/live/vehicle/TOY/2025/corolla/1882/25/6753fb218d19713f63aeb97e5bf20ae9ce4f8d84ca7a4ddadc56c3b5cd6d831b.png?wid=1600&fmt=webp-alpha&cropN=0.04,0.08,0.92,.84"
Hybrid LE,Interior,Light Gray Fabric,Included,N/A
Hybrid LE,Interior,Black Fabric,Included,N/A
Hybrid LE,Engine,1.8L 4-Cyl. Hybrid Engine,Included,N/A
Hybrid LE,Transmission,Electronically controlled Continuously Variable Transmission (ECVT),Included,N/A
Hybrid LE,Drivetrain,Front-Wheel Drive,Included,N/A
Hybrid LE,Drivetrain,All-Wheel Drive,"$1,400 MSRP",N/A
SE,Exterior,Underground with Midnight Black Metallic roof *,$500,"https://tmnaassetscs.scene7.com/is/image/tmnaassetscs/vcr/live/vehicle/TOY/2025/corolla/1864/923/00fe8bc3744b6f4ec624ce5c2f4e658282b18b22a0e091c915f110213c7d927c.png?wid=1600&fmt=webp-alpha&cropN=0.04,0.08,0.92,.84"
SE,Exterior,Blueprint,Included,"https://tmnaassetscs.scene7.com/is/image/tmnaassetscs/vcr/live/vehicle/TOY/2025/corolla/1864/467/5c8e8a9b103d93fa03763d70cc2898e73e96d13f56b5dee23014ad2b77848a2c.png?wid=1600&fmt=webp-alpha&cropN=0.04,0.08,0.92,.84"
SE,Exterior,Wind Chill Pearl *,$475,"https://tmnaassetscs.scene7.com/is/image/tmnaassetscs/vcr/live/vehicle/TOY/2025/corolla/1864/54/030dc8ee62c19b627b90d4f8dc9b5a82d381dbf77918b66161a997fdd5e2801e.png?wid=1600&fmt=webp-alpha&cropN=0.04,0.08,0.92,.84"
SE,Exterior,Ice Cap,Included,"https://tmnaassetscs.scene7.com/is/image/tmnaassetscs/vcr/live/vehicle/TOY/2025/corolla/1864/605/ee273fa5cae47a0b44d86b3d467fa249de5dd22500a788c195a3ca7cab8eab38.png?wid=1600&fmt=webp-alpha&cropN=0.04,0.08,0.92,.84"
SE,Exterior,Ruby Flare Pearl *,$475,"https://tmnaassetscs.scene7.com/is/image/tmnaassetscs/vcr/live/vehicle/TOY/2025/corolla/1864/694/43169deeb9982ab6407eb66bbcbbb3dde3163ad9239540fad1fc87f588c19d7f.png?wid=1600&fmt=webp-alpha&cropN=0.04,0.08,0.92,.84"
SE,Exterior,Classic Silver Metallic,Included,"https://tmnaassetscs.scene7.com/is/image/tmnaassetscs/vcr/live/vehicle/TOY/2025/corolla/1864/606/bc8d4fc688818a9dc31ed620b8fb1ca2d13d84f8008729853a808b35c83ff8d3.png?wid=1600&fmt=webp-alpha&cropN=0.04,0.08,0.92,.84"
SE,Exterior,Celestite,Included,"https://tmnaassetscs.scene7.com/is/image/tmnaassetscs/vcr/live/vehicle/TOY/2025/corolla/1864/686/b69c0ac603a2709eb15ef5559d62bd610b8a7f1a5c538c5ce92bf311a15b8093.png?wid=1600&fmt=webp-alpha&cropN=0.04,0.08,0.92,.84"
SE,Exterior,Midnight Black Metallic,Included,"https://tmnaassetscs.scene7.com/is/image/tmnaassetscs/vcr/live/vehicle/TOY/2025/corolla/1864/643/2b55aefb0083992cc1532624a2a9da0a661a67b4edc66a0c47f40d838704bb66.png?wid=1600&fmt=webp-alpha&cropN=0.04,0.08,0.92,.84"
SE,Exterior,Underground,Included,"https://tmnaassetscs.scene7.com/is/image/tmnaassetscs/vcr/live/vehicle/TOY/2025/corolla/1864/619/f3c45e0b44a3778bda3997c36148db06ce5665ee7d3e2fe0603a31e4b67c1692.png?wid=1600&fmt=webp-alpha&cropN=0.04,0.08,0.92,.84"
SE,Exterior,Blueprint with Midnight Black Metallic roof *,$500,"https://tmnaassetscs.scene7.com/is/image/tmnaassetscs/vcr/live/vehicle/TOY/2025/corolla/1864/741/556be2adbf34b692374dd2bbf07c89970143cf50eead732eb76a6e3ce9b62f52.png?wid=1600&fmt=webp-alpha&cropN=0.04,0.08,0.92,.84"
SE,Exterior,Wind Chill Pearl with Midnight Black Metallic roof *,$975,"https://tmnaassetscs.scene7.com/is/image/tmnaassetscs/vcr/live/vehicle/TOY/2025/corolla/1864/548/57abd73c039295faf38e526789664b1829cc53a8993371e12d147d33c1ec3ae9.png?wid=1600&fmt=webp-alpha&cropN=0.04,0.08,0.92,.84"
SE,Exterior,Ice Cap with Midnight Black Metallic roof *,$500,"https://tmnaassetscs.scene7.com/is/image/tmnaassetscs/vcr/live/vehicle/TOY/2025/corolla/1864/822/d5c241be0aa4c965a35c0869612c7ea96deff6b41e44184312341e77a1ee029b.png?wid=1600&fmt=webp-alpha&cropN=0.04,0.08,0.92,.84"
SE,Exterior,Ruby Flare Pearl with Midnight Black Metallic roof *,$975,"https://tmnaassetscs.scene7.com/is/image/tmnaassetscs/vcr/live/vehicle/TOY/2025/corolla/1864/891/77120dd377ec36b0f0fc9103d3644e8ce438a6deb12a4c53c5825855e4363ff4.png?wid=1600&fmt=webp-alpha&cropN=0.04,0.08,0.92,.84"
SE,Exterior,Classic Silver Metallic with Midnight Black Metallic roof *,$500,"https://tmnaassetscs.scene7.com/is/image/tmnaassetscs/vcr/live/vehicle/TOY/2025/corolla/1864/901/e792d9c5f8d9fa5319ddaf6f6292795c64549d0cae3c6ff671ea000aeaaa28d7.png?wid=1600&fmt=webp-alpha&cropN=0.04,0.08,0.92,.84"
SE,Exterior,Celestite with Midnight Black Metallic roof *,$500,"https://tmnaassetscs.scene7.com/is/image/tmnaassetscs/vcr/live/vehicle/TOY/2025/corolla/1864/33/ef1c9dd1004afb831dd0eb37f223aa0388a84d25ca8dd96e3b26146ed645b349.png?wid=1600&fmt=webp-alpha&cropN=0.04,0.08,0.92,.84"
SE,Interior,Black/Red Premium Fabric,Included,N/A
SE,Interior,Moonstone Premium Fabric,Included,N/A
SE,Engine,2.0L 4-Cyl. Engine,Included,N/A
SE,Transmission,Dynamic Shift Continuously Variable Transmission (CVT),Included,N/A
SE,Drivetrain,Front-Wheel Drive,Included,N/A
Hybrid SE,Exterior,Blueprint,Included,"https://tmnaassetscs.scene7.com/is/image/tmnaassetscs/vcr/live/vehicle/TOY/2025/corolla/1886/347/f20c548bf16803cef4064ecd1f8dc8200c7e93a1d214a7b635d068418229621b.png?wid=1600&fmt=webp-alpha&cropN=0.04,0.08,0.92,.84"
Hybrid SE,Exterior,Wind Chill Pearl *,$475,"https://tmnaassetscs.scene7.com/is/image/tmnaassetscs/vcr/live/vehicle/TOY/2025/corolla/1886/610/f285ac12f530bcf446d7a734d0ddf09de2c6f30b3cf9ccda357a06738beceb08.png?wid=1600&fmt=webp-alpha&cropN=0.04,0.08,0.92,.84"
Hybrid SE,Exterior,Ice Cap,Included,"https://tmnaassetscs.scene7.com/is/image/tmnaassetscs/vcr/live/vehicle/TOY/2025/corolla/1886/906/4bb27a427d5a69ed90eb0ff45a7ac024e89f8e6d44aa01255838b70968a725f0.png?wid=1600&fmt=webp-alpha&cropN=0.04,0.08,0.92,.84"
Hybrid SE,Exterior,Ruby Flare Pearl *,$475,"https://tmnaassetscs.scene7.com/is/image/tmnaassetscs/vcr/live/vehicle/TOY/2025/corolla/1886/697/f85373c95cfcdc4f983c8d257317c71c57ba077d3c9da2fcc458059bc9c2db0c.png?wid=1600&fmt=webp-alpha&cropN=0.04,0.08,0.92,.84"
Hybrid SE,Exterior,Classic Silver Metallic,Included,"https://tmnaassetscs.scene7.com/is/image/tmnaassetscs/vcr/live/vehicle/TOY/2025/corolla/1886/294/aedd4f1e4e2be5c008ed99f1ba37b0fa11bb8e3d850db6d4a777c395d45ff3f9.png?wid=1600&fmt=webp-alpha&cropN=0.04,0.08,0.92,.84"
Hybrid SE,Exterior,Celestite,Included,"https://tmnaassetscs.scene7.com/is/image/tmnaassetscs/vcr/live/vehicle/TOY/2025/corolla/1886/81/2eca1309a810a8583d6ceb65990adf6bcc1a4c1565db7979fc9e5a12c558d114.png?wid=1600&fmt=webp-alpha&cropN=0.04,0.08,0.92,.84"
Hybrid SE,Exterior,Midnight Black Metallic,Included,"https://tmnaassetscs.scene7.com/is/image/tmnaassetscs/vcr/live/vehicle/TOY/2025/corolla/1886/408/bd634858761e1d3493527dbaefaef10d5ba822c388e1071f17a2155e6754dedb.png?wid=1600&fmt=webp-alpha&cropN=0.04,0.08,0.92,.84"
Hybrid SE,Exterior,Underground,Included,"https://tmnaassetscs.scene7.com/is/image/tmnaassetscs/vcr/live/vehicle/TOY/2025/corolla/1886/590/a8081f4e44948758aac2a13edec106bf52ad2c3220ac5dde93d1a4b3ef12ba90.png?wid=1600&fmt=webp-alpha&cropN=0.04,0.08,0.92,.84"
Hybrid SE,Interior,Black/Red Premium Fabric,Included,N/A
Hybrid SE,Interior,Moonstone Premium Fabric,Included,N/A
Hybrid SE,Engine,1.8L 4-Cyl. Hybrid Engine,Included,N/A
Hybrid SE,Transmission,Electronically controlled Continuously Variable Transmission (ECVT),Included,N/A
Hybrid SE,Drivetrain,Front-Wheel Drive,Included,N/A
Hybrid SE,Drivetrain,All-Wheel Drive,"$1,400 MSRP",N/A
FX,Exterior,Underground with Midnight Black Metallic roof *,$500,"https://tmnaassetscs.scene7.com/is/image/tmnaassetscs/vcr/live/vehicle/TOY/2025/corolla/1870/441/bc6a03f9e964598b3da805bc01fbdd66e4925c77e27b7e4b78f8eda91db0d96f.png?wid=1600&fmt=webp-alpha&cropN=0.04,0.08,0.92,.84"
FX,Exterior,Midnight Black Metallic,Included,"https://tmnaassetscs.scene7.com/is/image/tmnaassetscs/vcr/live/vehicle/TOY/2025/corolla/1870/261/d9a63c355ca0b944a261631edf003f7b8d5415163ffbe85ded8b448feaf153f1.png?wid=1600&fmt=webp-alpha&cropN=0.04,0.08,0.92,.84"
FX,Exterior,Ice Cap with Midnight Black Metallic roof *,$500,"https://tmnaassetscs.scene7.com/is/image/tmnaassetscs/vcr/live/vehicle/TOY/2025/corolla/1870/6/199243c642d8ad3afda576ef4e2cdab12324fabd2724a36a90b3395010e61f12.png?wid=1600&fmt=webp-alpha&cropN=0.04,0.08,0.92,.84"
FX,Interior,Moonstone Premium Fabric w/ Orange Stitching,Included,N/A
FX,Engine,2.0L 4-Cyl. Engine,Included,N/A
FX,Transmission,Dynamic Shift Continuously Variable Transmission (CVT),Included,N/A
FX,Drivetrain,Front-Wheel Drive,Included,N/A
XSE,Exterior,Underground with Midnight Black Metallic roof *,$500,"https://tmnaassetscs.scene7.com/is/image/tmnaassetscs/vcr/live/vehicle/TOY/2025/corolla/1866/60/5467f10c6c1bbe3953658ad40e0854959b2954e91ef858a589a701b0c62c8316.png?wid=1600&fmt=webp-alpha&cropN=0.04,0.08,0.92,.84"
XSE,Exterior,Blueprint,Included,"https://tmnaassetscs.scene7.com/is/image/tmnaassetscs/vcr/live/vehicle/TOY/2025/corolla/1866/824/595e9d18098708b327f1dd2548ae7978a952a149061826e55f9fd01b537554fe.png?wid=1600&fmt=webp-alpha&cropN=0.04,0.08,0.92,.84"
XSE,Exterior,Wind Chill Pearl *,$475,"https://tmnaassetscs.scene7.com/is/image/tmnaassetscs/vcr/live/vehicle/TOY/2025/corolla/1866/422/f385ae66f47ce363b6bee37a7ee1a857e0b2196ab7912defda0172e8d7d522e6.png?wid=1600&fmt=webp-alpha&cropN=0.04,0.08,0.92,.84"
XSE,Exterior,Ice Cap,Included,"https://tmnaassetscs.scene7.com/is/image/tmnaassetscs/vcr/live/vehicle/TOY/2025/corolla/1866/622/1fc2904e149f2ceb47c733cfe7976a3900bd8977405a4cf0b8a82e96403f2c28.png?wid=1600&fmt=webp-alpha&cropN=0.04,0.08,0.92,.84"
XSE,Exterior,Ruby Flare Pearl *,$475,"https://tmnaassetscs.scene7.com/is/image/tmnaassetscs/vcr/live/vehicle/TOY/2025/corolla/1866/448/5a23c060c2728cc808768740dbbe8dfbb99f967ddb66abd00ee782ea821e5cd3.png?wid=1600&fmt=webp-alpha&cropN=0.04,0.08,0.92,.84"
XSE,Exterior,Classic Silver Metallic,Included,"https://tmnaassetscs.scene7.com/is/image/tmnaassetscs/vcr/live/vehicle/TOY/2025/corolla/1866/52/fd2705dc4da5f80b3d588525fce9824ff31a01981c864174914d052f6b638ff3.png?wid=1600&fmt=webp-alpha&cropN=0.04,0.08,0.92,.84"
XSE,Exterior,Celestite,Included,"https://tmnaassetscs.scene7.com/is/image/tmnaassetscs/vcr/live/vehicle/TOY/2025/corolla/1866/922/07287512f0dcb2bc2318eec1013ad629acc5fd96017143f3c561ffbb41d3e280.png?wid=1600&fmt=webp-alpha&cropN=0.04,0.08,0.92,.84"
XSE,Exterior,Midnight Black Metallic,Included,"https://tmnaassetscs.scene7.com/is/image/tmnaassetscs/vcr/live/vehicle/TOY/2025/corolla/1866/67/6d5e17fb3245be083c35b17bafdba3e12569740b475d9981b64def0e05bc4c0d.png?wid=1600&fmt=webp-alpha&cropN=0.04,0.08,0.92,.84"
XSE,Exterior,Underground,Included,"https://tmnaassetscs.scene7.com/is/image/tmnaassetscs/vcr/live/vehicle/TOY/2025/corolla/1866/223/9da695bf2e092630034173f8bb418f4f151b0bde695598516868a784bc649083.png?wid=1600&fmt=webp-alpha&cropN=0.04,0.08,0.92,.84"
XSE,Exterior,Blueprint with Midnight Black Metallic roof *,$500,"https://tmnaassetscs.scene7.com/is/image/tmnaassetscs/vcr/live/vehicle/TOY/2025/corolla/1866/706/90f3dc22fc6610f079242cde3508124a5ec0c0a033b6dd426a8890d40dcda4ee.png?wid=1600&fmt=webp-alpha&cropN=0.04,0.08,0.92,.84"
XSE,Exterior,Wind Chill Pearl with Midnight Black Metallic roof *,$975,"https://tmnaassetscs.scene7.com/is/image/tmnaassetscs/vcr/live/vehicle/TOY/2025/corolla/1866/344/81b0f6a883e70d1796a6199fc461ca6a624bcf41b2adb83e05cbeceaad7ccafc.png?wid=1600&fmt=webp-alpha&cropN=0.04,0.08,0.92,.84"
XSE,Exterior,Ice Cap with Midnight Black Metallic roof *,$500,"https://tmnaassetscs.scene7.com/is/image/tmnaassetscs/vcr/live/vehicle/TOY/2025/corolla/1866/396/10a9dc24e1eb16f1260f1d175ea1ee493a8f1aa0f26c4543f7b30be24acc7ff1.png?wid=1600&fmt=webp-alpha&cropN=0.04,0.08,0.92,.84"
XSE,Exterior,Ruby Flare Pearl with Midnight Black Metallic roof *,$975,"https://tmnaassetscs.scene7.com/is/image/tmnaassetscs/vcr/live/vehicle/TOY/2025/corolla/1866/323/34eafc9b3f41a1b85eab77a838d3277b5caaa4989ca5a1364305ae0d16f74277.png?wid=1600&fmt=webp-alpha&cropN=0.04,0.08,0.92,.84"
XSE,Exterior,Classic Silver Metallic with Midnight Black Metallic roof *,$500,"https://tmnaassetscs.scene7.com/is/image/tmnaassetscs/vcr/live/vehicle/TOY/2025/corolla/1866/482/ea3b0cf2420dba6fdbddc1061f8661f14d10ffd896c6237b4d05c40fe693beeb.png?wid=1600&fmt=webp-alpha&cropN=0.04,0.08,0.92,.84"
XSE,Exterior,Celestite with Midnight Black Metallic roof *,$500,"https://tmnaassetscs.scene7.com/is/image/tmnaassetscs/vcr/live/vehicle/TOY/2025/corolla/1866/894/55043836eaa53b148dfadcb5891e1905b6c64c8b5ffb9d7d6353228a852c76e4.png?wid=1600&fmt=webp-alpha&cropN=0.04,0.08,0.92,.84"
XSE,Interior,Black/Red SofTex® */Fabric Mixed Media,Included,N/A
XSE,Interior,Black SofTex® */Fabric Mixed Media,Included,N/A
XSE,Engine,2.0L 4-Cyl. Engine,Included,N/A
XSE,Transmission,Dynamic Shift Continuously Variable Transmission (CVT),Included,N/A
XSE,Drivetrain,Front-Wheel Drive,Included,N/A
Hybrid XLE,Exterior,Blueprint,Included,"https://tmnaassetscs.scene7.com/is/image/tmnaassetscs/vcr/live/vehicle/TOY/2025/corolla/1892/165/6a1eeb1d9d97eb646a87eb9a8ecfcea49dd8123060e4ceea3ce913252d9b2040.png?wid=1600&fmt=webp-alpha&cropN=0.04,0.08,0.92,.84"
Hybrid XLE,Exterior,Wind Chill Pearl *,$475,"https://tmnaassetscs.scene7.com/is/image/tmnaassetscs/vcr/live/vehicle/TOY/2025/corolla/1892/690/997048b2c3897b2baed91c9f3f68e30cb5ff168229f4149dba4297f09735c85b.png?wid=1600&fmt=webp-alpha&cropN=0.04,0.08,0.92,.84"
Hybrid XLE,Exterior,Ice Cap,Included,"https://tmnaassetscs.scene7.com/is/image/tmnaassetscs/vcr/live/vehicle/TOY/2025/corolla/1892/476/d35ab64431c808fb5b27c592bffe4a2722b438a34ccf8614378bbf89e5373bad.png?wid=1600&fmt=webp-alpha&cropN=0.04,0.08,0.92,.84"
Hybrid XLE,Exterior,Ruby Flare Pearl *,$475,"https://tmnaassetscs.scene7.com/is/image/tmnaassetscs/vcr/live/vehicle/TOY/2025/corolla/1892/306/b60c92ba7d7ddfd94eb0a9417180789be42c2bf8ceac8d2f82ec4abb7720dc67.png?wid=1600&fmt=webp-alpha&cropN=0.04,0.08,0.92,.84"
Hybrid XLE,Exterior,Classic Silver Metallic,Included,"https://tmnaassetscs.scene7.com/is/image/tmnaassetscs/vcr/live/vehicle/TOY/2025/corolla/1892/736/795c5af874147dd76b3e391c5d5f2e353a395fbf990ccb7e5eefa0a7c4794223.png?wid=1600&fmt=webp-alpha&cropN=0.04,0.08,0.92,.84"
Hybrid XLE,Exterior,Celestite,Included,"https://tmnaassetscs.scene7.com/is/image/tmnaassetscs/vcr/live/vehicle/TOY/2025/corolla/1892/935/7d5d17c70d48294ef566af15b0d8242ee1c3863cc2ff8f60cbf7ecd85e631eac.png?wid=1600&fmt=webp-alpha&cropN=0.04,0.08,0.92,.84"
Hybrid XLE,Exterior,Midnight Black Metallic,Included,"https://tmnaassetscs.scene7.com/is/image/tmnaassetscs/vcr/live/vehicle/TOY/2025/corolla/1892/11/733aa84b72fa9954644192a85b056052be8a7fc538613f7d8f8cb72f54c30ec5.png?wid=1600&fmt=webp-alpha&cropN=0.04,0.08,0.92,.84"
Hybrid XLE,Exterior,Underground,Included,"https://tmnaassetscs.scene7.com/is/image/tmnaassetscs/vcr/live/vehicle/TOY/2025/corolla/1892/979/c476d0930426809a676fcf3b0e3002211b5fe46a2a88f7b72f92a6d7e947835c.png?wid=1600&fmt=webp-alpha&cropN=0.04,0.08,0.92,.84"
Hybrid XLE,Interior,Black SofTex® *,Included,N/A
Hybrid XLE,Interior,Macadamia/Mocha SofTex® *,Included,N/A
Hybrid XLE,Engine,1.8L 4-Cyl. Hybrid Engine,Included,N/A
Hybrid XLE,Transmission,Electronically controlled Continuously Variable Transmission (ECVT),Included,N/A
Hybrid XLE,Drivetrain,Front-Wheel Drive,Included,N/A
