Model,Category,Name,Price/Details,Image URL
LE,Exterior,Midnight Black Metallic,Included,"https://tmnaassetscs.scene7.com/is/image/tmnaassetscs/vcr/live/vehicle/TOY/2024/corolla/1852/948/470862ec98e91b95edacd60d62e51926867c9c45e398b445e17126e9f811e235.png?wid=1600&fmt=webp-alpha&cropN=0.04,0.08,0.92,.84"
LE,Exterior,Ruby Flare Pearl *,$425,"https://tmnaassetscs.scene7.com/is/image/tmnaassetscs/vcr/live/vehicle/TOY/2024/corolla/1852/121/eb664ce9200f622a14ba08dedbb60a5ed7fe4b63d7ec23886ed0e4ec91fc440a.png?wid=1600&fmt=webp-alpha&cropN=0.04,0.08,0.92,.84"
LE,Exterior,Wind Chill Pearl *,$425,"https://tmnaassetscs.scene7.com/is/image/tmnaassetscs/vcr/live/vehicle/TOY/2024/corolla/1852/497/f0e2485920a772633e0f278ac38107ff5d643e610cd9238af22bdf7def0e8ccc.png?wid=1600&fmt=webp-alpha&cropN=0.04,0.08,0.92,.84"
LE,Exterior,Ice Cap,Included,"https://tmnaassetscs.scene7.com/is/image/tmnaassetscs/vcr/live/vehicle/TOY/2024/corolla/1852/795/cddac5eba494bb4a33cd821cf77e7fdf95af544ddfe8919b9aef079754dde91a.png?wid=1600&fmt=webp-alpha&cropN=0.04,0.08,0.92,.84"
LE,Exterior,Classic Silver Metallic,Included,"https://tmnaassetscs.scene7.com/is/image/tmnaassetscs/vcr/live/vehicle/TOY/2024/corolla/1852/307/63cf59bb155bf3885e5d7ea10d053db3f542c90543b607bfcc19430c00797a20.png?wid=1600&fmt=webp-alpha&cropN=0.04,0.08,0.92,.84"
LE,Exterior,Celestite,Included,"https://tmnaassetscs.scene7.com/is/image/tmnaassetscs/vcr/live/vehicle/TOY/2024/corolla/1852/185/ab231959557b0458ec9b80a205362e98a07044b03abde3d10978de2d1faf48fa.png?wid=1600&fmt=webp-alpha&cropN=0.04,0.08,0.92,.84"
LE,Exterior,Underground,Included,"https://tmnaassetscs.scene7.com/is/image/tmnaassetscs/vcr/live/vehicle/TOY/2024/corolla/1852/197/d3fcdce5f3bccfb14d09c200a19a774384d22abe81fb76469f1f1a448c169d75.png?wid=1600&fmt=webp-alpha&cropN=0.04,0.08,0.92,.84"
LE,Exterior,Blueprint,Included,"https://tmnaassetscs.scene7.com/is/image/tmnaassetscs/vcr/live/vehicle/TOY/2024/corolla/1852/11/6d317dcb157ae205ac492a854bb8c488b2aeed736144590d624c6b6b66981cd7.png?wid=1600&fmt=webp-alpha&cropN=0.04,0.08,0.92,.84"
LE,Interior,Light Gray Fabric,Included,N/A
LE,Interior,Black Fabric,Included,N/A
LE,Interior,Macadamia/Mocha Fabric,Included,N/A
LE,Engine,2.0L 4-Cyl. Engine,Included,N/A
LE,Transmission,Dynamic Shift Continuously Variable Transmission (CVT),Included,N/A
LE,Drivetrain,Front-Wheel Drive,Included,N/A
Hybrid LE,Exterior,Midnight Black Metallic,Included,"https://tmnaassetscs.scene7.com/is/image/tmnaassetscs/vcr/live/vehicle/TOY/2024/corolla/1882/967/3ffe992f325af20b76c5b602c586b8512d1885b0a794ad33895cd99848a5a05f.png?wid=1600&fmt=webp-alpha&cropN=0.04,0.08,0.92,.84"
Hybrid LE,Exterior,Ruby Flare Pearl *,$425,"https://tmnaassetscs.scene7.com/is/image/tmnaassetscs/vcr/live/vehicle/TOY/2024/corolla/1882/899/27963ae32a06f40ec65b04d6f1a55968598e92c62c7cbb7607193a409a7ef588.png?wid=1600&fmt=webp-alpha&cropN=0.04,0.08,0.92,.84"
Hybrid LE,Exterior,Wind Chill Pearl *,$425,"https://tmnaassetscs.scene7.com/is/image/tmnaassetscs/vcr/live/vehicle/TOY/2024/corolla/1882/452/41caa49cb8905b1ac0703470e00346fc54fc0229b22bbd280ab883a5ec9d7731.png?wid=1600&fmt=webp-alpha&cropN=0.04,0.08,0.92,.84"
Hybrid LE,Exterior,Ice Cap,Included,"https://tmnaassetscs.scene7.com/is/image/tmnaassetscs/vcr/live/vehicle/TOY/2024/corolla/1882/148/2ed87acc86d9967dfcd7c0a41a70739aad6aef0940f27e8019dddec57e7958e4.png?wid=1600&fmt=webp-alpha&cropN=0.04,0.08,0.92,.84"
Hybrid LE,Exterior,Classic Silver Metallic,Included,"https://tmnaassetscs.scene7.com/is/image/tmnaassetscs/vcr/live/vehicle/TOY/2024/corolla/1882/209/dac461e969f32b8e9c787584b4e53ca0381706316c83bb2d6f71af2c55506a10.png?wid=1600&fmt=webp-alpha&cropN=0.04,0.08,0.92,.84"
Hybrid LE,Exterior,Celestite,Included,"https://tmnaassetscs.scene7.com/is/image/tmnaassetscs/vcr/live/vehicle/TOY/2024/corolla/1882/780/29a9ad34a56d076439acbb084c8df30510815248f0bd6f9a0120f09db0bbfa8b.png?wid=1600&fmt=webp-alpha&cropN=0.04,0.08,0.92,.84"
Hybrid LE,Exterior,Underground,Included,"https://tmnaassetscs.scene7.com/is/image/tmnaassetscs/vcr/live/vehicle/TOY/2024/corolla/1882/474/4c397efa0061c69aef31b2c6058142f72520ea00163059695809046ca3315d42.png?wid=1600&fmt=webp-alpha&cropN=0.04,0.08,0.92,.84"
Hybrid LE,Exterior,Blueprint,Included,"https://tmnaassetscs.scene7.com/is/image/tmnaassetscs/vcr/live/vehicle/TOY/2024/corolla/1882/307/7172ce3b628922b6e5d2ca56b8469a8420cdebec9d0da3900ddea1764e57795d.png?wid=1600&fmt=webp-alpha&cropN=0.04,0.08,0.92,.84"
Hybrid LE,Interior,Light Gray Fabric,Included,N/A
Hybrid LE,Interior,Black Fabric,Included,N/A
Hybrid LE,Engine,1.8L 4-Cyl. Hybrid Engine,Included,N/A
Hybrid LE,Transmission,Electronically controlled Continuously Variable Transmission (ECVT),Included,N/A
Hybrid LE,Drivetrain,Front-Wheel Drive,Included,N/A
Hybrid LE,Drivetrain,All-Wheel Drive,"$1,400 MSRP",N/A
SE,Exterior,Midnight Black Metallic,Included,"https://tmnaassetscs.scene7.com/is/image/tmnaassetscs/vcr/live/vehicle/TOY/2024/corolla/1864/638/ff1bfe3e7d4bc5b9737f2df271ac8f94db220d067c23a16f93e5456cd311b56a.png?wid=1600&fmt=webp-alpha&cropN=0.04,0.08,0.92,.84"
SE,Exterior,Ruby Flare Pearl *,$425,"https://tmnaassetscs.scene7.com/is/image/tmnaassetscs/vcr/live/vehicle/TOY/2024/corolla/1864/326/bcbff3868442eff8af1cf235a32ef65766b19a07c4bb75613a8ae17ef179a687.png?wid=1600&fmt=webp-alpha&cropN=0.04,0.08,0.92,.84"
SE,Exterior,Wind Chill Pearl *,$425,"https://tmnaassetscs.scene7.com/is/image/tmnaassetscs/vcr/live/vehicle/TOY/2024/corolla/1864/269/264d70753b946bad98bff93df3b3f37acd217f32ed034a0cadacf3674b59b2c7.png?wid=1600&fmt=webp-alpha&cropN=0.04,0.08,0.92,.84"
SE,Exterior,Ice Cap,Included,"https://tmnaassetscs.scene7.com/is/image/tmnaassetscs/vcr/live/vehicle/TOY/2024/corolla/1864/361/374cf90108994ddc9015ed5d1b3646d275a915bcb9e25cb0896a590a90debbb1.png?wid=1600&fmt=webp-alpha&cropN=0.04,0.08,0.92,.84"
SE,Exterior,Classic Silver Metallic,Included,"https://tmnaassetscs.scene7.com/is/image/tmnaassetscs/vcr/live/vehicle/TOY/2024/corolla/1864/101/05bed78d46fd83c0e96259ac8b5df84ba7f7bb1246e9b38190f5ace3a7c8df47.png?wid=1600&fmt=webp-alpha&cropN=0.04,0.08,0.92,.84"
SE,Exterior,Celestite,Included,"https://tmnaassetscs.scene7.com/is/image/tmnaassetscs/vcr/live/vehicle/TOY/2024/corolla/1864/730/5bd983e284973fc39da7a36ced34e9ffa3fc32e9cd921f2956415d49aa52be2f.png?wid=1600&fmt=webp-alpha&cropN=0.04,0.08,0.92,.84"
SE,Exterior,Underground,Included,"https://tmnaassetscs.scene7.com/is/image/tmnaassetscs/vcr/live/vehicle/TOY/2024/corolla/1864/315/9599db3b220d6c861db352ac7becf2e99c0386db5ec6f7ddd0b1d2c98fb608d1.png?wid=1600&fmt=webp-alpha&cropN=0.04,0.08,0.92,.84"
SE,Exterior,Blueprint,Included,"https://tmnaassetscs.scene7.com/is/image/tmnaassetscs/vcr/live/vehicle/TOY/2024/corolla/1864/315/0d010b9bee7935c093c3d30b7318c79fa0c3b2ca39c70fcb97e4eb60a55ca625.png?wid=1600&fmt=webp-alpha&cropN=0.04,0.08,0.92,.84"
SE,Exterior,Ice Cap with Midnight Black Metallic roof *,$500,"https://tmnaassetscs.scene7.com/is/image/tmnaassetscs/vcr/live/vehicle/TOY/2024/corolla/1864/553/5e035871b70a1ab59d0ab85f1a4d33a27d1ade47e2047243c679e41456973893.png?wid=1600&fmt=webp-alpha&cropN=0.04,0.08,0.92,.84"
SE,Exterior,Wind Chill Pearl with Midnight Black Metallic roof *,$925,"https://tmnaassetscs.scene7.com/is/image/tmnaassetscs/vcr/live/vehicle/TOY/2024/corolla/1864/338/4314f6aae30357adb5a13392c6231ad964c0a162416e563a0b3a40c8f3e57c03.png?wid=1600&fmt=webp-alpha&cropN=0.04,0.08,0.92,.84"
SE,Exterior,Classic Silver Metallic with Midnight Black Metallic roof *,$500,"https://tmnaassetscs.scene7.com/is/image/tmnaassetscs/vcr/live/vehicle/TOY/2024/corolla/1864/70/bdabdd0e0ba5a198861d839acc7fd81c524129df96de46c9e6afdaff29f5e50a.png?wid=1600&fmt=webp-alpha&cropN=0.04,0.08,0.92,.84"
SE,Exterior,Celestite with Midnight Black Metallic roof *,$500,"https://tmnaassetscs.scene7.com/is/image/tmnaassetscs/vcr/live/vehicle/TOY/2024/corolla/1864/765/55957b356692b08ca360f5ae833ad0aebacb8a919e36ebdadd994cc6b51d75f6.png?wid=1600&fmt=webp-alpha&cropN=0.04,0.08,0.92,.84"
SE,Exterior,Underground with Midnight Black Metallic roof *,$500,"https://tmnaassetscs.scene7.com/is/image/tmnaassetscs/vcr/live/vehicle/TOY/2024/corolla/1864/302/f5ad8b46770f0419aafdd5bd2fe467291fc62fa96b76c68ff01a5903950568d3.png?wid=1600&fmt=webp-alpha&cropN=0.04,0.08,0.92,.84"
SE,Exterior,Ruby Flare Pearl with Midnight Black Metallic roof *,$925,"https://tmnaassetscs.scene7.com/is/image/tmnaassetscs/vcr/live/vehicle/TOY/2024/corolla/1864/49/59b4bcd9b5fb26cc9316e34d37f25ab5733c9bc759420292a4d476d791678e31.png?wid=1600&fmt=webp-alpha&cropN=0.04,0.08,0.92,.84"
SE,Exterior,Blueprint with Midnight Black Metallic roof *,$500,"https://tmnaassetscs.scene7.com/is/image/tmnaassetscs/vcr/live/vehicle/TOY/2024/corolla/1864/99/4f82fb63ca8ea073eb567d41ee5413356e373afd68a3394828aa603a9f877421.png?wid=1600&fmt=webp-alpha&cropN=0.04,0.08,0.92,.84"
SE,Interior,Black/Red Premium Fabric,Included,N/A
SE,Interior,Moonstone Premium Fabric,Included,N/A
SE,Engine,2.0L 4-Cyl. Engine,Included,N/A
SE,Transmission,Dynamic-Shift Continuously Variable Transmission (CVT),Included,N/A
SE,Drivetrain,Front-Wheel Drive,Included,N/A
Nightshade,Exterior,Midnight Black Metallic,Included,"https://tmnaassetscs.scene7.com/is/image/tmnaassetscs/vcr/live/vehicle/TOY/2024/corolla/1868/888/b53524a8e1e669bd400734c5bd159f1bc5b00bfceb9a6e7cc48c7541a7680c4c.png?wid=1600&fmt=webp-alpha&cropN=0.04,0.08,0.92,.84"
Nightshade,Exterior,Ice Cap,Included,"https://tmnaassetscs.scene7.com/is/image/tmnaassetscs/vcr/live/vehicle/TOY/2024/corolla/1868/947/d46aa17b2f8ea4d2e0397ce2d7b0bfc72f5c66615af2b3d93239a65cda8ce83c.png?wid=1600&fmt=webp-alpha&cropN=0.04,0.08,0.92,.84"
Nightshade,Exterior,Classic Silver Metallic,Included,"https://tmnaassetscs.scene7.com/is/image/tmnaassetscs/vcr/live/vehicle/TOY/2024/corolla/1868/212/a0553324deb043dea1d77026f46686c3840a3eb911c6becf6aa80e632baa4c5f.png?wid=1600&fmt=webp-alpha&cropN=0.04,0.08,0.92,.84"
Nightshade,Interior,Black/Red Premium Fabric,Included,N/A
Nightshade,Engine,2.0L 4-Cyl. Engine,Included,N/A
Nightshade,Transmission,Dynamic Shift Continuously Variable Transmission (CVT),Included,N/A
Nightshade,Drivetrain,Front-Wheel Drive,Included,N/A
Hybrid SE,Exterior,Midnight Black Metallic,Included,"https://tmnaassetscs.scene7.com/is/image/tmnaassetscs/vcr/live/vehicle/TOY/2024/corolla/1886/783/5ba66df7ac5e77c703c3291ba93adebb03410fe4bec2183cd5478d35951c6017.png?wid=1600&fmt=webp-alpha&cropN=0.04,0.08,0.92,.84"
Hybrid SE,Exterior,Ruby Flare Pearl *,$425,"https://tmnaassetscs.scene7.com/is/image/tmnaassetscs/vcr/live/vehicle/TOY/2024/corolla/1886/946/bb5146da970895c85361b2d1d76878a267fc0b28a8263b74fbad42385c39fcef.png?wid=1600&fmt=webp-alpha&cropN=0.04,0.08,0.92,.84"
Hybrid SE,Exterior,Wind Chill Pearl *,$425,"https://tmnaassetscs.scene7.com/is/image/tmnaassetscs/vcr/live/vehicle/TOY/2024/corolla/1886/245/c6fbda854b9752ad6b76a190b797ff1d6e804309f65b7c9e48624641d808592c.png?wid=1600&fmt=webp-alpha&cropN=0.04,0.08,0.92,.84"
Hybrid SE,Exterior,Ice Cap,Included,"https://tmnaassetscs.scene7.com/is/image/tmnaassetscs/vcr/live/vehicle/TOY/2024/corolla/1886/934/59eba316ff796c43848abac92fd9352311a8c30a232a8fa858db1ba32297af70.png?wid=1600&fmt=webp-alpha&cropN=0.04,0.08,0.92,.84"
Hybrid SE,Exterior,Classic Silver Metallic,Included,"https://tmnaassetscs.scene7.com/is/image/tmnaassetscs/vcr/live/vehicle/TOY/2024/corolla/1886/321/96edb72904cc6d5544cb73590f546e7bd69429b1c08b57d357326caa5fd48daf.png?wid=1600&fmt=webp-alpha&cropN=0.04,0.08,0.92,.84"
Hybrid SE,Exterior,Celestite,Included,"https://tmnaassetscs.scene7.com/is/image/tmnaassetscs/vcr/live/vehicle/TOY/2024/corolla/1886/242/0a035bb227c430f3263b197061cff58e13d01cc1cb0f9d6a41f2ec384eb7478f.png?wid=1600&fmt=webp-alpha&cropN=0.04,0.08,0.92,.84"
Hybrid SE,Exterior,Underground,Included,"https://tmnaassetscs.scene7.com/is/image/tmnaassetscs/vcr/live/vehicle/TOY/2024/corolla/1886/951/e317f47ff66d18fd5ce1b802902558c3bbd2377ccdffb17953f46ffedb352127.png?wid=1600&fmt=webp-alpha&cropN=0.04,0.08,0.92,.84"
Hybrid SE,Exterior,Blueprint,Included,"https://tmnaassetscs.scene7.com/is/image/tmnaassetscs/vcr/live/vehicle/TOY/2024/corolla/1886/548/e370e08c8f60d9be61373a51d8f216d1e38af90711112a8a2f99b582db4f318a.png?wid=1600&fmt=webp-alpha&cropN=0.04,0.08,0.92,.84"
Hybrid SE,Interior,Black/Red Premium Fabric,Included,N/A
Hybrid SE,Interior,Moonstone Premium Fabric,Included,N/A
Hybrid SE,Engine,1.8L 4-Cyl. Hybrid Engine,Included,N/A
Hybrid SE,Transmission,Electronically controlled Continuously Variable Transmission (ECVT),Included,N/A
Hybrid SE,Drivetrain,Front-Wheel Drive,Included,N/A
Hybrid SE,Drivetrain,All-Wheel Drive,"$1,400 MSRP",N/A
Hybrid Nightshade,Exterior,Midnight Black Metallic,Included,"https://tmnaassetscs.scene7.com/is/image/tmnaassetscs/vcr/live/vehicle/TOY/2024/corolla/1880/500/c7220cdc038229da37f895d751dbbb6ea54c67e6170d375007deaf44aba65024.png?wid=1600&fmt=webp-alpha&cropN=0.04,0.08,0.92,.84"
Hybrid Nightshade,Exterior,Ice Cap,Included,"https://tmnaassetscs.scene7.com/is/image/tmnaassetscs/vcr/live/vehicle/TOY/2024/corolla/1880/996/bfee71f441c54057e1fd4404b59519989d1ac7b3ab5be04cb531b5e3c5a31381.png?wid=1600&fmt=webp-alpha&cropN=0.04,0.08,0.92,.84"
Hybrid Nightshade,Exterior,Classic Silver Metallic,Included,"https://tmnaassetscs.scene7.com/is/image/tmnaassetscs/vcr/live/vehicle/TOY/2024/corolla/1880/235/c2eb2c6b149b4179fdc373f23fddd9e8675bf44540685c43429dcf312b1f7078.png?wid=1600&fmt=webp-alpha&cropN=0.04,0.08,0.92,.84"
Hybrid Nightshade,Interior,Black/Red Premium Fabric,Included,N/A
Hybrid Nightshade,Engine,1.8L 4-Cyl. Hybrid Engine,Included,N/A
Hybrid Nightshade,Transmission,Dynamic-Shift Continuously Variable Transmission (CVT),Included,N/A
Hybrid Nightshade,Drivetrain,Front-Wheel Drive,Included,N/A
Hybrid Nightshade,Drivetrain,All-Wheel Drive,"$1,400 MSRP",N/A
XSE,Exterior,Midnight Black Metallic,Included,"https://tmnaassetscs.scene7.com/is/image/tmnaassetscs/vcr/live/vehicle/TOY/2024/corolla/1866/659/1e7ec9bbbf2f9dcedf46178a450fecdf387b46706568aa939fd595637b926b9e.png?wid=1600&fmt=webp-alpha&cropN=0.04,0.08,0.92,.84"
XSE,Exterior,Ruby Flare Pearl *,$425,"https://tmnaassetscs.scene7.com/is/image/tmnaassetscs/vcr/live/vehicle/TOY/2024/corolla/1866/328/94e94ff819def07315adca73c3d97d513e69ec90b62ead829e831a541d8ef6c9.png?wid=1600&fmt=webp-alpha&cropN=0.04,0.08,0.92,.84"
XSE,Exterior,Wind Chill Pearl *,$425,"https://tmnaassetscs.scene7.com/is/image/tmnaassetscs/vcr/live/vehicle/TOY/2024/corolla/1866/625/d8493de1766e01b5d362ae3381f21aa2c4b1a6a83afdc7d9a9f29d48b4e3d1fe.png?wid=1600&fmt=webp-alpha&cropN=0.04,0.08,0.92,.84"
XSE,Exterior,Ice Cap,Included,"https://tmnaassetscs.scene7.com/is/image/tmnaassetscs/vcr/live/vehicle/TOY/2024/corolla/1866/654/2ea0abb6ec72acce720eb6aeeae92d8fec5bf7343959b49e92027efcecf7ebc8.png?wid=1600&fmt=webp-alpha&cropN=0.04,0.08,0.92,.84"
XSE,Exterior,Classic Silver Metallic,Included,"https://tmnaassetscs.scene7.com/is/image/tmnaassetscs/vcr/live/vehicle/TOY/2024/corolla/1866/972/64c82ba419070fba7c718a452d7468e6d589a7f7ec648cf701b9d994f3928e2d.png?wid=1600&fmt=webp-alpha&cropN=0.04,0.08,0.92,.84"
XSE,Exterior,Celestite,Included,"https://tmnaassetscs.scene7.com/is/image/tmnaassetscs/vcr/live/vehicle/TOY/2024/corolla/1866/358/f6a2ff6e9405a98e92255b39eda8e13bf3801affd2b7a3174309f33afb02d765.png?wid=1600&fmt=webp-alpha&cropN=0.04,0.08,0.92,.84"
XSE,Exterior,Underground,Included,"https://tmnaassetscs.scene7.com/is/image/tmnaassetscs/vcr/live/vehicle/TOY/2024/corolla/1866/473/ac7aea1922246ac138efa29278ca9672f9e7740543dcc1b37987c5db23da27ef.png?wid=1600&fmt=webp-alpha&cropN=0.04,0.08,0.92,.84"
XSE,Exterior,Blueprint,Included,"https://tmnaassetscs.scene7.com/is/image/tmnaassetscs/vcr/live/vehicle/TOY/2024/corolla/1866/291/49b40be3b7fe6bcd609edaa025777e5cd407eb875671e8faa358ca4ab1aa2485.png?wid=1600&fmt=webp-alpha&cropN=0.04,0.08,0.92,.84"
XSE,Exterior,Ice Cap with Midnight Black Metallic roof *,$500,"https://tmnaassetscs.scene7.com/is/image/tmnaassetscs/vcr/live/vehicle/TOY/2024/corolla/1866/918/1ba9733ef25283f569e8bf5cfb855a2a67d9e4249e5c6e31a21e651dfa88b007.png?wid=1600&fmt=webp-alpha&cropN=0.04,0.08,0.92,.84"
XSE,Exterior,Wind Chill Pearl with Midnight Black Metallic roof *,$925,"https://tmnaassetscs.scene7.com/is/image/tmnaassetscs/vcr/live/vehicle/TOY/2024/corolla/1866/536/ad74426007abbb746f4f013006a8d54c3213a820cf29e6f3138abb67c812f05d.png?wid=1600&fmt=webp-alpha&cropN=0.04,0.08,0.92,.84"
XSE,Exterior,Classic Silver Metallic with Midnight Black Metallic roof *,$500,"https://tmnaassetscs.scene7.com/is/image/tmnaassetscs/vcr/live/vehicle/TOY/2024/corolla/1866/517/8b5a436531e4dd88c1768346b5fb301038ffe324b1137bcf9805b5489546ce21.png?wid=1600&fmt=webp-alpha&cropN=0.04,0.08,0.92,.84"
XSE,Exterior,Celestite with Midnight Black Metallic roof *,$500,"https://tmnaassetscs.scene7.com/is/image/tmnaassetscs/vcr/live/vehicle/TOY/2024/corolla/1866/180/c752a11c24faeb120de2dc5e900d36e7a384c4b3ea2891ed9a56c1de6909afd9.png?wid=1600&fmt=webp-alpha&cropN=0.04,0.08,0.92,.84"
XSE,Exterior,Underground with Midnight Black Metallic roof *,$500,"https://tmnaassetscs.scene7.com/is/image/tmnaassetscs/vcr/live/vehicle/TOY/2024/corolla/1866/122/4840bc8a7566ff020b5b5b471549f2b8520607944f6be3f92999b87d423f255c.png?wid=1600&fmt=webp-alpha&cropN=0.04,0.08,0.92,.84"
XSE,Exterior,Ruby Flare Pearl with Midnight Black Metallic roof *,$925,"https://tmnaassetscs.scene7.com/is/image/tmnaassetscs/vcr/live/vehicle/TOY/2024/corolla/1866/198/a12a941684454f13abed06c4242982bae23e022349a6d1cbfa2ae8c2fa872001.png?wid=1600&fmt=webp-alpha&cropN=0.04,0.08,0.92,.84"
XSE,Exterior,Blueprint with Midnight Black Metallic roof *,$500,"https://tmnaassetscs.scene7.com/is/image/tmnaassetscs/vcr/live/vehicle/TOY/2024/corolla/1866/958/b297f46edd1bc31b1b03bd8dda8b8cabe7ab9cee60d0ab8a5ef698f1d5477ede.png?wid=1600&fmt=webp-alpha&cropN=0.04,0.08,0.92,.84"
XSE,Interior,Black/Red SofTex® */Fabric Mixed Media,Included,N/A
XSE,Interior,Black SofTex® */Fabric Mixed Media,Included,N/A
XSE,Engine,2.0L 4-Cyl. Engine,Included,N/A
XSE,Transmission,Dynamic-Shift Continuously Variable Transmission (CVT),Included,N/A
XSE,Drivetrain,Front-Wheel Drive,Included,N/A
Hybrid XLE,Exterior,Midnight Black Metallic,Included,"https://tmnaassetscs.scene7.com/is/image/tmnaassetscs/vcr/live/vehicle/TOY/2024/corolla/1892/7/20e5e7d78ca4438a537fe01eb9bdeedb86c2eb36a34e8ffd892eeabc288e9954.png?wid=1600&fmt=webp-alpha&cropN=0.04,0.08,0.92,.84"
Hybrid XLE,Exterior,Ruby Flare Pearl *,$425,"https://tmnaassetscs.scene7.com/is/image/tmnaassetscs/vcr/live/vehicle/TOY/2024/corolla/1892/657/258c0a41b8e70c19e298e263c767bf883cbf2fcbcd0047c17a77926412210f94.png?wid=1600&fmt=webp-alpha&cropN=0.04,0.08,0.92,.84"
Hybrid XLE,Exterior,Wind Chill Pearl *,$425,"https://tmnaassetscs.scene7.com/is/image/tmnaassetscs/vcr/live/vehicle/TOY/2024/corolla/1892/797/b54a7d257a43291ba0823a39c7ce9f1b84413d4592fe0c26b8a984a30fa9364c.png?wid=1600&fmt=webp-alpha&cropN=0.04,0.08,0.92,.84"
Hybrid XLE,Exterior,Ice Cap,Included,"https://tmnaassetscs.scene7.com/is/image/tmnaassetscs/vcr/live/vehicle/TOY/2024/corolla/1892/399/7b347507d188d7522c1263b1b5d742c9a9071b5e77d28fc8a19c538a8826a102.png?wid=1600&fmt=webp-alpha&cropN=0.04,0.08,0.92,.84"
Hybrid XLE,Exterior,Classic Silver Metallic,Included,"https://tmnaassetscs.scene7.com/is/image/tmnaassetscs/vcr/live/vehicle/TOY/2024/corolla/1892/962/0c1fd5e2e3a86aa84e757c1ea9f317c92a0830f7f9c6ca530af6e0bd2ba12eab.png?wid=1600&fmt=webp-alpha&cropN=0.04,0.08,0.92,.84"
Hybrid XLE,Exterior,Celestite,Included,"https://tmnaassetscs.scene7.com/is/image/tmnaassetscs/vcr/live/vehicle/TOY/2024/corolla/1892/746/3905d1fa5f8109df3ed23afe5af3c24ae30fd1146e6e1d14087ec7ce9378d29a.png?wid=1600&fmt=webp-alpha&cropN=0.04,0.08,0.92,.84"
Hybrid XLE,Exterior,Underground,Included,"https://tmnaassetscs.scene7.com/is/image/tmnaassetscs/vcr/live/vehicle/TOY/2024/corolla/1892/973/0be689f588e0b871e15f5b70771a2d1338ee93e52ac02e5caa68955d8e090807.png?wid=1600&fmt=webp-alpha&cropN=0.04,0.08,0.92,.84"
Hybrid XLE,Exterior,Blueprint,Included,"https://tmnaassetscs.scene7.com/is/image/tmnaassetscs/vcr/live/vehicle/TOY/2024/corolla/1892/356/b98644a480590bafa20ce1cb0c3d725ce5bdaf8bf773dc958435313aa9d5a336.png?wid=1600&fmt=webp-alpha&cropN=0.04,0.08,0.92,.84"
Hybrid XLE,Interior,Black SofTex® *,Included,N/A
Hybrid XLE,Interior,Macadamia/Mocha SofTex® *,Included,N/A
Hybrid XLE,Engine,1.8L 4-Cyl. Hybrid Engine,Included,N/A
Hybrid XLE,Transmission,Electronically controlled Continuously Variable Transmission (ECVT),Included,N/A
Hybrid XLE,Drivetrain,Front-Wheel Drive,Included,N/A
