Model,Category,Name,Price/Details,Image URL
Hybrid XLE,Exterior,Celestial Silver Metallic,Included,"https://tmnaassetscs.scene7.com/is/image/tmnaassetscs/vcr/live/vehicle/TOY/2025/grandhighlanderhybrid/6716/449/a8af631130fee51d97ecdd011227c809fb24c814baccd2da5d0b13ef3fb40d0d.png?wid=1600&fmt=webp-alpha&cropN=0.04,0.08,0.92,.84"
Hybrid XLE,Exterior,Storm Cloud,Included,"https://tmnaassetscs.scene7.com/is/image/tmnaassetscs/vcr/live/vehicle/TOY/2025/grandhighlanderhybrid/6716/268/f06658e48b9f3e49782de13c7f6462c44a2e412d348073bb301372f37fcbf9cb.png?wid=1600&fmt=webp-alpha&cropN=0.04,0.08,0.92,.84"
Hybrid XLE,Exterior,Wind Chill Pearl *,$475,"https://tmnaassetscs.scene7.com/is/image/tmnaassetscs/vcr/live/vehicle/TOY/2025/grandhighlanderhybrid/6716/835/92f457f3012062d4223d42926be05327508ea9ac0917bee3518ea0222f7251cc.png?wid=1600&fmt=webp-alpha&cropN=0.04,0.08,0.92,.84"
Hybrid XLE,Exterior,Ruby Flare Pearl *,$475,"https://tmnaassetscs.scene7.com/is/image/tmnaassetscs/vcr/live/vehicle/TOY/2025/grandhighlanderhybrid/6716/632/65b457407cb60db8d426992eab4908595dabed59d48d99c579ddb792d28af9b0.png?wid=1600&fmt=webp-alpha&cropN=0.04,0.08,0.92,.84"
Hybrid XLE,Exterior,Midnight Black Metallic,Included,"https://tmnaassetscs.scene7.com/is/image/tmnaassetscs/vcr/live/vehicle/TOY/2025/grandhighlanderhybrid/6716/566/6fddc7beb0a3280421b585baea97c2d637307ce3d758f1a8d4c8b751aa46b3e3.png?wid=1600&fmt=webp-alpha&cropN=0.04,0.08,0.92,.84"
Hybrid XLE,Exterior,Blueprint,Included,"https://tmnaassetscs.scene7.com/is/image/tmnaassetscs/vcr/live/vehicle/TOY/2025/grandhighlanderhybrid/6716/330/9ac5b58ab6010fb349f65d7a5916ccbdb357689834d6be3efe0ea8923f97fe27.png?wid=1600&fmt=webp-alpha&cropN=0.04,0.08,0.92,.84"
Hybrid XLE,Interior,Black SofTex®,Included,N/A
Hybrid XLE,Interior,Light Gray SofTex®,Included,N/A
Hybrid XLE,Engine,2.5-Liter 4-Cylinder Hybrid Engine,Included,N/A
Hybrid XLE,Transmission,Electronically controlled Continuously Variable Transmission (ECVT),Included,N/A
Hybrid XLE,Drivetrain,Front-Wheel Drive,Included,N/A
Hybrid XLE,Drivetrain,All-Wheel Drive,"$1,600 MSRP",N/A
Hybrid XLE,Add-On,Bench Seat,No Additional Cost,N/A
Hybrid XLE,Add-On,Panoramic Moonroof,"$1,350 MSRP",N/A
Hybrid Limited,Exterior,Heavy Metal *,$475,"https://tmnaassetscs.scene7.com/is/image/tmnaassetscs/vcr/live/vehicle/TOY/2025/grandhighlanderhybrid/6724/602/49a1198afbaa155fdae94364b41c23ef641dd68b21395873303b017881420e4c.png?wid=1600&fmt=webp-alpha&cropN=0.04,0.08,0.92,.84"
Hybrid Limited,Exterior,Storm Cloud,Included,"https://tmnaassetscs.scene7.com/is/image/tmnaassetscs/vcr/live/vehicle/TOY/2025/grandhighlanderhybrid/6724/914/91f7a0f2e7249a8a7a4dba4ffebaea5edc5adbf96e1490af0515ed439ec7d5c8.png?wid=1600&fmt=webp-alpha&cropN=0.04,0.08,0.92,.84"
Hybrid Limited,Exterior,Wind Chill Pearl *,$475,"https://tmnaassetscs.scene7.com/is/image/tmnaassetscs/vcr/live/vehicle/TOY/2025/grandhighlanderhybrid/6724/916/a7d81f8433d7cbf8911720094192a0f0f6608d01a20385d9a13683427910eb8f.png?wid=1600&fmt=webp-alpha&cropN=0.04,0.08,0.92,.84"
Hybrid Limited,Exterior,Ruby Flare Pearl *,$475,"https://tmnaassetscs.scene7.com/is/image/tmnaassetscs/vcr/live/vehicle/TOY/2025/grandhighlanderhybrid/6724/419/2558c06b6fc4b042e35af4402fbc3d5c526d96fb861f0ae68566f5d187255e95.png?wid=1600&fmt=webp-alpha&cropN=0.04,0.08,0.92,.84"
Hybrid Limited,Exterior,Midnight Black Metallic,Included,"https://tmnaassetscs.scene7.com/is/image/tmnaassetscs/vcr/live/vehicle/TOY/2025/grandhighlanderhybrid/6724/528/2caf7de0729d1aeada9cb1a3dc28bfb689eec76d1819a544ca558fedc940ef6e.png?wid=1600&fmt=webp-alpha&cropN=0.04,0.08,0.92,.84"
Hybrid Limited,Exterior,Blueprint,Included,"https://tmnaassetscs.scene7.com/is/image/tmnaassetscs/vcr/live/vehicle/TOY/2025/grandhighlanderhybrid/6724/370/1693a3624ce13d4ebf985226a2308c245f65f383a73ed15a8f03919126622f76.png?wid=1600&fmt=webp-alpha&cropN=0.04,0.08,0.92,.84"
Hybrid Limited,Interior,Black Leather,Included,N/A
Hybrid Limited,Interior,Light Gray Leather,Included,N/A
Hybrid Limited,Engine,2.5-Liter 4-Cylinder Hybrid Engine,Included,N/A
Hybrid Limited,Transmission,Electronically controlled Continuously Variable Transmission (ECVT),Included,N/A
Hybrid Limited,Drivetrain,All-Wheel Drive,Included,N/A
Hybrid Limited,Add-On,Bench Seat,No Additional Cost,N/A
Hybrid Limited,Add-On,Panoramic View Monitor *,$600 MSRP,N/A
Hybrid Limited,Add-On,Panoramic Moonroof,"$1,350 MSRP",N/A
Hybrid Nightshade,Exterior,Cement,Included,"https://tmnaassetscs.scene7.com/is/image/tmnaassetscs/vcr/live/vehicle/TOY/2025/grandhighlanderhybrid/6733/893/f9f8625d9e7b336df633f6430e370bd3010f6c65bf113dae4d6947a564baff9f.png?wid=1600&fmt=webp-alpha&cropN=0.04,0.08,0.92,.84"
Hybrid Nightshade,Exterior,Wind Chill Pearl *,$475,"https://tmnaassetscs.scene7.com/is/image/tmnaassetscs/vcr/live/vehicle/TOY/2025/grandhighlanderhybrid/6733/686/5f4510568b5c41c75b687836f85d28c7627100bf42c57ade86bafe3e928e4fb9.png?wid=1600&fmt=webp-alpha&cropN=0.04,0.08,0.92,.84"
Hybrid Nightshade,Exterior,Midnight Black Metallic,Included,"https://tmnaassetscs.scene7.com/is/image/tmnaassetscs/vcr/live/vehicle/TOY/2025/grandhighlanderhybrid/6733/35/e283985b78404a0e6ffa4201b635f1f1fc5c090a860a7365b5e014630d66f32a.png?wid=1600&fmt=webp-alpha&cropN=0.04,0.08,0.92,.84"
Hybrid Nightshade,Interior,Black Leather,Included,N/A
Hybrid Nightshade,Engine,2.5-Liter 4-Cylinder Hybrid Engine,Included,N/A
Hybrid Nightshade,Transmission,Electronically controlled Continuously Variable Transmission (ECVT),Included,N/A
Hybrid Nightshade,Drivetrain,All-Wheel Drive,Included,N/A
Hybrid Nightshade,Add-On,Panoramic View Monitor *,$600 MSRP,N/A
Hybrid Nightshade,Add-On,Panoramic Moonroof,"$1,350 MSRP",N/A
Hybrid MAX Limited,Exterior,Heavy Metal *,$475,"https://tmnaassetscs.scene7.com/is/image/tmnaassetscs/vcr/live/vehicle/TOY/2025/grandhighlanderhybrid/6730/121/12f68a31c24ec2d1e6a007b50660475207f008570bff1308b7c5894560152a09.png?wid=1600&fmt=webp-alpha&cropN=0.04,0.08,0.92,.84"
Hybrid MAX Limited,Exterior,Cement,Included,"https://tmnaassetscs.scene7.com/is/image/tmnaassetscs/vcr/live/vehicle/TOY/2025/grandhighlanderhybrid/6730/659/6df414d349594978375007e8cd8bd9d60be63ea8be95987234a03a84fecf2940.png?wid=1600&fmt=webp-alpha&cropN=0.04,0.08,0.92,.84"
Hybrid MAX Limited,Exterior,Storm Cloud,Included,"https://tmnaassetscs.scene7.com/is/image/tmnaassetscs/vcr/live/vehicle/TOY/2025/grandhighlanderhybrid/6730/680/ecf595f017968d41dfe48ace10010bfb2ba122f88664dc21ec21398aa8946645.png?wid=1600&fmt=webp-alpha&cropN=0.04,0.08,0.92,.84"
Hybrid MAX Limited,Exterior,Wind Chill Pearl *,$475,"https://tmnaassetscs.scene7.com/is/image/tmnaassetscs/vcr/live/vehicle/TOY/2025/grandhighlanderhybrid/6730/280/10b10b88bcbdd76fc8ad85400b6d5c0d978def6b2edd1a63dda266c8e511fc6e.png?wid=1600&fmt=webp-alpha&cropN=0.04,0.08,0.92,.84"
Hybrid MAX Limited,Exterior,Ruby Flare Pearl *,$475,"https://tmnaassetscs.scene7.com/is/image/tmnaassetscs/vcr/live/vehicle/TOY/2025/grandhighlanderhybrid/6730/942/b99e62ce84e7abce97ea44fb1f91ae492fd3916bf031aeb1713121eaa90bb9fb.png?wid=1600&fmt=webp-alpha&cropN=0.04,0.08,0.92,.84"
Hybrid MAX Limited,Exterior,Midnight Black Metallic,Included,"https://tmnaassetscs.scene7.com/is/image/tmnaassetscs/vcr/live/vehicle/TOY/2025/grandhighlanderhybrid/6730/310/9fcdee9e475df2d75e881b5b92ba70a59ae21f93fe48d1705f3b09f16b88fce4.png?wid=1600&fmt=webp-alpha&cropN=0.04,0.08,0.92,.84"
Hybrid MAX Limited,Exterior,Blueprint,Included,"https://tmnaassetscs.scene7.com/is/image/tmnaassetscs/vcr/live/vehicle/TOY/2025/grandhighlanderhybrid/6730/979/5f204b6bcd097b31251baf939325499228382f611fbbb81f5329b1ac02762242.png?wid=1600&fmt=webp-alpha&cropN=0.04,0.08,0.92,.84"
Hybrid MAX Limited,Interior,Black Leather and Ultrasuede®,Included,N/A
Hybrid MAX Limited,Interior,Light Gray Leather and Ultrasuede®,Included,N/A
Hybrid MAX Limited,Engine,2.4-Liter 4-Cylinder Turbocharged Hybrid MAX Engine All-Wheel Drive,Included,N/A
Hybrid MAX Limited,Transmission,Direct Shift 6-Speed Automatic Transmission,Included,N/A
Hybrid MAX Limited,Drivetrain,All-Wheel Drive,Included,N/A
Hybrid MAX Limited,Add-On,Panoramic View Monitor *,$600 MSRP,N/A
Hybrid MAX Limited,Add-On,Panoramic Moonroof,"$1,350 MSRP",N/A
Hybrid MAX Platinum,Exterior,Heavy Metal *,$475,"https://tmnaassetscs.scene7.com/is/image/tmnaassetscs/vcr/live/vehicle/TOY/2025/grandhighlanderhybrid/6732/489/3c91dde9f6d48a6bd99ab0637b95140503b5df30f7058e06ae566b5f36869f33.png?wid=1600&fmt=webp-alpha&cropN=0.04,0.08,0.92,.84"
Hybrid MAX Platinum,Exterior,Cement,Included,"https://tmnaassetscs.scene7.com/is/image/tmnaassetscs/vcr/live/vehicle/TOY/2025/grandhighlanderhybrid/6732/610/c1af5282d3608bf027e95b094af353a1927879ca6d6d977e0d2dd3897be6f43e.png?wid=1600&fmt=webp-alpha&cropN=0.04,0.08,0.92,.84"
Hybrid MAX Platinum,Exterior,Storm Cloud,Included,"https://tmnaassetscs.scene7.com/is/image/tmnaassetscs/vcr/live/vehicle/TOY/2025/grandhighlanderhybrid/6732/979/afdb4d53606b18b4d1aceb69cab8730a994d697151dae9d73ed1aef94ba2ebed.png?wid=1600&fmt=webp-alpha&cropN=0.04,0.08,0.92,.84"
Hybrid MAX Platinum,Exterior,Wind Chill Pearl *,$475,"https://tmnaassetscs.scene7.com/is/image/tmnaassetscs/vcr/live/vehicle/TOY/2025/grandhighlanderhybrid/6732/831/285715b7aacb4afc96a3fe548092958e3d9314bd55a7e2909ed325db6245e0f7.png?wid=1600&fmt=webp-alpha&cropN=0.04,0.08,0.92,.84"
Hybrid MAX Platinum,Exterior,Ruby Flare Pearl *,$475,"https://tmnaassetscs.scene7.com/is/image/tmnaassetscs/vcr/live/vehicle/TOY/2025/grandhighlanderhybrid/6732/462/e6766f76c0f682a04f659b67433c08293af7b92630260538ac30d4f75dc6b2b7.png?wid=1600&fmt=webp-alpha&cropN=0.04,0.08,0.92,.84"
Hybrid MAX Platinum,Exterior,Midnight Black Metallic,Included,"https://tmnaassetscs.scene7.com/is/image/tmnaassetscs/vcr/live/vehicle/TOY/2025/grandhighlanderhybrid/6732/776/34e6d7e0b1408e2f6f4f71db4e7a8b715953e74bc50891d299caa2bed94e1190.png?wid=1600&fmt=webp-alpha&cropN=0.04,0.08,0.92,.84"
Hybrid MAX Platinum,Exterior,Blueprint,Included,"https://tmnaassetscs.scene7.com/is/image/tmnaassetscs/vcr/live/vehicle/TOY/2025/grandhighlanderhybrid/6732/0/a5241f807160c0d2399ca19e37b499d5abfd59845896a9c1f4cb4bbbc580df65.png?wid=1600&fmt=webp-alpha&cropN=0.04,0.08,0.92,.84"
Hybrid MAX Platinum,Interior,Black Leather and Ultrasuede®,Included,N/A
Hybrid MAX Platinum,Interior,Light Gray Leather and Ultrasuede®,Included,N/A
Hybrid MAX Platinum,Interior,Portobello Leather and Ultrasuede®,Included,N/A
Hybrid MAX Platinum,Engine,2.4-Liter 4-Cylinder Turbocharged Hybrid MAX Engine All-Wheel Drive,Included,N/A
Hybrid MAX Platinum,Transmission,Direct Shift 6-Speed Automatic Transmission,Included,N/A
Hybrid MAX Platinum,Drivetrain,All-Wheel Drive,Included,N/A
