Model,Category,Name,Price/Details,Image URL
LE,Exterior,Cutting Edge,Included,"https://tmnaassetscs.scene7.com/is/image/tmnaassetscs/vcr/live/vehicle/TOY/2024/prius/1223/637/61a3301df3e6a1cf1560c8fedf61a3ff1af2b698019cf3513f23f6961b62adae.png?wid=1600&fmt=webp-alpha&cropN=0.04,0.08,0.92,.84"
LE,Exterior,Guardian Gray,Included,"https://tmnaassetscs.scene7.com/is/image/tmnaassetscs/vcr/live/vehicle/TOY/2024/prius/1223/389/1ebdd935200e0a0f9221031d1e28bd93dbdd3ff0b5538e9a064a7db0c1a0ca67.png?wid=1600&fmt=webp-alpha&cropN=0.04,0.08,0.92,.84"
LE,Exterior,Midnight Black Metallic,Included,"https://tmnaassetscs.scene7.com/is/image/tmnaassetscs/vcr/live/vehicle/TOY/2024/prius/1223/296/ec1c20782478401cae0e8cb95ca92f03dbb9abaa6521a60fe1bb338b12efca5c.png?wid=1600&fmt=webp-alpha&cropN=0.04,0.08,0.92,.84"
LE,Exterior,Supersonic Red *,$425,"https://tmnaassetscs.scene7.com/is/image/tmnaassetscs/vcr/live/vehicle/TOY/2024/prius/1223/257/09e5fc3919ab9aa5e66be104dc0d103071ad7167cd60d49c7729e416e5beb357.png?wid=1600&fmt=webp-alpha&cropN=0.04,0.08,0.92,.84"
LE,Exterior,Wind Chill Pearl *,$425,"https://tmnaassetscs.scene7.com/is/image/tmnaassetscs/vcr/live/vehicle/TOY/2024/prius/1223/986/2431f1fa6a2bd15d4507c58ab79ccc814b16dde61d0f308b20c498a5a503d58e.png?wid=1600&fmt=webp-alpha&cropN=0.04,0.08,0.92,.84"
LE,Exterior,Reservoir Blue,Included,"https://tmnaassetscs.scene7.com/is/image/tmnaassetscs/vcr/live/vehicle/TOY/2024/prius/1223/962/48e3aec2d71279df8845cfb4223bd0eefec96f273fdbe158bf7cfd8d8dacfe5e.png?wid=1600&fmt=webp-alpha&cropN=0.04,0.08,0.92,.84"
LE,Interior,Lt. Gray,Included,N/A
LE,Interior,Gradient Black,Included,N/A
LE,Engine,2.0L 4-Cyl. Gas/Electric Hybrid Engine,Included,N/A
LE,Transmission,Electronically controlled Continuously Variable Transmission (ECVT),Included,N/A
LE,Drivetrain,Front-Wheel Drive,Included,N/A
LE,Add-On,Front and Rear Parking Assist with Automatic Braking *,$35 MSRP,N/A
LE AWD,Exterior,Cutting Edge,Included,"https://tmnaassetscs.scene7.com/is/image/tmnaassetscs/vcr/live/vehicle/TOY/2024/prius/1263/358/c8433b8e5cdf1f299896816df38a23b6b40bc690c0271ef25afaf2f239de31d4.png?wid=1600&fmt=webp-alpha&cropN=0.04,0.08,0.92,.84"
LE AWD,Exterior,Guardian Gray,Included,"https://tmnaassetscs.scene7.com/is/image/tmnaassetscs/vcr/live/vehicle/TOY/2024/prius/1263/858/bd7ea21adf7aed8bbd95d56c5219f1dbb611591669be0fd4f445f961dfb41378.png?wid=1600&fmt=webp-alpha&cropN=0.04,0.08,0.92,.84"
LE AWD,Exterior,Midnight Black Metallic,Included,"https://tmnaassetscs.scene7.com/is/image/tmnaassetscs/vcr/live/vehicle/TOY/2024/prius/1263/961/1aca61f1398aceb676bed219dd8f13325a40fb4f9549d6bb93c50541cf1c7749.png?wid=1600&fmt=webp-alpha&cropN=0.04,0.08,0.92,.84"
LE AWD,Exterior,Supersonic Red *,$425,"https://tmnaassetscs.scene7.com/is/image/tmnaassetscs/vcr/live/vehicle/TOY/2024/prius/1263/227/ead6713338f902467af65b3d595cece2ebca01cddd34903925511c7b72c7f0a6.png?wid=1600&fmt=webp-alpha&cropN=0.04,0.08,0.92,.84"
LE AWD,Exterior,Wind Chill Pearl *,$425,"https://tmnaassetscs.scene7.com/is/image/tmnaassetscs/vcr/live/vehicle/TOY/2024/prius/1263/526/548477a6906b7327a8e770af11fcb341bcb888b688e756d2f974c8d7f1fa8719.png?wid=1600&fmt=webp-alpha&cropN=0.04,0.08,0.92,.84"
LE AWD,Exterior,Reservoir Blue,Included,"https://tmnaassetscs.scene7.com/is/image/tmnaassetscs/vcr/live/vehicle/TOY/2024/prius/1263/269/4ea42cfdd9df0376a6df295ab1e3fb5906f3336a37a71ea0c1bb732cdfb62690.png?wid=1600&fmt=webp-alpha&cropN=0.04,0.08,0.92,.84"
LE AWD,Interior,Lt. Gray,Included,N/A
LE AWD,Interior,Gradient Black,Included,N/A
LE AWD,Engine,2.0L 4-Cyl. Gas/Electric Hybrid Engine,Included,N/A
LE AWD,Transmission,Electronically controlled Continuously Variable Transmission (ECVT),Included,N/A
LE AWD,Drivetrain,All-Wheel Drive,Included,N/A
LE AWD,Add-On,Front and Rear Parking Assist with Automatic Braking *,$35 MSRP,N/A
XLE,Exterior,Cutting Edge,Included,"https://tmnaassetscs.scene7.com/is/image/tmnaassetscs/vcr/live/vehicle/TOY/2024/prius/1225/210/3f89c3fac8fb51f1cc9ddda69ea8625e3119323387023ecf9b8f7426b66e2fb0.png?wid=1600&fmt=webp-alpha&cropN=0.04,0.08,0.92,.84"
XLE,Exterior,Guardian Gray,Included,"https://tmnaassetscs.scene7.com/is/image/tmnaassetscs/vcr/live/vehicle/TOY/2024/prius/1225/91/dcb0df93b85f7002fd42b33785f18837042ce1d33c97e577b1e37c19b69a8c36.png?wid=1600&fmt=webp-alpha&cropN=0.04,0.08,0.92,.84"
XLE,Exterior,Midnight Black Metallic,Included,"https://tmnaassetscs.scene7.com/is/image/tmnaassetscs/vcr/live/vehicle/TOY/2024/prius/1225/998/6c8236a66617cf9dfe733a510f399f36264cabf91e81bdccc26eed87bd9ba5f6.png?wid=1600&fmt=webp-alpha&cropN=0.04,0.08,0.92,.84"
XLE,Exterior,Supersonic Red *,$425,"https://tmnaassetscs.scene7.com/is/image/tmnaassetscs/vcr/live/vehicle/TOY/2024/prius/1225/269/9c6f9c8dcfba9d5f53ffda84a99368f79f39748577d3d56a36b93ffb56b42c45.png?wid=1600&fmt=webp-alpha&cropN=0.04,0.08,0.92,.84"
XLE,Exterior,Wind Chill Pearl *,$425,"https://tmnaassetscs.scene7.com/is/image/tmnaassetscs/vcr/live/vehicle/TOY/2024/prius/1225/641/6acfd6097cbd0577dbb78d2b9cae2978660330cc0548202a544608350fab9dd5.png?wid=1600&fmt=webp-alpha&cropN=0.04,0.08,0.92,.84"
XLE,Exterior,Reservoir Blue,Included,"https://tmnaassetscs.scene7.com/is/image/tmnaassetscs/vcr/live/vehicle/TOY/2024/prius/1225/182/ada1d4f6fc01ddf1dd2d9204e8dfe9aab3b4c1154277c22904d51ae09761e0fa.png?wid=1600&fmt=webp-alpha&cropN=0.04,0.08,0.92,.84"
XLE,Interior,Lt. Gray,Included,N/A
XLE,Interior,Gradient Black,Included,N/A
XLE,Engine,2.0L 4-Cyl. Gas/Electric Hybrid Engine,Included,N/A
XLE,Transmission,Electronically controlled Continuously Variable Transmission (ECVT),Included,N/A
XLE,Drivetrain,Front-Wheel Drive,Included,N/A
XLE,Add-On,Digital Key,$275 MSRP,N/A
XLE,Add-On,12.3-in. Toyota Audio Multimedia,$735 MSRP,N/A
XLE,Add-On,Fixed glass roof,"$1,000 MSRP",N/A
XLE AWD,Exterior,Cutting Edge,Included,"https://tmnaassetscs.scene7.com/is/image/tmnaassetscs/vcr/live/vehicle/TOY/2024/prius/1265/479/0b9ef3cf19467a216a64319e9c5b5f7699a96849f0d44168bf939f36b4861ef7.png?wid=1600&fmt=webp-alpha&cropN=0.04,0.08,0.92,.84"
XLE AWD,Exterior,Guardian Gray,Included,"https://tmnaassetscs.scene7.com/is/image/tmnaassetscs/vcr/live/vehicle/TOY/2024/prius/1265/962/3122eee2f1c70b4b2a5f0d13b4eb0bd671c651d2ae8a7cd5ab5d7622a4906a37.png?wid=1600&fmt=webp-alpha&cropN=0.04,0.08,0.92,.84"
XLE AWD,Exterior,Midnight Black Metallic,Included,"https://tmnaassetscs.scene7.com/is/image/tmnaassetscs/vcr/live/vehicle/TOY/2024/prius/1265/956/b070941412e774dfd7ea61fbbd2bcd39b0ca461395c856809ae943fc867c3671.png?wid=1600&fmt=webp-alpha&cropN=0.04,0.08,0.92,.84"
XLE AWD,Exterior,Supersonic Red *,$425,"https://tmnaassetscs.scene7.com/is/image/tmnaassetscs/vcr/live/vehicle/TOY/2024/prius/1265/372/5dc9775475de1bf70cde527c153cd6b1e108fafceb717e2d354c5ea953ceb856.png?wid=1600&fmt=webp-alpha&cropN=0.04,0.08,0.92,.84"
XLE AWD,Exterior,Wind Chill Pearl *,$425,"https://tmnaassetscs.scene7.com/is/image/tmnaassetscs/vcr/live/vehicle/TOY/2024/prius/1265/972/f1d64ef417f832aa15f3e9600f4a0b3e4728d3f2a77a56c241fa75d72954f834.png?wid=1600&fmt=webp-alpha&cropN=0.04,0.08,0.92,.84"
XLE AWD,Exterior,Reservoir Blue,Included,"https://tmnaassetscs.scene7.com/is/image/tmnaassetscs/vcr/live/vehicle/TOY/2024/prius/1265/154/ae130d3a4d1a2cd76166b79ff4aac9082a768ccdea2b5258c8a5468d07d8d410.png?wid=1600&fmt=webp-alpha&cropN=0.04,0.08,0.92,.84"
XLE AWD,Interior,Lt. Gray,Included,N/A
XLE AWD,Interior,Gradient Black,Included,N/A
XLE AWD,Engine,2.0L 4-Cyl. Gas/Electric Hybrid Engine,Included,N/A
XLE AWD,Transmission,Electronically controlled Continuously Variable Transmission (ECVT),Included,N/A
XLE AWD,Drivetrain,All-Wheel Drive,Included,N/A
XLE AWD,Add-On,Digital Key,$275 MSRP,N/A
XLE AWD,Add-On,12.3-in. Toyota Audio Multimedia,$735 MSRP,N/A
XLE AWD,Add-On,Fixed glass roof,"$1,000 MSRP",N/A
Limited,Exterior,Cutting Edge,Included,"https://tmnaassetscs.scene7.com/is/image/tmnaassetscs/vcr/live/vehicle/TOY/2024/prius/1227/369/d7b4d899781e9741be90112164bc79847a1f4d354db646ed76088bab7c3d3c54.png?wid=1600&fmt=webp-alpha&cropN=0.04,0.08,0.92,.84"
Limited,Exterior,Guardian Gray,Included,"https://tmnaassetscs.scene7.com/is/image/tmnaassetscs/vcr/live/vehicle/TOY/2024/prius/1227/589/b43e5f9d73cf08c9a9a1c6e2592051f71b282eaf95f2790f54fbcc429760849e.png?wid=1600&fmt=webp-alpha&cropN=0.04,0.08,0.92,.84"
Limited,Exterior,Midnight Black Metallic,Included,"https://tmnaassetscs.scene7.com/is/image/tmnaassetscs/vcr/live/vehicle/TOY/2024/prius/1227/604/14aa71ec5c3d9e6a04c004df5d1cf210ab75851e50aaa5d684acd7fe5dbf3154.png?wid=1600&fmt=webp-alpha&cropN=0.04,0.08,0.92,.84"
Limited,Exterior,Supersonic Red *,$425,"https://tmnaassetscs.scene7.com/is/image/tmnaassetscs/vcr/live/vehicle/TOY/2024/prius/1227/699/dfa1fed3fcb1896cb6f21f5e5a3ffa5c48b7e4749392436c843ba06160bf9c2c.png?wid=1600&fmt=webp-alpha&cropN=0.04,0.08,0.92,.84"
Limited,Exterior,Wind Chill Pearl *,$425,"https://tmnaassetscs.scene7.com/is/image/tmnaassetscs/vcr/live/vehicle/TOY/2024/prius/1227/357/6bda671deb8093ba0432ba4f388ee32b0aff9812ae7daf210a94b8afae6faedd.png?wid=1600&fmt=webp-alpha&cropN=0.04,0.08,0.92,.84"
Limited,Exterior,Reservoir Blue,Included,"https://tmnaassetscs.scene7.com/is/image/tmnaassetscs/vcr/live/vehicle/TOY/2024/prius/1227/81/1f954471c9b95fc9a6fd8e61fbf050517d6323a7104fcecc184b85a96e3e39f8.png?wid=1600&fmt=webp-alpha&cropN=0.04,0.08,0.92,.84"
Limited,Interior,Lt. Gray,Included,N/A
Limited,Interior,Gradient Black,Included,N/A
Limited,Engine,2.0L 4-Cyl. Gas/Electric Hybrid Engine,Included,N/A
Limited,Transmission,Electronically controlled Continuously Variable Transmission (ECVT),Included,N/A
Limited,Drivetrain,Front-Wheel Drive,Included,N/A
Limited,Add-On,Digital rearview mirror,$200 MSRP,N/A
Limited,Add-On,Heated rear seats,$350 MSRP,N/A
Limited AWD,Exterior,Cutting Edge,Included,"https://tmnaassetscs.scene7.com/is/image/tmnaassetscs/vcr/live/vehicle/TOY/2024/prius/1268/209/04ff25c18de0c70d22a7e450bc2ee571dd525df66612a3dfb67177ee99f31e25.png?wid=1600&fmt=webp-alpha&cropN=0.04,0.08,0.92,.84"
Limited AWD,Exterior,Guardian Gray,Included,"https://tmnaassetscs.scene7.com/is/image/tmnaassetscs/vcr/live/vehicle/TOY/2024/prius/1268/405/7c2dd0fd162dc8375e99f3f79200e9816c6f4ddc5a8d7541601f509d21ae127f.png?wid=1600&fmt=webp-alpha&cropN=0.04,0.08,0.92,.84"
Limited AWD,Exterior,Midnight Black Metallic,Included,"https://tmnaassetscs.scene7.com/is/image/tmnaassetscs/vcr/live/vehicle/TOY/2024/prius/1268/844/a671058c66eee3413f233ce6f38d302ade4bf88356c544bcde37c09445ab52e0.png?wid=1600&fmt=webp-alpha&cropN=0.04,0.08,0.92,.84"
Limited AWD,Exterior,Supersonic Red *,$425,"https://tmnaassetscs.scene7.com/is/image/tmnaassetscs/vcr/live/vehicle/TOY/2024/prius/1268/132/5807631c96d5673c7463aeb2bfe90f54de7179dc522b9f6e8b78e78cdc261bc5.png?wid=1600&fmt=webp-alpha&cropN=0.04,0.08,0.92,.84"
Limited AWD,Exterior,Wind Chill Pearl *,$425,"https://tmnaassetscs.scene7.com/is/image/tmnaassetscs/vcr/live/vehicle/TOY/2024/prius/1268/772/2b69377c550f300e25994cc0b7b7a5b7522c51b67e3eff5e49105ef4d3acad77.png?wid=1600&fmt=webp-alpha&cropN=0.04,0.08,0.92,.84"
Limited AWD,Exterior,Reservoir Blue,Included,"https://tmnaassetscs.scene7.com/is/image/tmnaassetscs/vcr/live/vehicle/TOY/2024/prius/1268/994/b7795082a1d416089863436fdfedbe7d8db0963e8602725a506d5cc79feb0ea8.png?wid=1600&fmt=webp-alpha&cropN=0.04,0.08,0.92,.84"
Limited AWD,Interior,Lt. Gray,Included,N/A
Limited AWD,Interior,Gradient Black,Included,N/A
Limited AWD,Engine,2.0L 4-Cyl. Gas/Electric Hybrid Engine,Included,N/A
Limited AWD,Transmission,Electronically controlled Continuously Variable Transmission (ECVT),Included,N/A
Limited AWD,Drivetrain,All-Wheel Drive,Included,N/A
Limited AWD,Add-On,Digital rearview mirror,$200 MSRP,N/A
Limited AWD,Add-On,Heated rear seats,$350 MSRP,N/A
