Model,Category,Name,Price/Details,Image URL
GR86,Exterior,Raven,Included,"https://tmnaassetscs.scene7.com/is/image/tmnaassetscs/vcr/live/vehicle/TOY/2025/gr86/6252/451/f87df98b50fc7b1b0825e72a65cc7cd1291ac5d2183e105aece2ce2d27147f1b.png?wid=1600&fmt=webp-alpha&cropN=0.04,0.08,0.92,.84"
GR86,Exterior,Pavement,Included,"https://tmnaassetscs.scene7.com/is/image/tmnaassetscs/vcr/live/vehicle/TOY/2025/gr86/6252/124/e38c65c4b1fcad344cc2d3b7d35c590ca96d1d81dcf346f49502d49987e7d5ad.png?wid=1600&fmt=webp-alpha&cropN=0.04,0.08,0.92,.84"
GR86,Exterior,Steel,Included,"https://tmnaassetscs.scene7.com/is/image/tmnaassetscs/vcr/live/vehicle/TOY/2025/gr86/6252/348/5ef13dfc5f189663440f5a9d182cce725ce06ad57bf4f949b35f74e86f88bee6.png?wid=1600&fmt=webp-alpha&cropN=0.04,0.08,0.92,.84"
GR86,Exterior,Halo *,$475,"https://tmnaassetscs.scene7.com/is/image/tmnaassetscs/vcr/live/vehicle/TOY/2025/gr86/6252/178/e01b4f625011e2adec128a50eed5597efd94dc12a637ecfe03a36034464ead97.png?wid=1600&fmt=webp-alpha&cropN=0.04,0.08,0.92,.84"
GR86,Exterior,Trueno Blue,Included,"https://tmnaassetscs.scene7.com/is/image/tmnaassetscs/vcr/live/vehicle/TOY/2025/gr86/6252/642/801800828ace4226907ed111f36bc4f1c7b12d9d8db016f1596c4c00e8eafb67.png?wid=1600&fmt=webp-alpha&cropN=0.04,0.08,0.92,.84"
GR86,Exterior,Track bRED *,$475,"https://tmnaassetscs.scene7.com/is/image/tmnaassetscs/vcr/live/vehicle/TOY/2025/gr86/6252/238/fe08c78ecfbe552015e7263b0f357839101c307a1712fc37a9ab58d4d4c1d853.png?wid=1600&fmt=webp-alpha&cropN=0.04,0.08,0.92,.84"
GR86,Interior,Black Fabric,Included,N/A
GR86,Engine,2.4L 4-Cyl. Engine,Included,N/A
GR86,Transmission,6-Speed Electronically Controlled automatic Transmission (ECT) with paddle shifters,Included,N/A
GR86,Drivetrain,Rear-Wheel Drive,Included,N/A
GR86 Premium,Exterior,Raven,Included,"https://tmnaassetscs.scene7.com/is/image/tmnaassetscs/vcr/live/vehicle/TOY/2025/gr86/6254/175/72c365af07d010540bcbe46ca8043fa544c6487909e2ac20ac5d51a143e61a30.png?wid=1600&fmt=webp-alpha&cropN=0.04,0.08,0.92,.84"
GR86 Premium,Exterior,Pavement,Included,"https://tmnaassetscs.scene7.com/is/image/tmnaassetscs/vcr/live/vehicle/TOY/2025/gr86/6254/297/5255dad9c59e243535689f1401bba351467ed70986c872b82ab44ae774ffc0cc.png?wid=1600&fmt=webp-alpha&cropN=0.04,0.08,0.92,.84"
GR86 Premium,Exterior,Steel,Included,"https://tmnaassetscs.scene7.com/is/image/tmnaassetscs/vcr/live/vehicle/TOY/2025/gr86/6254/959/2086f30fc5b4a941f941109ba1fa67f058f697c46dc516c37f0f916367fdf9d1.png?wid=1600&fmt=webp-alpha&cropN=0.04,0.08,0.92,.84"
GR86 Premium,Exterior,Halo *,$475,"https://tmnaassetscs.scene7.com/is/image/tmnaassetscs/vcr/live/vehicle/TOY/2025/gr86/6254/444/5a01e464dce83379964be5fdde38143ab162464b9cc3735c6c6491f85e3807db.png?wid=1600&fmt=webp-alpha&cropN=0.04,0.08,0.92,.84"
GR86 Premium,Exterior,Trueno Blue,Included,"https://tmnaassetscs.scene7.com/is/image/tmnaassetscs/vcr/live/vehicle/TOY/2025/gr86/6254/919/08f7e9975e8bc1864360fd5e84c12bf2146956fbd037327973f94b899c1e6ac5.png?wid=1600&fmt=webp-alpha&cropN=0.04,0.08,0.92,.84"
GR86 Premium,Exterior,Track bRED *,$475,"https://tmnaassetscs.scene7.com/is/image/tmnaassetscs/vcr/live/vehicle/TOY/2025/gr86/6254/776/c6dddce8f1ad195c6da8a033bd3c1e2f49fe9233ff7ac75be1feb43dc8e61775.png?wid=1600&fmt=webp-alpha&cropN=0.04,0.08,0.92,.84"
GR86 Premium,Interior,Black Ultrasuede® with Leather-trimmed side bolsters,Included,N/A
GR86 Premium,Engine,2.4L 4-Cyl. Engine,Included,N/A
GR86 Premium,Transmission,6-Speed Electronically Controlled automatic Transmission (ECT) with paddle shifters,Included,N/A
GR86 Premium,Drivetrain,Rear-Wheel Drive,Included,N/A
GR86 Hakone Edition,Exterior,Ridge Green,Included,"https://tmnaassetscs.scene7.com/is/image/tmnaassetscs/vcr/live/vehicle/TOY/2025/gr86/6258/516/879a0714100cfb62119c49ed6634f277358e421ad2b8f8e036c54a69efb05c67.png?wid=1600&fmt=webp-alpha&cropN=0.04,0.08,0.92,.84"
GR86 Hakone Edition,Interior,Black Ultrasuede® with Tan Leather-trimmed side bolsters and Tan stitching,Included,N/A
GR86 Hakone Edition,Engine,2.4L 4-Cyl. Engine,Included,N/A
GR86 Hakone Edition,Transmission,6-Speed Electronically Controlled automatic Transmission (ECT) with paddle shifters,Included,N/A
GR86 Hakone Edition,Drivetrain,Rear-Wheel Drive,Included,N/A
