Model,Category,Name,Price/Details,Image URL
SR,Exterior,Ice Cap,Included,"https://tmnaassetscs.scene7.com/is/image/tmnaassetscs/vcr/live/vehicle/TOY/2025/tundra/8242/894/8904103ef238765cdd32c70e0874fd97c55ab03e4f75deb240dc9d9cc464bc31.png?wid=1600&fmt=webp-alpha&cropN=0.04,0.08,0.92,.84"
SR,Exterior,Magnetic Gray Metallic,Included,"https://tmnaassetscs.scene7.com/is/image/tmnaassetscs/vcr/live/vehicle/TOY/2025/tundra/8242/73/ad2378e10dbdd8a996ec7eeb7eaa5f7cc65ee7e8473555654dc5aae6c5f49fa4.png?wid=1600&fmt=webp-alpha&cropN=0.04,0.08,0.92,.84"
SR,Exterior,Celestial Silver Metallic,Included,"https://tmnaassetscs.scene7.com/is/image/tmnaassetscs/vcr/live/vehicle/TOY/2025/tundra/8242/243/821770a3b2775e93885a7b963ab25094a3691bbe4310c80f535b8d71a3191038.png?wid=1600&fmt=webp-alpha&cropN=0.04,0.08,0.92,.84"
SR,Exterior,Midnight Black Metallic,Included,"https://tmnaassetscs.scene7.com/is/image/tmnaassetscs/vcr/live/vehicle/TOY/2025/tundra/8242/597/efbcc41df7100acfa294aa183ea44e1c56b02c419cb047f553581b35862f8ba3.png?wid=1600&fmt=webp-alpha&cropN=0.04,0.08,0.92,.84"
SR,Exterior,Supersonic Red *,$475,"https://tmnaassetscs.scene7.com/is/image/tmnaassetscs/vcr/live/vehicle/TOY/2025/tundra/8242/270/bc4c980e283dc4f33d33962717b68e975c14283050401f7d63a0b30975814c7a.png?wid=1600&fmt=webp-alpha&cropN=0.04,0.08,0.92,.84"
SR,Interior,Black Fabric,Included,N/A
SR,Engine,i-FORCE V6 Engine,Included,N/A
SR,Transmission,10-Speed Electronically Controlled automatic Transmission with intelligence (ECT-i) and sequential shift mode,Included,N/A
SR,Drivetrain,Rear-Wheel Drive,Included,N/A
SR,Drivetrain,4-Wheel Drive,"$3,000 MSRP",N/A
SR5,Exterior,Ice Cap,Included,"https://tmnaassetscs.scene7.com/is/image/tmnaassetscs/vcr/live/vehicle/TOY/2025/tundra/8241/2/9aa1e44aa722cf4bdfb7798164cf376de736c8174368a9d1401587ad9fed4b70.png?wid=1600&fmt=webp-alpha&cropN=0.04,0.08,0.92,.84"
SR5,Exterior,Magnetic Gray Metallic,Included,"https://tmnaassetscs.scene7.com/is/image/tmnaassetscs/vcr/live/vehicle/TOY/2025/tundra/8241/470/990a3ebe2968db9e87137e77a59a46115e29b33722e5ff8fd134b005a2549529.png?wid=1600&fmt=webp-alpha&cropN=0.04,0.08,0.92,.84"
SR5,Exterior,Celestial Silver Metallic,Included,"https://tmnaassetscs.scene7.com/is/image/tmnaassetscs/vcr/live/vehicle/TOY/2025/tundra/8241/159/ced2891ff94357d60f3e899677b21fbaacebff9cf4e7e7dc67b37cc83d5235db.png?wid=1600&fmt=webp-alpha&cropN=0.04,0.08,0.92,.84"
SR5,Exterior,Midnight Black Metallic,Included,"https://tmnaassetscs.scene7.com/is/image/tmnaassetscs/vcr/live/vehicle/TOY/2025/tundra/8241/509/2540666523fa29a390fbcdebd1cd1db20a460d6762dd4c00cca79d7d90f97e6f.png?wid=1600&fmt=webp-alpha&cropN=0.04,0.08,0.92,.84"
SR5,Exterior,Supersonic Red *,$475,"https://tmnaassetscs.scene7.com/is/image/tmnaassetscs/vcr/live/vehicle/TOY/2025/tundra/8241/393/b96cb1e929199db6ddc1bd0d9b54219fd27d410bec5f897d227bcf60e9c377c5.png?wid=1600&fmt=webp-alpha&cropN=0.04,0.08,0.92,.84"
SR5,Exterior,Lunar Rock,Included,"https://tmnaassetscs.scene7.com/is/image/tmnaassetscs/vcr/live/vehicle/TOY/2025/tundra/8241/639/2addac4f17681270a87108dfbf5a0889809f3cb3006f73faa9f0ba3a36da005c.png?wid=1600&fmt=webp-alpha&cropN=0.04,0.08,0.92,.84"
SR5,Exterior,Blueprint,Included,"https://tmnaassetscs.scene7.com/is/image/tmnaassetscs/vcr/live/vehicle/TOY/2025/tundra/8241/964/0852dfc4743a9351c40ead3a8e94c74d4662f166fb864eae254ee9b7908dc9ab.png?wid=1600&fmt=webp-alpha&cropN=0.04,0.08,0.92,.84"
SR5,Exterior,Terra,Included,"https://tmnaassetscs.scene7.com/is/image/tmnaassetscs/vcr/live/vehicle/TOY/2025/tundra/8241/964/0852dfc4743a9351c40ead3a8e94c74d4662f166fb864eae254ee9b7908dc9ab.png?wid=1600&fmt=webp-alpha&cropN=0.04,0.08,0.92,.84"
SR5,Interior,Boulder Fabric,Included,N/A
SR5,Interior,Boulder SofTex®-trimmed *,Included,N/A
SR5,Interior,Black SofTex®-trimmed *,Included,N/A
SR5,Interior,Black Fabric,Included,N/A
SR5,Interior,,Included,N/A
SR5,Interior,,Included,N/A
SR5,Engine,,Included,N/A
SR5,Transmission,,Included,N/A
SR5,Drivetrain,,Included,N/A
SR5,Drivetrain,,,N/A
SR5,Add-On,,,N/A
SR5,Add-On,,,N/A
SR5,Add-On,,,N/A
SR5,Add-On,,,N/A
SR5,Add-On,,,N/A
SR5,Add-On,,,N/A
SR5,Add-On,,,N/A
SR5,Add-On,,,N/A
Limited,Exterior,Ice Cap,Included,"https://tmnaassetscs.scene7.com/is/image/tmnaassetscs/vcr/live/vehicle/TOY/2025/tundra/8272/509/39597b053f1106c352eb249eb4b7e07e1bba558035fa1a81cbca1db858cbdfc3.png?wid=1600&fmt=webp-alpha&cropN=0.04,0.08,0.92,.84"
Limited,Exterior,Wind Chill Pearl *,$475,"https://tmnaassetscs.scene7.com/is/image/tmnaassetscs/vcr/live/vehicle/TOY/2025/tundra/8272/387/6119c75bd126ab9f094dbd684676c9aac339ffe9d8fb4484b68b8f1e007419f7.png?wid=1600&fmt=webp-alpha&cropN=0.04,0.08,0.92,.84"
Limited,Exterior,Magnetic Gray Metallic,Included,"https://tmnaassetscs.scene7.com/is/image/tmnaassetscs/vcr/live/vehicle/TOY/2025/tundra/8272/127/08dc01df142e5669249af547c18fc51b6f7cc6bd8724ddf263ef5522c89a6ea7.png?wid=1600&fmt=webp-alpha&cropN=0.04,0.08,0.92,.84"
Limited,Exterior,Celestial Silver Metallic,Included,"https://tmnaassetscs.scene7.com/is/image/tmnaassetscs/vcr/live/vehicle/TOY/2025/tundra/8272/270/1494a67e88143d21aed5f150b7db40b12b52fca7fb6e502d07c0be25025d5993.png?wid=1600&fmt=webp-alpha&cropN=0.04,0.08,0.92,.84"
Limited,Exterior,Midnight Black Metallic,Included,"https://tmnaassetscs.scene7.com/is/image/tmnaassetscs/vcr/live/vehicle/TOY/2025/tundra/8272/929/f84ae16188070e7626122d91a38c9f6a028e23ac5f90a3a35a17774c752a6efe.png?wid=1600&fmt=webp-alpha&cropN=0.04,0.08,0.92,.84"
Limited,Exterior,Supersonic Red *,$475,"https://tmnaassetscs.scene7.com/is/image/tmnaassetscs/vcr/live/vehicle/TOY/2025/tundra/8272/583/28a538a72a95739a7f24ae7ff79feb8e91eef0a6ae84ea8e722302930805c278.png?wid=1600&fmt=webp-alpha&cropN=0.04,0.08,0.92,.84"
Limited,Exterior,Smoked Mesquite,Included,"https://tmnaassetscs.scene7.com/is/image/tmnaassetscs/vcr/live/vehicle/TOY/2025/tundra/8272/910/94cfafbe7646b1a6321fa6b2c28671b4ff959900e679de53331f3430167da9b5.png?wid=1600&fmt=webp-alpha&cropN=0.04,0.08,0.92,.84"
Limited,Exterior,Lunar Rock,Included,"https://tmnaassetscs.scene7.com/is/image/tmnaassetscs/vcr/live/vehicle/TOY/2025/tundra/8272/632/7f2802f831c98ce333089a95c9bc519af324c3c82ac1f2e6cd841527c4348241.png?wid=1600&fmt=webp-alpha&cropN=0.04,0.08,0.92,.84"
Limited,Exterior,Blueprint,Included,"https://tmnaassetscs.scene7.com/is/image/tmnaassetscs/vcr/live/vehicle/TOY/2025/tundra/8272/801/2204ff21d2893095107d68e9f26b54df7154113fb99ebbb8c47e04008524d795.png?wid=1600&fmt=webp-alpha&cropN=0.04,0.08,0.92,.84"
Limited,Exterior,Terra,Included,"https://tmnaassetscs.scene7.com/is/image/tmnaassetscs/vcr/live/vehicle/TOY/2025/tundra/8272/801/2204ff21d2893095107d68e9f26b54df7154113fb99ebbb8c47e04008524d795.png?wid=1600&fmt=webp-alpha&cropN=0.04,0.08,0.92,.84"
Limited,Interior,Black SofTex®-trimmed *,Included,N/A
Limited,Interior,Boulder SofTex®-trimmed *,Included,N/A
Limited,Engine,i-FORCE V6 Engine,Included,N/A
Limited,Transmission,10-Speed Electronically Controlled automatic Transmission with intelligence (ECT-i) and sequential shift mode,Included,N/A
Limited,Drivetrain,Rear-Wheel Drive,Included,N/A
Limited,Drivetrain,4-Wheel Drive,"$3,000 MSRP",N/A
Limited,Add-On,BSM Tow Mirrors,$290 MSRP,N/A
Limited,Add-On,PVM + BSM Tow Mirrors,$290 MSRP,N/A
Limited,Add-On,Rear Air Suspension,$650 MSRP,N/A
Limited,Add-On,Panoramic Roof,"$1,350 MSRP",N/A
Limited,Add-On,Heated Leather-Wrapped Steering Wheel,$150 MSRP,N/A
Limited i-FORCE MAX,Exterior,Ice Cap,Included,"https://tmnaassetscs.scene7.com/is/image/tmnaassetscs/vcr/live/vehicle/TOY/2025/tundra/8401/829/67c8f3ad0e557c3a8118cd9b8cfc7a66ca23bef659f9c646052173454ff33e79.png?wid=1600&fmt=webp-alpha&cropN=0.04,0.08,0.92,.84"
Limited i-FORCE MAX,Exterior,Wind Chill Pearl *,$475,"https://tmnaassetscs.scene7.com/is/image/tmnaassetscs/vcr/live/vehicle/TOY/2025/tundra/8401/545/1739cf21ebf70c25ce4016e310c2075beb0da739494b0122b36140cd4ada6f86.png?wid=1600&fmt=webp-alpha&cropN=0.04,0.08,0.92,.84"
Limited i-FORCE MAX,Exterior,Magnetic Gray Metallic,Included,"https://tmnaassetscs.scene7.com/is/image/tmnaassetscs/vcr/live/vehicle/TOY/2025/tundra/8401/673/e6a252a93a2d450d045d5d41643bc5fb1d8661aaf9172a0265be4828bf96b5d8.png?wid=1600&fmt=webp-alpha&cropN=0.04,0.08,0.92,.84"
Limited i-FORCE MAX,Exterior,Celestial Silver Metallic,Included,"https://tmnaassetscs.scene7.com/is/image/tmnaassetscs/vcr/live/vehicle/TOY/2025/tundra/8401/816/d40dea9826dc808a37c2fd6bec4f08c0e8427196e3370fa8ec16692f7c738b96.png?wid=1600&fmt=webp-alpha&cropN=0.04,0.08,0.92,.84"
Limited i-FORCE MAX,Exterior,Midnight Black Metallic,Included,"https://tmnaassetscs.scene7.com/is/image/tmnaassetscs/vcr/live/vehicle/TOY/2025/tundra/8401/149/5d5b0cd52af7cf7539def89a589e1581bc99332a2e1d691b2bf18a5f4c8de8c7.png?wid=1600&fmt=webp-alpha&cropN=0.04,0.08,0.92,.84"
Limited i-FORCE MAX,Exterior,Supersonic Red *,$475,"https://tmnaassetscs.scene7.com/is/image/tmnaassetscs/vcr/live/vehicle/TOY/2025/tundra/8401/522/9c607e7289b9f301f842087edac9375feb97ff400e7260cf078390615a9e7656.png?wid=1600&fmt=webp-alpha&cropN=0.04,0.08,0.92,.84"
Limited i-FORCE MAX,Exterior,Smoked Mesquite,Included,"https://tmnaassetscs.scene7.com/is/image/tmnaassetscs/vcr/live/vehicle/TOY/2025/tundra/8401/651/530143234160a6d8e800055a94e24f97a637fbeb0f389ee3bcd8b24dba384893.png?wid=1600&fmt=webp-alpha&cropN=0.04,0.08,0.92,.84"
Limited i-FORCE MAX,Exterior,Lunar Rock,Included,"https://tmnaassetscs.scene7.com/is/image/tmnaassetscs/vcr/live/vehicle/TOY/2025/tundra/8401/301/e4248f9524972411e3c9ecec78d44380ce433f610955467f6902af6c46cb6257.png?wid=1600&fmt=webp-alpha&cropN=0.04,0.08,0.92,.84"
Limited i-FORCE MAX,Exterior,Blueprint,Included,"https://tmnaassetscs.scene7.com/is/image/tmnaassetscs/vcr/live/vehicle/TOY/2025/tundra/8401/603/5239a563309eb6d20e5766963e196eaacc42dd17f4c0e951662cffc12f265396.png?wid=1600&fmt=webp-alpha&cropN=0.04,0.08,0.92,.84"
Limited i-FORCE MAX,Exterior,Terra,Included,"https://tmnaassetscs.scene7.com/is/image/tmnaassetscs/vcr/live/vehicle/TOY/2025/tundra/8401/522/9c607e7289b9f301f842087edac9375feb97ff400e7260cf078390615a9e7656.png?wid=1600&fmt=webp-alpha&cropN=0.04,0.08,0.92,.84"
Limited i-FORCE MAX,Interior,Black SofTex®-trimmed *,Included,N/A
Limited i-FORCE MAX,Interior,Boulder SofTex®-trimmed *,Included,N/A
Limited i-FORCE MAX,Engine,i-FORCE MAX V6 Hybrid Engine,Included,N/A
Limited i-FORCE MAX,Transmission,10-Speed Electronically Controlled automatic Transmission with intelligence (ECT-i) and sequential shift mode,Included,N/A
Limited i-FORCE MAX,Drivetrain,Rear-Wheel Drive,Included,N/A
Limited i-FORCE MAX,Drivetrain,4-Wheel Drive,"$3,000 MSRP",N/A
Limited i-FORCE MAX,Add-On,BSM Tow Mirrors,$290 MSRP,N/A
Limited i-FORCE MAX,Add-On,PVM + BSM Tow Mirrors,$290 MSRP,N/A
Limited i-FORCE MAX,Add-On,Rear Air Suspension,$650 MSRP,N/A
Limited i-FORCE MAX,Add-On,Panoramic Roof,"$1,350 MSRP",N/A
Limited i-FORCE MAX,Add-On,Heated Leather-Wrapped Steering Wheel,$150 MSRP,N/A
Platinum,Exterior,Wind Chill Pearl *,$475,"https://tmnaassetscs.scene7.com/is/image/tmnaassetscs/vcr/live/vehicle/TOY/2025/tundra/8275/992/1ebd18405363afe2e6d1c8a0ed6ed696ade4f171af6df2451aa073637ab54140.png?wid=1600&fmt=webp-alpha&cropN=0.04,0.08,0.92,.84"
Platinum,Exterior,Magnetic Gray Metallic,Included,"https://tmnaassetscs.scene7.com/is/image/tmnaassetscs/vcr/live/vehicle/TOY/2025/tundra/8275/791/8660ff6fdb099e076d131a9ec840b69f355aa80f93eb8d6d93f3bceac01291e0.png?wid=1600&fmt=webp-alpha&cropN=0.04,0.08,0.92,.84"
Platinum,Exterior,Celestial Silver Metallic,Included,"https://tmnaassetscs.scene7.com/is/image/tmnaassetscs/vcr/live/vehicle/TOY/2025/tundra/8275/455/cd50ef6f535a8d75bf62b6771edd0b99ab180f689293ed822b607b8caa276624.png?wid=1600&fmt=webp-alpha&cropN=0.04,0.08,0.92,.84"
Platinum,Exterior,Midnight Black Metallic,Included,"https://tmnaassetscs.scene7.com/is/image/tmnaassetscs/vcr/live/vehicle/TOY/2025/tundra/8275/606/0509f4ee12fc05b20960c43506d53037fd4b70f92f1d45af1109cad965fc5841.png?wid=1600&fmt=webp-alpha&cropN=0.04,0.08,0.92,.84"
Platinum,Exterior,Supersonic Red *,$475,"https://tmnaassetscs.scene7.com/is/image/tmnaassetscs/vcr/live/vehicle/TOY/2025/tundra/8275/485/eb993595728d4f94987f2c0df32f0672630fe6f97f358c9ecdda95ee85227a54.png?wid=1600&fmt=webp-alpha&cropN=0.04,0.08,0.92,.84"
Platinum,Exterior,Lunar Rock,Included,"https://tmnaassetscs.scene7.com/is/image/tmnaassetscs/vcr/live/vehicle/TOY/2025/tundra/8275/200/89f2fd80de30a625e798f0ebb85980c20f2bb8e5d5e0d65f04daf361e8bbcc72.png?wid=1600&fmt=webp-alpha&cropN=0.04,0.08,0.92,.84"
Platinum,Exterior,Blueprint,Included,"https://tmnaassetscs.scene7.com/is/image/tmnaassetscs/vcr/live/vehicle/TOY/2025/tundra/8275/376/7349bd18995174246ec17bdbd90fccc13f9d7d99143e758e4428aa14b7518946.png?wid=1600&fmt=webp-alpha&cropN=0.04,0.08,0.92,.84"
Platinum,Exterior,Terra,Included,"https://tmnaassetscs.scene7.com/is/image/tmnaassetscs/vcr/live/vehicle/TOY/2025/tundra/8275/376/7349bd18995174246ec17bdbd90fccc13f9d7d99143e758e4428aa14b7518946.png?wid=1600&fmt=webp-alpha&cropN=0.04,0.08,0.92,.84"
Platinum,Interior,Black Leather-trimmed,Included,N/A
Platinum,Engine,i-FORCE V6 Engine,Included,N/A
Platinum,Transmission,10-Speed Electronically Controlled automatic Transmission with intelligence (ECT-i) and sequential shift mode,Included,N/A
Platinum,Drivetrain,Rear-Wheel Drive,Included,N/A
Platinum,Drivetrain,4-Wheel Drive,"$3,000 MSRP",N/A
Platinum,Add-On,PVM + BSM Tow Mirrors,$290 MSRP,N/A
Platinum,Add-On,Power Running Boards,"$1,350 MSRP",N/A
1794 Edition,Exterior,Wind Chill Pearl *,$475,"https://tmnaassetscs.scene7.com/is/image/tmnaassetscs/vcr/live/vehicle/TOY/2025/tundra/8276/96/e92ecb90621afe4100e617ec0e2683f9e4d40aab038426a6b522e5acdf72c90a.png?wid=1600&fmt=webp-alpha&cropN=0.04,0.08,0.92,.84"
1794 Edition,Exterior,Magnetic Gray Metallic,Included,"https://tmnaassetscs.scene7.com/is/image/tmnaassetscs/vcr/live/vehicle/TOY/2025/tundra/8276/217/8c590cc9252c2a3ffdf2772eb5e65e6d866668ce004f302fdd9dd97bb7f1e105.png?wid=1600&fmt=webp-alpha&cropN=0.04,0.08,0.92,.84"
1794 Edition,Exterior,Celestial Silver Metallic,Included,"https://tmnaassetscs.scene7.com/is/image/tmnaassetscs/vcr/live/vehicle/TOY/2025/tundra/8276/188/8d592efc6657a69bfb2a17c5ed843f05c0406bc769ff8f85d513755836c4f83d.png?wid=1600&fmt=webp-alpha&cropN=0.04,0.08,0.92,.84"
1794 Edition,Exterior,Midnight Black Metallic,Included,"https://tmnaassetscs.scene7.com/is/image/tmnaassetscs/vcr/live/vehicle/TOY/2025/tundra/8276/851/8988343349257ce9cc8612891edc49282e3b1aa038df4ff64d906ab2d1d22441.png?wid=1600&fmt=webp-alpha&cropN=0.04,0.08,0.92,.84"
1794 Edition,Exterior,Smoked Mesquite,Included,"https://tmnaassetscs.scene7.com/is/image/tmnaassetscs/vcr/live/vehicle/TOY/2025/tundra/8276/499/3fad3b3b54dbfc39c2be68229cf41abf37c8d333c7f3df4fa82384286c9a025c.png?wid=1600&fmt=webp-alpha&cropN=0.04,0.08,0.92,.84"
1794 Edition,Exterior,Lunar Rock,Included,"https://tmnaassetscs.scene7.com/is/image/tmnaassetscs/vcr/live/vehicle/TOY/2025/tundra/8276/515/7c14000b1c720ee7fa335c684f97f1b6c4479f3550b3b6903ed5f76a42e131a3.png?wid=1600&fmt=webp-alpha&cropN=0.04,0.08,0.92,.84"
1794 Edition,Exterior,Blueprint,Included,"https://tmnaassetscs.scene7.com/is/image/tmnaassetscs/vcr/live/vehicle/TOY/2025/tundra/8276/867/20e128731de08a8d9163c9f5dc647b987a3824160e285fc567a49e6253695731.png?wid=1600&fmt=webp-alpha&cropN=0.04,0.08,0.92,.84"
1794 Edition,Exterior,Terra,Included,"https://tmnaassetscs.scene7.com/is/image/tmnaassetscs/vcr/live/vehicle/TOY/2025/tundra/8276/867/20e128731de08a8d9163c9f5dc647b987a3824160e285fc567a49e6253695731.png?wid=1600&fmt=webp-alpha&cropN=0.04,0.08,0.92,.84"
1794 Edition,Interior,Saddle Tan Leather-trimmed,Included,N/A
1794 Edition,Engine,i-FORCE V6 Engine,Included,N/A
1794 Edition,Transmission,10-Speed Electronically Controlled automatic Transmission with intelligence (ECT-i) and sequential shift mode,Included,N/A
1794 Edition,Drivetrain,Rear-Wheel Drive,Included,N/A
1794 Edition,Drivetrain,4-Wheel Drive,"$3,000 MSRP",N/A
1794 Edition,Add-On,PVM + BSM Outer Mirrors,No Additional Cost,N/A
1794 Edition,Add-On,PVM + BSM Tow Mirrors,$290 MSRP,N/A
1794 Edition,Add-On,Power Running Boards,"$1,350 MSRP",N/A
Platinum i-FORCE MAX,Exterior,Wind Chill Pearl *,$475,"https://tmnaassetscs.scene7.com/is/image/tmnaassetscs/vcr/live/vehicle/TOY/2025/tundra/8402/151/1742514799a2397ddb1312f5e31c9084bf1ba9cfc3357428edcd4f4f70f34a30.png?wid=1600&fmt=webp-alpha&cropN=0.04,0.08,0.92,.84"
Platinum i-FORCE MAX,Exterior,Magnetic Gray Metallic,Included,"https://tmnaassetscs.scene7.com/is/image/tmnaassetscs/vcr/live/vehicle/TOY/2025/tundra/8402/814/b2e2c04e8552adb8efb792a438f6999c8e83035596a29c950843e2ec730d0425.png?wid=1600&fmt=webp-alpha&cropN=0.04,0.08,0.92,.84"
Platinum i-FORCE MAX,Exterior,Celestial Silver Metallic,Included,"https://tmnaassetscs.scene7.com/is/image/tmnaassetscs/vcr/live/vehicle/TOY/2025/tundra/8402/541/4465608d7766bed0e7c78303457f6bc0033c13415191445ce56b3934bac3fb07.png?wid=1600&fmt=webp-alpha&cropN=0.04,0.08,0.92,.84"
Platinum i-FORCE MAX,Exterior,Midnight Black Metallic,Included,"https://tmnaassetscs.scene7.com/is/image/tmnaassetscs/vcr/live/vehicle/TOY/2025/tundra/8402/817/1230a8c12440b0c837ea148347dc5154f3e46e1866723bb60ef29464ab3f0058.png?wid=1600&fmt=webp-alpha&cropN=0.04,0.08,0.92,.84"
Platinum i-FORCE MAX,Exterior,Supersonic Red *,$475,"https://tmnaassetscs.scene7.com/is/image/tmnaassetscs/vcr/live/vehicle/TOY/2025/tundra/8402/43/891b3e6b2c2dfcd82d2d4bd4ab90ce0e93cee8a14f66a2c2c73b96c986f7feea.png?wid=1600&fmt=webp-alpha&cropN=0.04,0.08,0.92,.84"
Platinum i-FORCE MAX,Exterior,Lunar Rock,Included,"https://tmnaassetscs.scene7.com/is/image/tmnaassetscs/vcr/live/vehicle/TOY/2025/tundra/8402/378/c36fa322ee37e4cdb4afe409fdfbf0adeb1a4281160d6410f6f7e3ed5343a79e.png?wid=1600&fmt=webp-alpha&cropN=0.04,0.08,0.92,.84"
Platinum i-FORCE MAX,Exterior,Blueprint,Included,"https://tmnaassetscs.scene7.com/is/image/tmnaassetscs/vcr/live/vehicle/TOY/2025/tundra/8402/546/e35780726febbe96a65bcb780136102e35a907ad6c582c92eda16cf641cfbbe0.png?wid=1600&fmt=webp-alpha&cropN=0.04,0.08,0.92,.84"
Platinum i-FORCE MAX,Exterior,Terra,Included,"https://tmnaassetscs.scene7.com/is/image/tmnaassetscs/vcr/live/vehicle/TOY/2025/tundra/8402/546/e35780726febbe96a65bcb780136102e35a907ad6c582c92eda16cf641cfbbe0.png?wid=1600&fmt=webp-alpha&cropN=0.04,0.08,0.92,.84"
Platinum i-FORCE MAX,Interior,Black Leather-trimmed,Included,N/A
Platinum i-FORCE MAX,Engine,i-FORCE MAX V6 Hybrid Engine,Included,N/A
Platinum i-FORCE MAX,Transmission,10-Speed Electronically Controlled automatic Transmission with intelligence (ECT-i) and sequential shift mode,Included,N/A
Platinum i-FORCE MAX,Drivetrain,Rear-Wheel Drive,Included,N/A
Platinum i-FORCE MAX,Drivetrain,4-Wheel Drive,"$3,000 MSRP",N/A
Platinum i-FORCE MAX,Add-On,PVM + BSM Tow Mirrors,$290 MSRP,N/A
Platinum i-FORCE MAX,Add-On,Power Running Boards,"$1,350 MSRP",N/A
1794 Edition i-FORCE MAX,Exterior,Wind Chill Pearl *,$475,"https://tmnaassetscs.scene7.com/is/image/tmnaassetscs/vcr/live/vehicle/TOY/2025/tundra/8403/418/dd57affa05f733507ca270477ba14a5101c1313c013f035ed01e986d5eb404a4.png?wid=1600&fmt=webp-alpha&cropN=0.04,0.08,0.92,.84"
1794 Edition i-FORCE MAX,Exterior,Magnetic Gray Metallic,Included,"https://tmnaassetscs.scene7.com/is/image/tmnaassetscs/vcr/live/vehicle/TOY/2025/tundra/8403/190/55f9381ec49319ba533bd5fc486e093a3de66303aae9d4f25371f3cdaabd0d54.png?wid=1600&fmt=webp-alpha&cropN=0.04,0.08,0.92,.84"
1794 Edition i-FORCE MAX,Exterior,Celestial Silver Metallic,Included,"https://tmnaassetscs.scene7.com/is/image/tmnaassetscs/vcr/live/vehicle/TOY/2025/tundra/8403/735/9121b6876dee27aada4e152a79280d4b7a689255b6eb86192ed5dc25230084d1.png?wid=1600&fmt=webp-alpha&cropN=0.04,0.08,0.92,.84"
1794 Edition i-FORCE MAX,Exterior,Midnight Black Metallic,Included,"https://tmnaassetscs.scene7.com/is/image/tmnaassetscs/vcr/live/vehicle/TOY/2025/tundra/8403/564/9e914d04e68a2acf63d52959f5b079b3b3549e69ef791272681d5b2437e5989e.png?wid=1600&fmt=webp-alpha&cropN=0.04,0.08,0.92,.84"
1794 Edition i-FORCE MAX,Exterior,Smoked Mesquite,Included,"https://tmnaassetscs.scene7.com/is/image/tmnaassetscs/vcr/live/vehicle/TOY/2025/tundra/8403/739/5fa3f5837fe8c3256edcac74e87d5a9f1bd0e549e21e1bfd3d82ba7a26778df3.png?wid=1600&fmt=webp-alpha&cropN=0.04,0.08,0.92,.84"
1794 Edition i-FORCE MAX,Exterior,Lunar Rock,Included,"https://tmnaassetscs.scene7.com/is/image/tmnaassetscs/vcr/live/vehicle/TOY/2025/tundra/8403/143/6fc1126f7e8a8a5890b1c67b76a32c78147cfbf452965ca1ee0310bde442d348.png?wid=1600&fmt=webp-alpha&cropN=0.04,0.08,0.92,.84"
1794 Edition i-FORCE MAX,Exterior,Blueprint,Included,"https://tmnaassetscs.scene7.com/is/image/tmnaassetscs/vcr/live/vehicle/TOY/2025/tundra/8403/266/f8430312f4057a57dacdb460614a5155a22a556e472b333a398b5f6afc9949e6.png?wid=1600&fmt=webp-alpha&cropN=0.04,0.08,0.92,.84"
1794 Edition i-FORCE MAX,Exterior,Terra,Included,"https://tmnaassetscs.scene7.com/is/image/tmnaassetscs/vcr/live/vehicle/TOY/2025/tundra/8403/266/f8430312f4057a57dacdb460614a5155a22a556e472b333a398b5f6afc9949e6.png?wid=1600&fmt=webp-alpha&cropN=0.04,0.08,0.92,.84"
1794 Edition i-FORCE MAX,Interior,Saddle Tan Leather-trimmed,Included,N/A
1794 Edition i-FORCE MAX,Engine,i-FORCE MAX V6 Hybrid Engine,Included,N/A
1794 Edition i-FORCE MAX,Transmission,10-Speed Electronically Controlled automatic Transmission with intelligence (ECT-i) and sequential shift mode,Included,N/A
1794 Edition i-FORCE MAX,Drivetrain,Rear-Wheel Drive,Included,N/A
1794 Edition i-FORCE MAX,Drivetrain,4-Wheel Drive,"$3,000 MSRP",N/A
1794 Edition i-FORCE MAX,Add-On,PVM + BSM Outer Mirrors,No Additional Cost,N/A
1794 Edition i-FORCE MAX,Add-On,PVM + BSM Tow Mirrors,$290 MSRP,N/A
1794 Edition i-FORCE MAX,Add-On,Power Running Boards,"$1,350 MSRP",N/A
TRD Pro,Exterior,Mudbath,Included,"https://tmnaassetscs.scene7.com/is/image/tmnaassetscs/vcr/live/vehicle/TOY/2025/tundra/8424/754/c78c686aafbbb8983df698817f0427357e1990439d6d95df9460d7a3ca21a31c.png?wid=1600&fmt=webp-alpha&cropN=0.04,0.08,0.92,.84"
TRD Pro,Exterior,Ice Cap,Included,"https://tmnaassetscs.scene7.com/is/image/tmnaassetscs/vcr/live/vehicle/TOY/2025/tundra/8424/754/c78c686aafbbb8983df698817f0427357e1990439d6d95df9460d7a3ca21a31c.png?wid=1600&fmt=webp-alpha&cropN=0.04,0.08,0.92,.84"
TRD Pro,Exterior,Magnetic Gray Metallic,Included,"https://tmnaassetscs.scene7.com/is/image/tmnaassetscs/vcr/live/vehicle/TOY/2025/tundra/8424/754/c78c686aafbbb8983df698817f0427357e1990439d6d95df9460d7a3ca21a31c.png?wid=1600&fmt=webp-alpha&cropN=0.04,0.08,0.92,.84"
TRD Pro,Exterior,Midnight Black Metallic,Included,"https://tmnaassetscs.scene7.com/is/image/tmnaassetscs/vcr/live/vehicle/TOY/2025/tundra/8424/754/c78c686aafbbb8983df698817f0427357e1990439d6d95df9460d7a3ca21a31c.png?wid=1600&fmt=webp-alpha&cropN=0.04,0.08,0.92,.84"
TRD Pro,Interior,Black SofTex®-trimmed *,Included,N/A
TRD Pro,Interior,Cockpit Red SofTex®-trimmed *,Included,N/A
TRD Pro,Engine,i-FORCE MAX V6 Hybrid Engine,Included,N/A
TRD Pro,Transmission,10-Speed Electronically Controlled automatic Transmission with intelligence (ECT-i) and sequential shift mode,Included,N/A
TRD Pro,Drivetrain,4-Wheel Drive,Included,N/A
Capstone,Exterior,Wind Chill Pearl *,$475,"https://tmnaassetscs.scene7.com/is/image/tmnaassetscs/vcr/live/vehicle/TOY/2025/tundra/8425/557/6c5890c58470931c974a71f4f73ecab5872dfadafe95dc72b869773b523147c9.png?wid=1600&fmt=webp-alpha&cropN=0.04,0.08,0.92,.84"
Capstone,Exterior,Magnetic Gray Metallic,Included,"https://tmnaassetscs.scene7.com/is/image/tmnaassetscs/vcr/live/vehicle/TOY/2025/tundra/8425/173/0d343c85b50a5599e0d17d37529153873d84f6ec8de2189a34343576da5cb350.png?wid=1600&fmt=webp-alpha&cropN=0.04,0.08,0.92,.84"
Capstone,Exterior,Celestial Silver Metallic,Included,"https://tmnaassetscs.scene7.com/is/image/tmnaassetscs/vcr/live/vehicle/TOY/2025/tundra/8425/148/5a6709c47e188ee503c1711309a08b071b2c7eb5dd9987d3fc2984648cefdfb4.png?wid=1600&fmt=webp-alpha&cropN=0.04,0.08,0.92,.84"
Capstone,Exterior,Midnight Black Metallic,Included,"https://tmnaassetscs.scene7.com/is/image/tmnaassetscs/vcr/live/vehicle/TOY/2025/tundra/8425/488/93b9777058cad1a8a7d94500804372ab5b5665f5e0d2b51d72b8d714eba4dac5.png?wid=1600&fmt=webp-alpha&cropN=0.04,0.08,0.92,.84"
Capstone,Exterior,Supersonic Red *,$475,"https://tmnaassetscs.scene7.com/is/image/tmnaassetscs/vcr/live/vehicle/TOY/2025/tundra/8425/980/d92a3cec4ad60331f68b2ef9e016ffc9352c286e8b08bf3225d761c864861ab2.png?wid=1600&fmt=webp-alpha&cropN=0.04,0.08,0.92,.84"
Capstone,Exterior,Blueprint,Included,"https://tmnaassetscs.scene7.com/is/image/tmnaassetscs/vcr/live/vehicle/TOY/2025/tundra/8425/169/e18bfe291f66f6dee1daef0924fff35228dc648dc3213fc4e795d3850c8a1fd2.png?wid=1600&fmt=webp-alpha&cropN=0.04,0.08,0.92,.84"
Capstone,Interior,Black and White Semi-Aniline Leather-trimmed,Included,N/A
Capstone,Engine,i-FORCE MAX V6 Hybrid Engine,Included,N/A
Capstone,Transmission,10-Speed Electronically Controlled automatic Transmission with intelligence (ECT-i) and sequential shift mode,Included,N/A
Capstone,Drivetrain,4-Wheel Drive,Included,N/A
Capstone,Add-On,PVM + BSM Tow Mirrors,$290 MSRP,N/A
