Model,Category,Name,Price/Details,Image URL
Hybrid LE,Exterior,Midnight Black Metallic,Included,"https://tmnaassetscs.scene7.com/is/image/tmnaassetscs/vcr/live/vehicle/TOY/2024/corollahybrid/1882/774/fd69881ed9b4547779da631376d87bba93ea9b006f8ace1d24ec6321cf1c707b.png?wid=1600&fmt=webp-alpha&cropN=0.04,0.08,0.92,.84"
Hybrid LE,Exterior,Ruby Flare Pearl *,$425,"https://tmnaassetscs.scene7.com/is/image/tmnaassetscs/vcr/live/vehicle/TOY/2024/corollahybrid/1882/923/2a7571d3c22a29620299d7c8f761b6f081f2c3dcb9c765fd9e9f52b7eff38834.png?wid=1600&fmt=webp-alpha&cropN=0.04,0.08,0.92,.84"
Hybrid LE,Exterior,Wind Chill Pearl *,$425,"https://tmnaassetscs.scene7.com/is/image/tmnaassetscs/vcr/live/vehicle/TOY/2024/corollahybrid/1882/789/0f50605dea4df861402637a4550051e971dddae2ee5034f41fe68ff7e96ab5ab.png?wid=1600&fmt=webp-alpha&cropN=0.04,0.08,0.92,.84"
Hybrid LE,Exterior,Ice Cap,Included,"https://tmnaassetscs.scene7.com/is/image/tmnaassetscs/vcr/live/vehicle/TOY/2024/corollahybrid/1882/447/ab61f04fad5c638adbc5e5865c1042577f4b4ca2d7a2977e84eb16b70d80331a.png?wid=1600&fmt=webp-alpha&cropN=0.04,0.08,0.92,.84"
Hybrid LE,Exterior,Classic Silver Metallic,Included,"https://tmnaassetscs.scene7.com/is/image/tmnaassetscs/vcr/live/vehicle/TOY/2024/corollahybrid/1882/815/278de1d73d3bcbcb043216688b5317911c73809572e74c586ca721bbc9c66de3.png?wid=1600&fmt=webp-alpha&cropN=0.04,0.08,0.92,.84"
Hybrid LE,Exterior,Celestite,Included,"https://tmnaassetscs.scene7.com/is/image/tmnaassetscs/vcr/live/vehicle/TOY/2024/corollahybrid/1882/662/375819d641439496236645818782d98ef919340abbd78924d666a637738ee1f3.png?wid=1600&fmt=webp-alpha&cropN=0.04,0.08,0.92,.84"
Hybrid LE,Exterior,Underground,Included,"https://tmnaassetscs.scene7.com/is/image/tmnaassetscs/vcr/live/vehicle/TOY/2024/corollahybrid/1882/760/a44d3308b18615ed78745977c896c79621ddc47afbd4a173b0f44248dc0529d5.png?wid=1600&fmt=webp-alpha&cropN=0.04,0.08,0.92,.84"
Hybrid LE,Exterior,Blueprint,Included,"https://tmnaassetscs.scene7.com/is/image/tmnaassetscs/vcr/live/vehicle/TOY/2024/corollahybrid/1882/377/58979621d89a8859db512ca5fa6084775b247518a85201de957933bc041cf327.png?wid=1600&fmt=webp-alpha&cropN=0.04,0.08,0.92,.84"
Hybrid LE,Interior,Light Gray Fabric,Included,N/A
Hybrid LE,Interior,Black Fabric,Included,N/A
Hybrid LE,Engine,1.8L 4-Cyl. Hybrid Engine,Included,N/A
Hybrid LE,Transmission,Electronically controlled Continuously Variable Transmission (ECVT),Included,N/A
Hybrid LE,Drivetrain,Front-Wheel Drive,Included,N/A
Hybrid LE,Drivetrain,All-Wheel Drive,"$1,400 MSRP",N/A
Hybrid SE,Exterior,Midnight Black Metallic,Included,"https://tmnaassetscs.scene7.com/is/image/tmnaassetscs/vcr/live/vehicle/TOY/2024/corollahybrid/1886/757/730e5b757daf53da6e218c59c7c79f8157510653841590cce0eb9f092666fc2e.png?wid=1600&fmt=webp-alpha&cropN=0.04,0.08,0.92,.84"
Hybrid SE,Exterior,Ruby Flare Pearl *,$425,"https://tmnaassetscs.scene7.com/is/image/tmnaassetscs/vcr/live/vehicle/TOY/2024/corollahybrid/1886/650/edf51be2992cb533c019418927d8e0f89a3ff7acbfa40df93e0891bc9d1f4fa2.png?wid=1600&fmt=webp-alpha&cropN=0.04,0.08,0.92,.84"
Hybrid SE,Exterior,Wind Chill Pearl *,$425,"https://tmnaassetscs.scene7.com/is/image/tmnaassetscs/vcr/live/vehicle/TOY/2024/corollahybrid/1886/310/3568a486abb13602fe910038dd4b1538ecc554a895288505ecf0fae887e1215d.png?wid=1600&fmt=webp-alpha&cropN=0.04,0.08,0.92,.84"
Hybrid SE,Exterior,Ice Cap,Included,"https://tmnaassetscs.scene7.com/is/image/tmnaassetscs/vcr/live/vehicle/TOY/2024/corollahybrid/1886/579/ca0b988b4925aef8b231a0f0e7bf5f860588dcf29288d14f4277d7daf3011837.png?wid=1600&fmt=webp-alpha&cropN=0.04,0.08,0.92,.84"
Hybrid SE,Exterior,Classic Silver Metallic,Included,"https://tmnaassetscs.scene7.com/is/image/tmnaassetscs/vcr/live/vehicle/TOY/2024/corollahybrid/1886/864/60ccd6005c076b01a1d6f39ab5ac0ab22c7b2e4a617916c47f45fc297512de7a.png?wid=1600&fmt=webp-alpha&cropN=0.04,0.08,0.92,.84"
Hybrid SE,Exterior,Celestite,Included,"https://tmnaassetscs.scene7.com/is/image/tmnaassetscs/vcr/live/vehicle/TOY/2024/corollahybrid/1886/47/c2e41b1718a81c1bc218e8b1796e47a647f3d7caa1fa71afc2577b6c1d9e738c.png?wid=1600&fmt=webp-alpha&cropN=0.04,0.08,0.92,.84"
Hybrid SE,Exterior,Underground,Included,"https://tmnaassetscs.scene7.com/is/image/tmnaassetscs/vcr/live/vehicle/TOY/2024/corollahybrid/1886/190/6b14b12e0027cac99829dad99ffc09b704c3a1e38821db5501fc4e34158afaf0.png?wid=1600&fmt=webp-alpha&cropN=0.04,0.08,0.92,.84"
Hybrid SE,Exterior,Blueprint,Included,"https://tmnaassetscs.scene7.com/is/image/tmnaassetscs/vcr/live/vehicle/TOY/2024/corollahybrid/1886/314/f4fc580a9f88a6466e2ac17f1006d78fd376adebd28ce3875c699722cd0a82c5.png?wid=1600&fmt=webp-alpha&cropN=0.04,0.08,0.92,.84"
Hybrid SE,Interior,Black/Red Premium Fabric,Included,N/A
Hybrid SE,Interior,Moonstone Premium Fabric,Included,N/A
Hybrid SE,Engine,1.8L 4-Cyl. Hybrid Engine,Included,N/A
Hybrid SE,Transmission,Electronically controlled Continuously Variable Transmission (ECVT),Included,N/A
Hybrid SE,Drivetrain,Front-Wheel Drive,Included,N/A
Hybrid SE,Drivetrain,All-Wheel Drive,"$1,400 MSRP",N/A
Hybrid Nightshade,Exterior,Midnight Black Metallic,Included,"https://tmnaassetscs.scene7.com/is/image/tmnaassetscs/vcr/live/vehicle/TOY/2024/corollahybrid/1880/732/b22c3d54205b587175479a8d472ab07fb0eeecb734fa3886ac7924552320e9f3.png?wid=1600&fmt=webp-alpha&cropN=0.04,0.08,0.92,.84"
Hybrid Nightshade,Exterior,Ice Cap,Included,"https://tmnaassetscs.scene7.com/is/image/tmnaassetscs/vcr/live/vehicle/TOY/2024/corollahybrid/1880/50/653fe07a81a71523314baf7962b07858bfd94ff7186f59479752e626a66bd173.png?wid=1600&fmt=webp-alpha&cropN=0.04,0.08,0.92,.84"
Hybrid Nightshade,Exterior,Classic Silver Metallic,Included,"https://tmnaassetscs.scene7.com/is/image/tmnaassetscs/vcr/live/vehicle/TOY/2024/corollahybrid/1880/956/b0388c54f0043c0397b155cd941a0a98ab7443582737db7a37b8eebc3a970999.png?wid=1600&fmt=webp-alpha&cropN=0.04,0.08,0.92,.84"
Hybrid Nightshade,Interior,Black/Red Premium Fabric,Included,N/A
Hybrid Nightshade,Engine,1.8L 4-Cyl. Hybrid Engine,Included,N/A
Hybrid Nightshade,Transmission,Dynamic-Shift Continuously Variable Transmission (CVT),Included,N/A
Hybrid Nightshade,Drivetrain,Front-Wheel Drive,Included,N/A
Hybrid Nightshade,Drivetrain,All-Wheel Drive,"$1,400 MSRP",N/A
Hybrid XLE,Exterior,Midnight Black Metallic,Included,"https://tmnaassetscs.scene7.com/is/image/tmnaassetscs/vcr/live/vehicle/TOY/2024/corollahybrid/1892/959/454a826fcf811797696476925b560c013ceabc9d691245268513aae711e7a2c1.png?wid=1600&fmt=webp-alpha&cropN=0.04,0.08,0.92,.84"
Hybrid XLE,Exterior,Ruby Flare Pearl *,$425,"https://tmnaassetscs.scene7.com/is/image/tmnaassetscs/vcr/live/vehicle/TOY/2024/corollahybrid/1892/972/6d2d10d449fe0759481f55b86fad04349cf67987888c6fe29d68000a69516894.png?wid=1600&fmt=webp-alpha&cropN=0.04,0.08,0.92,.84"
Hybrid XLE,Exterior,Wind Chill Pearl *,$425,"https://tmnaassetscs.scene7.com/is/image/tmnaassetscs/vcr/live/vehicle/TOY/2024/corollahybrid/1892/545/48678fb15dd6fcc745035dd3255f8bfe6bf36158187c6fb0a8c547cbfa730655.png?wid=1600&fmt=webp-alpha&cropN=0.04,0.08,0.92,.84"
Hybrid XLE,Exterior,Ice Cap,Included,"https://tmnaassetscs.scene7.com/is/image/tmnaassetscs/vcr/live/vehicle/TOY/2024/corollahybrid/1892/256/997c35b06381611f774c30bd0a3516c7b626d0cfcc4e4352578d2f72637f6a2a.png?wid=1600&fmt=webp-alpha&cropN=0.04,0.08,0.92,.84"
Hybrid XLE,Exterior,Classic Silver Metallic,Included,"https://tmnaassetscs.scene7.com/is/image/tmnaassetscs/vcr/live/vehicle/TOY/2024/corollahybrid/1892/915/1ab5205bf40b401324f391ee99d1f3afc3cbb4e8c2c258ab68957b5fff82b4ec.png?wid=1600&fmt=webp-alpha&cropN=0.04,0.08,0.92,.84"
Hybrid XLE,Exterior,Celestite,Included,"https://tmnaassetscs.scene7.com/is/image/tmnaassetscs/vcr/live/vehicle/TOY/2024/corollahybrid/1892/568/d89b1e987b3f84ebda7a63261273f5cbc133d6ca2e5303189cf3c3bf4313e0c9.png?wid=1600&fmt=webp-alpha&cropN=0.04,0.08,0.92,.84"
Hybrid XLE,Exterior,Underground,Included,"https://tmnaassetscs.scene7.com/is/image/tmnaassetscs/vcr/live/vehicle/TOY/2024/corollahybrid/1892/63/9424f937633670de8ff6f71fa0f617b9b3880b54c15d02600668a07b02e5f3f9.png?wid=1600&fmt=webp-alpha&cropN=0.04,0.08,0.92,.84"
Hybrid XLE,Exterior,Blueprint,Included,"https://tmnaassetscs.scene7.com/is/image/tmnaassetscs/vcr/live/vehicle/TOY/2024/corollahybrid/1892/406/01331ac67e698077f672c70b5cbbc8b1a7c25f1e3ca0bfef7315fb566b4c42c7.png?wid=1600&fmt=webp-alpha&cropN=0.04,0.08,0.92,.84"
Hybrid XLE,Interior,Black SofTex® *,Included,N/A
Hybrid XLE,Interior,Macadamia/Mocha SofTex® *,Included,N/A
Hybrid XLE,Engine,1.8L 4-Cyl. Hybrid Engine,Included,N/A
Hybrid XLE,Transmission,Electronically controlled Continuously Variable Transmission (ECVT),Included,N/A
Hybrid XLE,Drivetrain,Front-Wheel Drive,Included,N/A
