Model,Category,Name,Price/Details,Image URL
SR5,Exterior,Ice Cap,Included,"https://tmnaassetscs.scene7.com/is/image/tmnaassetscs/vcr/live/vehicle/TOY/2025/4runner/8642/489/d020b161981b7b4fe971a687c19bd2421ea43422f99402c0c391a590c2527acf.png?wid=1600&fmt=webp-alpha&cropN=0.04,0.08,0.92,.84"
SR5,Exterior,Cutting Edge,Included,"https://tmnaassetscs.scene7.com/is/image/tmnaassetscs/vcr/live/vehicle/TOY/2025/4runner/8642/327/0dbb6a973533a80d53e7a3fef680768dabd9bf14cedb133753a88645f6ab61dd.png?wid=1600&fmt=webp-alpha&cropN=0.04,0.08,0.92,.84"
SR5,Exterior,Underground,Included,"https://tmnaassetscs.scene7.com/is/image/tmnaassetscs/vcr/live/vehicle/TOY/2025/4runner/8642/6/1cc42e7eace3a5d9ede923b6c1d1d76d79b40e7845c6745ce0d5e1cb71f71a37.png?wid=1600&fmt=webp-alpha&cropN=0.04,0.08,0.92,.84"
SR5,Exterior,Black,Included,"https://tmnaassetscs.scene7.com/is/image/tmnaassetscs/vcr/live/vehicle/TOY/2025/4runner/8642/926/fc8e7a96086e965941d5f9acb7cb9f8e8bcd593865ec99433665bc4e6f26e872.png?wid=1600&fmt=webp-alpha&cropN=0.04,0.08,0.92,.84"
SR5,Exterior,Supersonic Red *,$425,"https://tmnaassetscs.scene7.com/is/image/tmnaassetscs/vcr/live/vehicle/TOY/2025/4runner/8642/569/b38d7679fa4ddd935f95d12e71ee5721514377608afccf0688a113abf6d15057.png?wid=1600&fmt=webp-alpha&cropN=0.04,0.08,0.92,.84"
SR5,Exterior,Heritage Blue,Included,"https://tmnaassetscs.scene7.com/is/image/tmnaassetscs/vcr/live/vehicle/TOY/2025/4runner/8642/625/c645de290d6708616eafa4e939ddc2f6c75d2cd185443bdbd4415097ebe88aef.png?wid=1600&fmt=webp-alpha&cropN=0.04,0.08,0.92,.84"
SR5,Interior,Black Fabric,Included,N/A
SR5,Interior,Boulder Fabric,Included,N/A
SR5,Engine,i-FORCE 2.4L 4-Cyl. Turbo Engine,Included,N/A
SR5,Transmission,8-Speed Automatic Transmission,Included,N/A
SR5,Drivetrain,Rear-Wheel Drive,Included,N/A
SR5,Drivetrain,Part-time 4-Wheel Drive,"$2,000 MSRP",N/A
SR5,Add-On,Fixed Running Boards,$345 MSRP,N/A
SR5,Add-On,Third Row Seating - SR5,$770 MSRP,N/A
TRD Sport,Exterior,Wind Chill Pearl *,$425,"https://tmnaassetscs.scene7.com/is/image/tmnaassetscs/vcr/live/vehicle/TOY/2025/4runner/8643/604/f5f4ede416d28f75ef5b35a8a724edf4d3619cdc05149829752f2259775a5322.png?wid=1600&fmt=webp-alpha&cropN=0.04,0.08,0.92,.84"
TRD Sport,Exterior,Cutting Edge,Included,"https://tmnaassetscs.scene7.com/is/image/tmnaassetscs/vcr/live/vehicle/TOY/2025/4runner/8643/9/90fc3609c8b55a0c21b9aaef87679fb96008d951cb84f5649eb80ddb9e5dca5c.png?wid=1600&fmt=webp-alpha&cropN=0.04,0.08,0.92,.84"
TRD Sport,Exterior,Underground,Included,"https://tmnaassetscs.scene7.com/is/image/tmnaassetscs/vcr/live/vehicle/TOY/2025/4runner/8643/250/fd761102c4624c3641067d4c8cf318e82e18e8d8d4fea825bbae42610db64cb5.png?wid=1600&fmt=webp-alpha&cropN=0.04,0.08,0.92,.84"
TRD Sport,Exterior,Black,Included,"https://tmnaassetscs.scene7.com/is/image/tmnaassetscs/vcr/live/vehicle/TOY/2025/4runner/8643/518/2b0e359e13e4a0b34ecb4148aae3b6d3abcd444f190ee74c866d3457b39eeb08.png?wid=1600&fmt=webp-alpha&cropN=0.04,0.08,0.92,.84"
TRD Sport,Exterior,Supersonic Red *,$425,"https://tmnaassetscs.scene7.com/is/image/tmnaassetscs/vcr/live/vehicle/TOY/2025/4runner/8643/963/cd944b9b3d2e046a2d601a732a6e03e689ac1a5f681da9eb1d90ddcfbd40a94f.png?wid=1600&fmt=webp-alpha&cropN=0.04,0.08,0.92,.84"
TRD Sport,Exterior,Heritage Blue,Included,"https://tmnaassetscs.scene7.com/is/image/tmnaassetscs/vcr/live/vehicle/TOY/2025/4runner/8643/647/7cb0214fd138c9f8baa6de3957e2fdc14431d0b03509a5823b65f4c19e8938dc.png?wid=1600&fmt=webp-alpha&cropN=0.04,0.08,0.92,.84"
TRD Sport,Interior,Black/Boulder Fabric with Anodized Blue,Included,N/A
TRD Sport,Interior,Black/Boulder Fabric with Smoke Silver,Included,N/A
TRD Sport,Engine,i-FORCE 2.4L 4-Cyl. Turbo Engine,Included,N/A
TRD Sport,Transmission,8-Speed Automatic Transmission,Included,N/A
TRD Sport,Drivetrain,Rear-Wheel Drive,Included,N/A
TRD Sport,Drivetrain,Part-time 4-Wheel Drive,"$2,000 MSRP",N/A
TRD Off-Road,Exterior,Ice Cap,Included,"https://tmnaassetscs.scene7.com/is/image/tmnaassetscs/vcr/live/vehicle/TOY/2025/4runner/8670/452/b4d7b8e471d9cab4cae6e47131eb6b18767138679457afb2fc928fe336625a7f.png?wid=1600&fmt=webp-alpha&cropN=0.04,0.08,0.92,.84"
TRD Off-Road,Exterior,Cutting Edge,Included,"https://tmnaassetscs.scene7.com/is/image/tmnaassetscs/vcr/live/vehicle/TOY/2025/4runner/8670/827/d4283ceba9d9f32c48347f28643c0d55adbdd7e8cf745c616028abe707c260bd.png?wid=1600&fmt=webp-alpha&cropN=0.04,0.08,0.92,.84"
TRD Off-Road,Exterior,Underground,Included,"https://tmnaassetscs.scene7.com/is/image/tmnaassetscs/vcr/live/vehicle/TOY/2025/4runner/8670/197/3d000bcdf482f10535d9c15ec74fc00a0b042bdbfc53b7618102df799d9d7516.png?wid=1600&fmt=webp-alpha&cropN=0.04,0.08,0.92,.84"
TRD Off-Road,Exterior,Black,Included,"https://tmnaassetscs.scene7.com/is/image/tmnaassetscs/vcr/live/vehicle/TOY/2025/4runner/8670/41/00468ea9323608cf77df1122026655386e47892b036e701c411d2dfc9d5033d0.png?wid=1600&fmt=webp-alpha&cropN=0.04,0.08,0.92,.84"
TRD Off-Road,Exterior,Supersonic Red *,$425,"https://tmnaassetscs.scene7.com/is/image/tmnaassetscs/vcr/live/vehicle/TOY/2025/4runner/8670/435/3b3f2aab91b35195f5878801274f2077aa0789d710edfa0351fbd28ed82504a4.png?wid=1600&fmt=webp-alpha&cropN=0.04,0.08,0.92,.84"
TRD Off-Road,Exterior,Everest,Included,"https://tmnaassetscs.scene7.com/is/image/tmnaassetscs/vcr/live/vehicle/TOY/2025/4runner/8670/267/001aa9437f6a5a7cbf5c9674ee85dbaf25642b9a1bf872f20d4253916254f710.png?wid=1600&fmt=webp-alpha&cropN=0.04,0.08,0.92,.84"
TRD Off-Road,Exterior,Heritage Blue,Included,"https://tmnaassetscs.scene7.com/is/image/tmnaassetscs/vcr/live/vehicle/TOY/2025/4runner/8670/611/20fe11cb0a4b1afae1c93f1fd59450dd34b0c2a22d475d52a3682fdff538ea2c.png?wid=1600&fmt=webp-alpha&cropN=0.04,0.08,0.92,.84"
TRD Off-Road,Interior,Black/Boulder Fabric with Anodized Blue,Included,N/A
TRD Off-Road,Interior,Black/Boulder Fabric with Smoke Silver,Included,N/A
TRD Off-Road,Engine,i-FORCE 2.4L 4-Cyl. Turbo Engine,Included,N/A
TRD Off-Road,Transmission,8-Speed Automatic Transmission,Included,N/A
TRD Off-Road,Drivetrain,Part-time 4-Wheel Drive,Included,N/A
TRD Off-Road i-FORCE MAX,Exterior,Ice Cap,Included,"https://tmnaassetscs.scene7.com/is/image/tmnaassetscs/vcr/live/vehicle/TOY/2025/4runner/8628/53/44463de5d1e2291fc09902c17297ea04df284ab25fa477d2d5123363bfdde5fc.png?wid=1600&fmt=webp-alpha&cropN=0.04,0.08,0.92,.84"
TRD Off-Road i-FORCE MAX,Exterior,Cutting Edge,Included,"https://tmnaassetscs.scene7.com/is/image/tmnaassetscs/vcr/live/vehicle/TOY/2025/4runner/8628/285/29064725cbd7ef4378ff229f5fc1cbc5d73cdc80d3db4fbd3f813553463673d9.png?wid=1600&fmt=webp-alpha&cropN=0.04,0.08,0.92,.84"
TRD Off-Road i-FORCE MAX,Exterior,Underground,Included,"https://tmnaassetscs.scene7.com/is/image/tmnaassetscs/vcr/live/vehicle/TOY/2025/4runner/8628/587/66503953703499818c447a2087abc8352c508ce9844347a8c6c57d84046c08bc.png?wid=1600&fmt=webp-alpha&cropN=0.04,0.08,0.92,.84"
TRD Off-Road i-FORCE MAX,Exterior,Black,Included,"https://tmnaassetscs.scene7.com/is/image/tmnaassetscs/vcr/live/vehicle/TOY/2025/4runner/8628/286/370331febb64dd20cd85bf7b61abb0ab56e552164aa9e1ecc40b8c3434a45343.png?wid=1600&fmt=webp-alpha&cropN=0.04,0.08,0.92,.84"
TRD Off-Road i-FORCE MAX,Exterior,Supersonic Red *,$425,"https://tmnaassetscs.scene7.com/is/image/tmnaassetscs/vcr/live/vehicle/TOY/2025/4runner/8628/286/370331febb64dd20cd85bf7b61abb0ab56e552164aa9e1ecc40b8c3434a45343.png?wid=1600&fmt=webp-alpha&cropN=0.04,0.08,0.92,.84"
TRD Off-Road i-FORCE MAX,Exterior,Everest,Included,"https://tmnaassetscs.scene7.com/is/image/tmnaassetscs/vcr/live/vehicle/TOY/2025/4runner/8628/286/370331febb64dd20cd85bf7b61abb0ab56e552164aa9e1ecc40b8c3434a45343.png?wid=1600&fmt=webp-alpha&cropN=0.04,0.08,0.92,.84"
TRD Off-Road i-FORCE MAX,Exterior,Heritage Blue,Included,"https://tmnaassetscs.scene7.com/is/image/tmnaassetscs/vcr/live/vehicle/TOY/2025/4runner/8628/96/247f33c0d65b7bd597458c7b092ceaf53b81de14189b5e7291346cc518b3ad14.png?wid=1600&fmt=webp-alpha&cropN=0.04,0.08,0.92,.84"
TRD Off-Road i-FORCE MAX,Interior,Black/Boulder Fabric with Anodized Blue,Included,N/A
TRD Off-Road i-FORCE MAX,Interior,Black/Boulder Fabric with Smoke Silver,Included,N/A
TRD Off-Road i-FORCE MAX,Engine,i-FORCE MAX 2.4L 4-Cyl. Turbo Hybrid Powertrain,Included,N/A
TRD Off-Road i-FORCE MAX,Transmission,8-Speed Automatic Transmission,Included,N/A
TRD Off-Road i-FORCE MAX,Drivetrain,Part-time 4-Wheel Drive,Included,N/A
TRD Off-Road i-FORCE MAX,Add-On,Prewired Auxiliary Switches,$400 MSRP,N/A
TRD Sport Premium,Exterior,Wind Chill Pearl *,$425,"https://tmnaassetscs.scene7.com/is/image/tmnaassetscs/vcr/live/vehicle/TOY/2025/4runner/8644/381/1d52c7dd09f6c598ee491383083b894e75c6dd101c94ed6abd395b1655863e3d.png?wid=1600&fmt=webp-alpha&cropN=0.04,0.08,0.92,.84"
TRD Sport Premium,Exterior,Cutting Edge,Included,"https://tmnaassetscs.scene7.com/is/image/tmnaassetscs/vcr/live/vehicle/TOY/2025/4runner/8644/788/e0dd4234ba192fcc75cfff0dae61be3b4d8a355dcddf2a62727f29714d0b38eb.png?wid=1600&fmt=webp-alpha&cropN=0.04,0.08,0.92,.84"
TRD Sport Premium,Exterior,Underground,Included,"https://tmnaassetscs.scene7.com/is/image/tmnaassetscs/vcr/live/vehicle/TOY/2025/4runner/8644/116/f541e00c4aa10d7908546d0e27067d056c304dc76538381ac1ace317966a7619.png?wid=1600&fmt=webp-alpha&cropN=0.04,0.08,0.92,.84"
TRD Sport Premium,Exterior,Black,Included,"https://tmnaassetscs.scene7.com/is/image/tmnaassetscs/vcr/live/vehicle/TOY/2025/4runner/8644/483/999be00bbc5a346925bc063f104cfbd5c2d95a424bf28e3729cccc5215694da2.png?wid=1600&fmt=webp-alpha&cropN=0.04,0.08,0.92,.84"
TRD Sport Premium,Exterior,Supersonic Red *,$425,"https://tmnaassetscs.scene7.com/is/image/tmnaassetscs/vcr/live/vehicle/TOY/2025/4runner/8644/844/7139c2dc298e243652279384766eb28c1c3c45041c326cc560616514f66e0785.png?wid=1600&fmt=webp-alpha&cropN=0.04,0.08,0.92,.84"
TRD Sport Premium,Exterior,Heritage Blue,Included,"https://tmnaassetscs.scene7.com/is/image/tmnaassetscs/vcr/live/vehicle/TOY/2025/4runner/8644/569/57d613d133cb178db63d843de7344a61221c5098b5b8dc265f7a73312edc5f31.png?wid=1600&fmt=webp-alpha&cropN=0.04,0.08,0.92,.84"
TRD Sport Premium,Interior,Black SofTex,Included,N/A
TRD Sport Premium,Engine,i-FORCE 2.4L 4-Cyl. Turbo Engine,Included,N/A
TRD Sport Premium,Transmission,8-Speed Automatic Transmission,Included,N/A
TRD Sport Premium,Drivetrain,Rear-Wheel Drive,Included,N/A
TRD Sport Premium,Drivetrain,Part-time 4-Wheel Drive,"$2,000 MSRP",N/A
TRD Sport Premium,Add-On,Moonroof,$850 MSRP,N/A
TRD Sport Premium,Add-On,Tow Tech Package,$400 MSRP,N/A
TRD Off-Road Premium,Exterior,Ice Cap,Included,"https://tmnaassetscs.scene7.com/is/image/tmnaassetscs/vcr/live/vehicle/TOY/2025/4runner/8672/106/6b3905a2ba37db46c372b13baa18c7ffd2e5fff2874e0801aff2b3b7242bf354.png?wid=1600&fmt=webp-alpha&cropN=0.04,0.08,0.92,.84"
TRD Off-Road Premium,Exterior,Cutting Edge,Included,"https://tmnaassetscs.scene7.com/is/image/tmnaassetscs/vcr/live/vehicle/TOY/2025/4runner/8672/402/db476d8a3b3481023967937cb0bae6d150c06f04a6320a26103329090b60b519.png?wid=1600&fmt=webp-alpha&cropN=0.04,0.08,0.92,.84"
TRD Off-Road Premium,Exterior,Underground,Included,"https://tmnaassetscs.scene7.com/is/image/tmnaassetscs/vcr/live/vehicle/TOY/2025/4runner/8672/518/6002c22e6bdedddf3e45d621d1cff90de904bfc65a273862821e2c33b7d2beb2.png?wid=1600&fmt=webp-alpha&cropN=0.04,0.08,0.92,.84"
TRD Off-Road Premium,Exterior,Black,Included,"https://tmnaassetscs.scene7.com/is/image/tmnaassetscs/vcr/live/vehicle/TOY/2025/4runner/8672/686/c4cca4162417fe6ddc47a1de687d3144fb815716b3d0ece60c63c7e6b8495ea9.png?wid=1600&fmt=webp-alpha&cropN=0.04,0.08,0.92,.84"
TRD Off-Road Premium,Exterior,Supersonic Red *,$425,"https://tmnaassetscs.scene7.com/is/image/tmnaassetscs/vcr/live/vehicle/TOY/2025/4runner/8672/425/091f74a9f657e1738bcfe5b22c97ac302c1ac0816bbc6c2ddb823c7b6bbdf07d.png?wid=1600&fmt=webp-alpha&cropN=0.04,0.08,0.92,.84"
TRD Off-Road Premium,Exterior,Everest,Included,"https://tmnaassetscs.scene7.com/is/image/tmnaassetscs/vcr/live/vehicle/TOY/2025/4runner/8672/90/e33c51a2f63f53e8ea4e1eb5969959df03ce4de1e0224424ebb9212766b956e5.png?wid=1600&fmt=webp-alpha&cropN=0.04,0.08,0.92,.84"
TRD Off-Road Premium,Exterior,Heritage Blue,Included,"https://tmnaassetscs.scene7.com/is/image/tmnaassetscs/vcr/live/vehicle/TOY/2025/4runner/8672/135/dfd722170cb867f8c64730159ef5e1ab84bf37cc7dcff812f012238642a64a5f.png?wid=1600&fmt=webp-alpha&cropN=0.04,0.08,0.92,.84"
TRD Off-Road Premium,Interior,Black SofTex,Included,N/A
TRD Off-Road Premium,Engine,i-FORCE 2.4L 4-Cyl. Turbo Engine,Included,N/A
TRD Off-Road Premium,Transmission,8-Speed Automatic Transmission,Included,N/A
TRD Off-Road Premium,Drivetrain,Part-time 4-Wheel Drive,Included,N/A
TRD Off-Road Premium,Add-On,Moonroof,$850 MSRP,N/A
TRD Off-Road Premium,Add-On,Tow Tech Package,$400 MSRP,N/A
Limited,Exterior,Wind Chill Pearl *,$425,"https://tmnaassetscs.scene7.com/is/image/tmnaassetscs/vcr/live/vehicle/TOY/2025/4runner/8648/712/57ece4387c5c212fe9ae557f5172da7bf1d068aed8126b82cc9103fecbfc3166.png?wid=1600&fmt=webp-alpha&cropN=0.04,0.08,0.92,.84"
Limited,Exterior,Underground,Included,"https://tmnaassetscs.scene7.com/is/image/tmnaassetscs/vcr/live/vehicle/TOY/2025/4runner/8648/201/96fbbc8980ef0ddf9dbd07f44966f74c6d2d9b5ed27681a0fa1c6702e13a912e.png?wid=1600&fmt=webp-alpha&cropN=0.04,0.08,0.92,.84"
Limited,Exterior,Black,Included,"https://tmnaassetscs.scene7.com/is/image/tmnaassetscs/vcr/live/vehicle/TOY/2025/4runner/8648/861/2f9e233db90429cd43b7eef80c6d36a305f64f9da135291ba12320e36d762be6.png?wid=1600&fmt=webp-alpha&cropN=0.04,0.08,0.92,.84"
Limited,Exterior,Supersonic Red *,$425,"https://tmnaassetscs.scene7.com/is/image/tmnaassetscs/vcr/live/vehicle/TOY/2025/4runner/8648/997/ff03fb359005dfdb51a6e84000f5737afe5a356b5ecb034f6ac9bcdf3a2e48b0.png?wid=1600&fmt=webp-alpha&cropN=0.04,0.08,0.92,.84"
Limited,Exterior,Heritage Blue,Included,"https://tmnaassetscs.scene7.com/is/image/tmnaassetscs/vcr/live/vehicle/TOY/2025/4runner/8648/92/66c18b1c3c5f239a3c1a166c364e546dd7d447944598fe73b83e79339458df73.png?wid=1600&fmt=webp-alpha&cropN=0.04,0.08,0.92,.84"
Limited,Interior,Black Leather,Included,N/A
Limited,Interior,Portobello Leather,Included,N/A
Limited,Engine,i-FORCE 2.4L 4-Cyl. Turbo Engine,Included,N/A
Limited,Transmission,8-Speed Automatic Transmission,Included,N/A
Limited,Drivetrain,Rear-Wheel Drive,Included,N/A
Limited,Drivetrain,Full-time 4-Wheel Drive,"$2,000 MSRP",N/A
Limited,Add-On,Digital Key* Capability,$275 MSRP,N/A
Limited,Add-On,Power Running Boards,"$1,005 MSRP",N/A
Limited,Add-On,Tow Tech Package,$400 MSRP,N/A
Limited,Add-On,LED Liftgate Light,$200 MSRP,N/A
Limited,Add-On,Third Row Seating - Limited,"$1,330 MSRP",N/A
TRD Off-Road Premium i-FORCE MAX,Exterior,Ice Cap,Included,"https://tmnaassetscs.scene7.com/is/image/tmnaassetscs/vcr/live/vehicle/TOY/2025/4runner/8630/66/4fd3b73ab8430537105eb34bb990b652e4c341fffddd3a1c25a457bcf029b3c2.png?wid=1600&fmt=webp-alpha&cropN=0.04,0.08,0.92,.84"
TRD Off-Road Premium i-FORCE MAX,Exterior,Cutting Edge,Included,"https://tmnaassetscs.scene7.com/is/image/tmnaassetscs/vcr/live/vehicle/TOY/2025/4runner/8630/14/fc7a6266502af8fc82a02c077a8b6eaaf50bae892d68ee2e6f0f3ee6ad6b3889.png?wid=1600&fmt=webp-alpha&cropN=0.04,0.08,0.92,.84"
TRD Off-Road Premium i-FORCE MAX,Exterior,Underground,Included,"https://tmnaassetscs.scene7.com/is/image/tmnaassetscs/vcr/live/vehicle/TOY/2025/4runner/8630/623/da4849ff7d2aaf91c2dcf678a75ceea8383c6ce717b0d4f4f776bf2f80a197ae.png?wid=1600&fmt=webp-alpha&cropN=0.04,0.08,0.92,.84"
TRD Off-Road Premium i-FORCE MAX,Exterior,Black,Included,"https://tmnaassetscs.scene7.com/is/image/tmnaassetscs/vcr/live/vehicle/TOY/2025/4runner/8630/672/0082c7300dd3a7782936c31525f4b816836b7f826ed37c5f88ec3f0d464904f7.png?wid=1600&fmt=webp-alpha&cropN=0.04,0.08,0.92,.84"
TRD Off-Road Premium i-FORCE MAX,Exterior,Supersonic Red *,$425,"https://tmnaassetscs.scene7.com/is/image/tmnaassetscs/vcr/live/vehicle/TOY/2025/4runner/8630/226/230c3f6a6779bdd0ba3cc2348e06cee6764dbb47e8fd6c4fa3ecef9ea34dbf41.png?wid=1600&fmt=webp-alpha&cropN=0.04,0.08,0.92,.84"
TRD Off-Road Premium i-FORCE MAX,Exterior,Everest,Included,"https://tmnaassetscs.scene7.com/is/image/tmnaassetscs/vcr/live/vehicle/TOY/2025/4runner/8630/948/384d0a140fc2e5068efa9befa1343f512cbce1a8015273359cb47f4305a029ec.png?wid=1600&fmt=webp-alpha&cropN=0.04,0.08,0.92,.84"
TRD Off-Road Premium i-FORCE MAX,Exterior,Heritage Blue,Included,"https://tmnaassetscs.scene7.com/is/image/tmnaassetscs/vcr/live/vehicle/TOY/2025/4runner/8630/479/bc7ec887261fd0d3eaa0a1e3ad88e565505b1c502e3c009b8c21b3f3cee2e75d.png?wid=1600&fmt=webp-alpha&cropN=0.04,0.08,0.92,.84"
TRD Off-Road Premium i-FORCE MAX,Interior,Black SofTex,Included,N/A
TRD Off-Road Premium i-FORCE MAX,Engine,i-FORCE MAX 2.4L 4-Cyl. Turbo Hybrid Powertrain,Included,N/A
TRD Off-Road Premium i-FORCE MAX,Transmission,8-Speed Automatic Transmission,Included,N/A
TRD Off-Road Premium i-FORCE MAX,Drivetrain,Part-time 4-Wheel Drive,Included,N/A
TRD Off-Road Premium i-FORCE MAX,Add-On,Prewired Auxiliary Switches,$400 MSRP,N/A
TRD Off-Road Premium i-FORCE MAX,Add-On,Moonroof,$850 MSRP,N/A
TRD Off-Road Premium i-FORCE MAX,Add-On,Tow Tech Package,$400 MSRP,N/A
Limited i-FORCE MAX,Exterior,Wind Chill Pearl *,$425,"https://tmnaassetscs.scene7.com/is/image/tmnaassetscs/vcr/live/vehicle/TOY/2025/4runner/8632/527/d47682cf68a450f6f910fe3dcc7aad2ff7f9a8f2772f26767b26a4afa89d3bda.png?wid=1600&fmt=webp-alpha&cropN=0.04,0.08,0.92,.84"
Limited i-FORCE MAX,Exterior,Underground,Included,"https://tmnaassetscs.scene7.com/is/image/tmnaassetscs/vcr/live/vehicle/TOY/2025/4runner/8632/679/a23d7cf74e8ec42893724808b82b647c77efeab6d22a0416a9d32ead0ee145c8.png?wid=1600&fmt=webp-alpha&cropN=0.04,0.08,0.92,.84"
Limited i-FORCE MAX,Exterior,Black,Included,"https://tmnaassetscs.scene7.com/is/image/tmnaassetscs/vcr/live/vehicle/TOY/2025/4runner/8632/662/5e7623962342ae30fcb7dc74ad2c9a375cb6cf22b12a4397603bb794b7220133.png?wid=1600&fmt=webp-alpha&cropN=0.04,0.08,0.92,.84"
Limited i-FORCE MAX,Exterior,Supersonic Red *,$425,"https://tmnaassetscs.scene7.com/is/image/tmnaassetscs/vcr/live/vehicle/TOY/2025/4runner/8632/780/a1719a0ce26f42ef09433ae355ebd4a90c8266326782b973ba30eee13c3e429f.png?wid=1600&fmt=webp-alpha&cropN=0.04,0.08,0.92,.84"
Limited i-FORCE MAX,Exterior,Heritage Blue,Included,"https://tmnaassetscs.scene7.com/is/image/tmnaassetscs/vcr/live/vehicle/TOY/2025/4runner/8632/861/6bd53cdd08383d2f1160d7910122de94561c7f94da12892c7725a5b239ed45d9.png?wid=1600&fmt=webp-alpha&cropN=0.04,0.08,0.92,.84"
Limited i-FORCE MAX,Interior,Black Leather,Included,N/A
Limited i-FORCE MAX,Interior,Portobello Leather,Included,N/A
Limited i-FORCE MAX,Engine,i-FORCE MAX 2.4L 4-Cyl. Turbo Hybrid Powertrain,Included,N/A
Limited i-FORCE MAX,Transmission,8-Speed Automatic Transmission,Included,N/A
Limited i-FORCE MAX,Drivetrain,Full-time 4-Wheel Drive,Included,N/A
Limited i-FORCE MAX,Add-On,Digital Key* Capability,$275 MSRP,N/A
Limited i-FORCE MAX,Add-On,Power Running Boards,"$1,005 MSRP",N/A
Limited i-FORCE MAX,Add-On,Tow Tech Package,$400 MSRP,N/A
Limited i-FORCE MAX,Add-On,LED Liftgate Light,$200 MSRP,N/A
Platinum,Exterior,Wind Chill Pearl *,$425,"https://tmnaassetscs.scene7.com/is/image/tmnaassetscs/vcr/live/vehicle/TOY/2025/4runner/8638/895/da2b1e4fc7e4dfa2efe7b46ba49d977a9c6c6e6857eb9617e08968c56a2b0611.png?wid=1600&fmt=webp-alpha&cropN=0.04,0.08,0.92,.84"
Platinum,Exterior,Cutting Edge,Included,"https://tmnaassetscs.scene7.com/is/image/tmnaassetscs/vcr/live/vehicle/TOY/2025/4runner/8638/691/91c26ee3424d231c7197a086335415a93c74337b5690de7cb9c571586e53b1c2.png?wid=1600&fmt=webp-alpha&cropN=0.04,0.08,0.92,.84"
Platinum,Exterior,Underground,Included,"https://tmnaassetscs.scene7.com/is/image/tmnaassetscs/vcr/live/vehicle/TOY/2025/4runner/8638/82/1516be722aade15b8c4abb301d47b5464be2af305962bc0f255de48f2a94eb06.png?wid=1600&fmt=webp-alpha&cropN=0.04,0.08,0.92,.84"
Platinum,Exterior,Black,Included,"https://tmnaassetscs.scene7.com/is/image/tmnaassetscs/vcr/live/vehicle/TOY/2025/4runner/8638/794/b045707a962626006788efdd0224127faf8fa17be9e8365262afeb7e7f44339c.png?wid=1600&fmt=webp-alpha&cropN=0.04,0.08,0.92,.84"
Platinum,Exterior,Supersonic Red *,$425,"https://tmnaassetscs.scene7.com/is/image/tmnaassetscs/vcr/live/vehicle/TOY/2025/4runner/8638/202/e0855802739adcbb0c8aea96eac40a92756d95140c8b81204afda66cb388ae61.png?wid=1600&fmt=webp-alpha&cropN=0.04,0.08,0.92,.84"
Platinum,Exterior,Heritage Blue,Included,"https://tmnaassetscs.scene7.com/is/image/tmnaassetscs/vcr/live/vehicle/TOY/2025/4runner/8638/998/9eb36d16267500341693434303affec09f012b3832ddac848018fd5488e9ed03.png?wid=1600&fmt=webp-alpha&cropN=0.04,0.08,0.92,.84"
Platinum,Interior,Dark Navy Premium Leather,Included,N/A
Platinum,Engine,i-FORCE MAX 2.4L 4-Cyl. Turbo Hybrid Powertrain,Included,N/A
Platinum,Transmission,8-Speed Automatic Transmission,Included,N/A
Platinum,Drivetrain,Full-time 4-Wheel Drive,Included,N/A
Platinum,Add-On,Power Running Boards,"$1,005 MSRP",N/A
Platinum,Add-On,LED Liftgate Light,$200 MSRP,N/A
TRD Pro,Exterior,Ice Cap,Included,"https://tmnaassetscs.scene7.com/is/image/tmnaassetscs/vcr/live/vehicle/TOY/2025/4runner/8634/395/043153138a1a105ab1b7e728df97d77c3a235381a96e81bda51ddfdf3918dc1d.png?wid=1600&fmt=webp-alpha&cropN=0.04,0.08,0.92,.84"
TRD Pro,Exterior,Underground,Included,"https://tmnaassetscs.scene7.com/is/image/tmnaassetscs/vcr/live/vehicle/TOY/2025/4runner/8634/713/fa0f7fa1153aef7d81d463f988ca0fc22417fd3653080033951e13929b533b09.png?wid=1600&fmt=webp-alpha&cropN=0.04,0.08,0.92,.84"
TRD Pro,Exterior,Black,Included,"https://tmnaassetscs.scene7.com/is/image/tmnaassetscs/vcr/live/vehicle/TOY/2025/4runner/8634/270/2f45b81edcf0da1597bb19231bafdeea716c1ab1862d8ab7055125da1dd0ad07.png?wid=1600&fmt=webp-alpha&cropN=0.04,0.08,0.92,.84"
TRD Pro,Exterior,Mudbath,Included,"https://tmnaassetscs.scene7.com/is/image/tmnaassetscs/vcr/live/vehicle/TOY/2025/4runner/8634/14/15debd66b21907a888abc37933ae40af5d09eede2dc272e10c84100d1688f3e8.png?wid=1600&fmt=webp-alpha&cropN=0.04,0.08,0.92,.84"
TRD Pro,Interior,Black SofTex,Included,N/A
TRD Pro,Interior,Cockpit Red SofTex,Included,N/A
TRD Pro,Engine,i-FORCE MAX 2.4L 4-Cyl. Turbo Hybrid Powertrain,Included,N/A
TRD Pro,Transmission,8-Speed Automatic Transmission,Included,N/A
TRD Pro,Drivetrain,Part-time 4-Wheel Drive,Included,N/A
TRD Pro,Add-On,Digital Key* Capability,$275 MSRP,N/A
TRD Pro,Add-On,LED Liftgate Light,$200 MSRP,N/A
Trailhunter,Exterior,Ice Cap,Included,"https://tmnaassetscs.scene7.com/is/image/tmnaassetscs/vcr/live/vehicle/TOY/2025/4runner/8636/772/0d3de7842598913ceb9771adfda9b31c406da191ebd4cf136a0c22b519b39cca.png?wid=1600&fmt=webp-alpha&cropN=0.04,0.08,0.92,.84"
Trailhunter,Exterior,Underground,Included,"https://tmnaassetscs.scene7.com/is/image/tmnaassetscs/vcr/live/vehicle/TOY/2025/4runner/8636/115/f580d9232e8db803ca6f585b4aa6a5f3112d875d93a6049c6c305558734d412b.png?wid=1600&fmt=webp-alpha&cropN=0.04,0.08,0.92,.84"
Trailhunter,Exterior,Black,Included,"https://tmnaassetscs.scene7.com/is/image/tmnaassetscs/vcr/live/vehicle/TOY/2025/4runner/8636/70/813b832e0de48f54c2a714d35b58b743138f6197ca719e42eb97c6d9f8e4f837.png?wid=1600&fmt=webp-alpha&cropN=0.04,0.08,0.92,.84"
Trailhunter,Exterior,Everest,Included,"https://tmnaassetscs.scene7.com/is/image/tmnaassetscs/vcr/live/vehicle/TOY/2025/4runner/8636/677/36c641f586316e090bff96d01630130745597a7224b315a50e336e140923f222.png?wid=1600&fmt=webp-alpha&cropN=0.04,0.08,0.92,.84"
Trailhunter,Interior,Mineral SofTex,Included,N/A
Trailhunter,Engine,i-FORCE MAX 2.4L 4-Cyl. Turbo Hybrid Powertrain,Included,N/A
Trailhunter,Transmission,8-Speed Automatic Transmission,Included,N/A
Trailhunter,Drivetrain,Part-time 4-Wheel Drive,Included,N/A
Trailhunter,Add-On,Digital Key* Capability,$275 MSRP,N/A
