Model,Category,Name,Price/Details,Image URL
SE,Exterior,Guardian Gray,Included,"https://tmnaassetscs.scene7.com/is/image/tmnaassetscs/vcr/live/vehicle/TOY/2024/priusprime/1235/925/8cf96e3d05231cfd8402dfc1900707dfe394996b82d440ccab59e063af6505b0.png?wid=1600&fmt=webp-alpha&cropN=0.04,0.08,0.92,.84"
SE,Exterior,Cutting Edge,Included,"https://tmnaassetscs.scene7.com/is/image/tmnaassetscs/vcr/live/vehicle/TOY/2024/priusprime/1235/556/bbe68074ea87e6bf9c12db30af97fbd553966d287920a79b19dd2fe81eea11f0.png?wid=1600&fmt=webp-alpha&cropN=0.04,0.08,0.92,.84"
SE,Exterior,Midnight Black Metallic,Included,"https://tmnaassetscs.scene7.com/is/image/tmnaassetscs/vcr/live/vehicle/TOY/2024/priusprime/1235/14/78dbd99eb87448e048c922be2b31b0e3a4f42279d64efca56bb1f82f2ea8c146.png?wid=1600&fmt=webp-alpha&cropN=0.04,0.08,0.92,.84"
SE,Exterior,Supersonic Red *,$425,"https://tmnaassetscs.scene7.com/is/image/tmnaassetscs/vcr/live/vehicle/TOY/2024/priusprime/1235/345/f139aad930cf1754bac44ecf46c77a0dfb2f4d9b0a0b0ed92de0bd3e746f61cf.png?wid=1600&fmt=webp-alpha&cropN=0.04,0.08,0.92,.84"
SE,Exterior,Wind Chill Pearl *,$425,"https://tmnaassetscs.scene7.com/is/image/tmnaassetscs/vcr/live/vehicle/TOY/2024/priusprime/1235/777/64fad7891e9aa6e827febfa47d307e9649a5b13f0433e1d666a4f6d06c7d7228.png?wid=1600&fmt=webp-alpha&cropN=0.04,0.08,0.92,.84"
SE,Exterior,Reservoir Blue,Included,"https://tmnaassetscs.scene7.com/is/image/tmnaassetscs/vcr/live/vehicle/TOY/2024/priusprime/1235/635/b343080b51d06bcef732478e8f31bb6038a173899a2f5e0ffc32290e105edf08.png?wid=1600&fmt=webp-alpha&cropN=0.04,0.08,0.92,.84"
SE,Interior,Black and Red Fabric,Included,N/A
SE,Engine,2.0L 4-cyl. Plug-in Hybrid Engine,Included,N/A
SE,Transmission,Electronically controlled Continuously Variable Transmission (ECVT),Included,N/A
SE,Drivetrain,Front-Wheel Drive,Included,N/A
SE,Add-On,Front and Rear Parking Assist with Automatic Braking *,$35 MSRP,N/A
XSE,Exterior,Guardian Gray,Included,"https://tmnaassetscs.scene7.com/is/image/tmnaassetscs/vcr/live/vehicle/TOY/2024/priusprime/1237/373/118e777d437fc6409f71c77c84131c19f67d61a44f3be0d185c9ab82a5089168.png?wid=1600&fmt=webp-alpha&cropN=0.04,0.08,0.92,.84"
XSE,Exterior,Cutting Edge,Included,"https://tmnaassetscs.scene7.com/is/image/tmnaassetscs/vcr/live/vehicle/TOY/2024/priusprime/1237/435/129b5f93b001ccfd827c30a3dd51ed7e65fbed7f9f699014fb343d1455b4bd60.png?wid=1600&fmt=webp-alpha&cropN=0.04,0.08,0.92,.84"
XSE,Exterior,Midnight Black Metallic,Included,"https://tmnaassetscs.scene7.com/is/image/tmnaassetscs/vcr/live/vehicle/TOY/2024/priusprime/1237/682/2d335862f8b8a532454c29beb705c7d24c1110d72ccba9cb8448245d47934ecf.png?wid=1600&fmt=webp-alpha&cropN=0.04,0.08,0.92,.84"
XSE,Exterior,Supersonic Red *,$425,"https://tmnaassetscs.scene7.com/is/image/tmnaassetscs/vcr/live/vehicle/TOY/2024/priusprime/1237/851/a89a7543aa6f9037f6589ffd34489571e475cbead061d6b1eb24b3c23737be06.png?wid=1600&fmt=webp-alpha&cropN=0.04,0.08,0.92,.84"
XSE,Exterior,Wind Chill Pearl *,$425,"https://tmnaassetscs.scene7.com/is/image/tmnaassetscs/vcr/live/vehicle/TOY/2024/priusprime/1237/728/7bc52178718f7ab2e50176b2377eaaa8464cac2cb6dc08ce76ccac3923edbda0.png?wid=1600&fmt=webp-alpha&cropN=0.04,0.08,0.92,.84"
XSE,Exterior,Reservoir Blue,Included,"https://tmnaassetscs.scene7.com/is/image/tmnaassetscs/vcr/live/vehicle/TOY/2024/priusprime/1237/926/42e8999639d0327b9b65c06732cd450f3ac236d8a5e3238372b471a83c202ac1.png?wid=1600&fmt=webp-alpha&cropN=0.04,0.08,0.92,.84"
XSE,Interior,Black and Red SofTex *,Included,N/A
XSE,Engine,2.0L 4-cyl. Plug-in Hybrid Engine,Included,N/A
XSE,Transmission,Electronically controlled Continuously Variable Transmission (ECVT),Included,N/A
XSE,Drivetrain,Front-Wheel Drive,Included,N/A
XSE,Add-On,Digital Key,$275 MSRP,N/A
XSE,Add-On,12.3-in. Toyota Audio Multimedia,$610 MSRP,N/A
XSE,Add-On,Fixed glass roof,"$1,000 MSRP",N/A
XSE Premium,Exterior,Guardian Gray,Included,"https://tmnaassetscs.scene7.com/is/image/tmnaassetscs/vcr/live/vehicle/TOY/2024/priusprime/1239/405/7d375d75280319c754ab540409c225676b758236a0dd98a645fee6adfbf2cf23.png?wid=1600&fmt=webp-alpha&cropN=0.04,0.08,0.92,.84"
XSE Premium,Exterior,Cutting Edge,Included,"https://tmnaassetscs.scene7.com/is/image/tmnaassetscs/vcr/live/vehicle/TOY/2024/priusprime/1239/107/fbcfe2531b3a84cbdd0775ae631fdc6fcc6b45a9549aa084a79bfe59347b027b.png?wid=1600&fmt=webp-alpha&cropN=0.04,0.08,0.92,.84"
XSE Premium,Exterior,Midnight Black Metallic,Included,"https://tmnaassetscs.scene7.com/is/image/tmnaassetscs/vcr/live/vehicle/TOY/2024/priusprime/1239/280/bb4b2da87708b9161296df97a6d5548643e737a1090895997593548e4fbd081d.png?wid=1600&fmt=webp-alpha&cropN=0.04,0.08,0.92,.84"
XSE Premium,Exterior,Supersonic Red *,$425,"https://tmnaassetscs.scene7.com/is/image/tmnaassetscs/vcr/live/vehicle/TOY/2024/priusprime/1239/726/4fd1f0c65fe068a8b3319fd8483abcf5c7def39a7256c67d80a43c4fdf86bccd.png?wid=1600&fmt=webp-alpha&cropN=0.04,0.08,0.92,.84"
XSE Premium,Exterior,Wind Chill Pearl *,$425,"https://tmnaassetscs.scene7.com/is/image/tmnaassetscs/vcr/live/vehicle/TOY/2024/priusprime/1239/35/cf4b8933f8ada359682b7284cafdebaf21a9fcb65ebbc8fa529dacd0f60281a0.png?wid=1600&fmt=webp-alpha&cropN=0.04,0.08,0.92,.84"
XSE Premium,Exterior,Reservoir Blue,Included,"https://tmnaassetscs.scene7.com/is/image/tmnaassetscs/vcr/live/vehicle/TOY/2024/priusprime/1239/851/a8dfa04bf74b94465bc55f4bc83aa8ddb81fdc4e50fb69701b8c7b133070a421.png?wid=1600&fmt=webp-alpha&cropN=0.04,0.08,0.92,.84"
XSE Premium,Interior,Black and Red SofTex *,Included,N/A
XSE Premium,Engine,2.0L 4-cyl. Plug-in Hybrid Engine,Included,N/A
XSE Premium,Transmission,Electronically controlled Continuously Variable Transmission (ECVT),Included,N/A
XSE Premium,Drivetrain,Front-Wheel Drive,Included,N/A
XSE Premium,Add-On,Digital rearview mirror,$200 MSRP,N/A
XSE Premium,Add-On,Solar charging roof,$610 MSRP,N/A
XSE Premium,Add-On,Heated rear seats,$350 MSRP,N/A
