Model,Category,Name,Price/Details,Image URL
SR,Exterior,Ice Cap,Included,"https://tmnaassetscs.scene7.com/is/image/tmnaassetscs/vcr/live/vehicle/TOY/2024/tacoma/7162/321/662b2419c250bccfc4dffec7b140c5702f2ded1400d4935bc54b0c62d7175cb8.png?wid=1600&fmt=webp-alpha&cropN=0.04,0.08,0.92,.84"
SR,Exterior,Underground,Included,"https://tmnaassetscs.scene7.com/is/image/tmnaassetscs/vcr/live/vehicle/TOY/2024/tacoma/7162/174/5a68907e4c8ada56a9b3ed471568be34ef3907f027bb9d21dd0191f20dd19342.png?wid=1600&fmt=webp-alpha&cropN=0.04,0.08,0.92,.84"
SR,Exterior,Celestial Silver Metallic,Included,"https://tmnaassetscs.scene7.com/is/image/tmnaassetscs/vcr/live/vehicle/TOY/2024/tacoma/7162/82/3382b91a1ebf43868e116996434e9c98cc3bfe802b40a3a23d951a05d515856d.png?wid=1600&fmt=webp-alpha&cropN=0.04,0.08,0.92,.84"
SR,Exterior,Black,Included,"https://tmnaassetscs.scene7.com/is/image/tmnaassetscs/vcr/live/vehicle/TOY/2024/tacoma/7162/186/a151a7f2a7e9ce064ae2b19f6d1f437f0fc1a6cba2884c5cbf19a43204f89a7f.png?wid=1600&fmt=webp-alpha&cropN=0.04,0.08,0.92,.84"
SR,Exterior,Supersonic Red *,$425,"https://tmnaassetscs.scene7.com/is/image/tmnaassetscs/vcr/live/vehicle/TOY/2024/tacoma/7162/993/38de2a99af94821f4432aabc84b0e9ba4222c5eac37b2b1e69364bd56ab40f12.png?wid=1600&fmt=webp-alpha&cropN=0.04,0.08,0.92,.84"
SR,Interior,Black Fabric,Included,N/A
SR,Engine,i-FORCE 2.4L 4-Cyl. Turbo Engine,Included,N/A
SR,Transmission,8-Speed Automatic Transmission,Included,N/A
SR,Drivetrain,Rear-Wheel Drive,Included,N/A
SR,Drivetrain,4-Wheel Drive,"$3,200 MSRP",N/A
SR5,Exterior,Ice Cap,Included,"https://tmnaassetscs.scene7.com/is/image/tmnaassetscs/vcr/live/vehicle/TOY/2024/tacoma/7126/354/fd432e124d0555dab2e91e00f232cae7bd33f92266a4ee755cd2da1829e48611.png?wid=1600&fmt=webp-alpha&cropN=0.04,0.08,0.92,.84"
SR5,Exterior,Underground,Included,"https://tmnaassetscs.scene7.com/is/image/tmnaassetscs/vcr/live/vehicle/TOY/2024/tacoma/7126/982/d7779b4e7f37122231138a284621717d863a304645ddd9e86fefa0eac5bab4f7.png?wid=1600&fmt=webp-alpha&cropN=0.04,0.08,0.92,.84"
SR5,Exterior,Celestial Silver Metallic,Included,"https://tmnaassetscs.scene7.com/is/image/tmnaassetscs/vcr/live/vehicle/TOY/2024/tacoma/7126/99/04586da3ada51dcb061737be07a96c29d7815a7b4a88d5a204e1abf98e736a17.png?wid=1600&fmt=webp-alpha&cropN=0.04,0.08,0.92,.84"
SR5,Exterior,Black,Included,"https://tmnaassetscs.scene7.com/is/image/tmnaassetscs/vcr/live/vehicle/TOY/2024/tacoma/7126/14/7fa032163459294c1a2ccdbfecdff085239144f72696420c01407daab155e3ec.png?wid=1600&fmt=webp-alpha&cropN=0.04,0.08,0.92,.84"
SR5,Exterior,Supersonic Red *,$425,"https://tmnaassetscs.scene7.com/is/image/tmnaassetscs/vcr/live/vehicle/TOY/2024/tacoma/7126/610/153289ca6bd1c4ad19ae8b9460f4012361a77cbba1ec2f0072576a5053b1e6bd.png?wid=1600&fmt=webp-alpha&cropN=0.04,0.08,0.92,.84"
SR5,Exterior,Blue Crush Metallic,Included,"https://tmnaassetscs.scene7.com/is/image/tmnaassetscs/vcr/live/vehicle/TOY/2024/tacoma/7126/610/153289ca6bd1c4ad19ae8b9460f4012361a77cbba1ec2f0072576a5053b1e6bd.png?wid=1600&fmt=webp-alpha&cropN=0.04,0.08,0.92,.84"
SR5,Interior,Black Fabric w/Smoke Silver,Included,N/A
SR5,Interior,Boulder Fabric,Included,N/A
SR5,Interior,Black Fabric,Included,N/A
SR5,Engine,,Included,N/A
SR5,Transmission,,Included,N/A
SR5,Drivetrain,,Included,N/A
SR5,Drivetrain,,,N/A
TRD PreRunner,Exterior,Solar Octane *,$425,"https://tmnaassetscs.scene7.com/is/image/tmnaassetscs/vcr/live/vehicle/TOY/2024/tacoma/7166/702/18f79106aa9c3ed37245f13be99df532e7e8b133518d66d28517fd9d57b597a3.png?wid=1600&fmt=webp-alpha&cropN=0.04,0.08,0.92,.84"
TRD PreRunner,Exterior,Ice Cap,Included,"https://tmnaassetscs.scene7.com/is/image/tmnaassetscs/vcr/live/vehicle/TOY/2024/tacoma/7166/852/f5c3190caa59c513abd741b15f82342e4616391ae79505756127902a9e40c2ae.png?wid=1600&fmt=webp-alpha&cropN=0.04,0.08,0.92,.84"
TRD PreRunner,Exterior,Underground,Included,"https://tmnaassetscs.scene7.com/is/image/tmnaassetscs/vcr/live/vehicle/TOY/2024/tacoma/7166/702/18f79106aa9c3ed37245f13be99df532e7e8b133518d66d28517fd9d57b597a3.png?wid=1600&fmt=webp-alpha&cropN=0.04,0.08,0.92,.84"
TRD PreRunner,Exterior,Celestial Silver Metallic,Included,"https://tmnaassetscs.scene7.com/is/image/tmnaassetscs/vcr/live/vehicle/TOY/2024/tacoma/7166/324/26bd64d44e6ea75f6a90b9196a2b7cc1528d9233c98015e18a865804b0ee5612.png?wid=1600&fmt=webp-alpha&cropN=0.04,0.08,0.92,.84"
TRD PreRunner,Exterior,Black,Included,"https://tmnaassetscs.scene7.com/is/image/tmnaassetscs/vcr/live/vehicle/TOY/2024/tacoma/7166/455/7d222fc7b36da52746537890393fc22e6911be737199a1e59ca68c6e620a8340.png?wid=1600&fmt=webp-alpha&cropN=0.04,0.08,0.92,.84"
TRD PreRunner,Exterior,Supersonic Red *,$425,"https://tmnaassetscs.scene7.com/is/image/tmnaassetscs/vcr/live/vehicle/TOY/2024/tacoma/7166/455/7d222fc7b36da52746537890393fc22e6911be737199a1e59ca68c6e620a8340.png?wid=1600&fmt=webp-alpha&cropN=0.04,0.08,0.92,.84"
TRD PreRunner,Interior,Boulder/Black Fabric w/Anodized Blue,Included,N/A
TRD PreRunner,Interior,Boulder/Black Fabric w/Smoke Silver,Included,N/A
TRD PreRunner,Engine,i-FORCE 2.4L 4-Cyl. Turbo Engine,Included,N/A
TRD PreRunner,Transmission,8-Speed Automatic Transmission,Included,N/A
TRD PreRunner,Drivetrain,Rear-Wheel Drive,Included,N/A
TRD Sport,Exterior,Solar Octane *,$425,"https://tmnaassetscs.scene7.com/is/image/tmnaassetscs/vcr/live/vehicle/TOY/2024/tacoma/7148/939/a9f51bcb28f77debfbd8e1cf85fe80d9ca01256c7a1eb7afdc3ece94319653d7.png?wid=1600&fmt=webp-alpha&cropN=0.04,0.08,0.92,.84"
TRD Sport,Exterior,Bronze Oxide,Included,"https://tmnaassetscs.scene7.com/is/image/tmnaassetscs/vcr/live/vehicle/TOY/2024/tacoma/7148/882/b07f31fa19b27ba15b3a5f82933868b2a8ff134f109a799c3e8d2a69503b2943.png?wid=1600&fmt=webp-alpha&cropN=0.04,0.08,0.92,.84"
TRD Sport,Exterior,Ice Cap,Included,"https://tmnaassetscs.scene7.com/is/image/tmnaassetscs/vcr/live/vehicle/TOY/2024/tacoma/7148/351/fb16b507f1600b3abe151030c7a7daba8c18fa53d828ff43cdbfb570d18f9756.png?wid=1600&fmt=webp-alpha&cropN=0.04,0.08,0.92,.84"
TRD Sport,Exterior,Underground,Included,"https://tmnaassetscs.scene7.com/is/image/tmnaassetscs/vcr/live/vehicle/TOY/2024/tacoma/7148/893/aa8322fdd6d8c3c1dd20c53228b1e20a430ef26a34b538b02584ededa26681ea.png?wid=1600&fmt=webp-alpha&cropN=0.04,0.08,0.92,.84"
TRD Sport,Exterior,Celestial Silver Metallic,Included,"https://tmnaassetscs.scene7.com/is/image/tmnaassetscs/vcr/live/vehicle/TOY/2024/tacoma/7148/307/a8cd623308a2de32eb850c6e61f64fdc4e463e26ff6cd1096d62c0bf2d7b1e96.png?wid=1600&fmt=webp-alpha&cropN=0.04,0.08,0.92,.84"
TRD Sport,Exterior,Black,Included,"https://tmnaassetscs.scene7.com/is/image/tmnaassetscs/vcr/live/vehicle/TOY/2024/tacoma/7148/369/2f3f6f2164e9f3aed916a9f60997337e3adf760e9c61102aabb7db86f70f0b72.png?wid=1600&fmt=webp-alpha&cropN=0.04,0.08,0.92,.84"
TRD Sport,Exterior,Supersonic Red *,$425,"https://tmnaassetscs.scene7.com/is/image/tmnaassetscs/vcr/live/vehicle/TOY/2024/tacoma/7148/954/7dde462a5c0ffde6929a4d9ec8432dacc4cf6d91e4cba4b5842e1fc1036aa72f.png?wid=1600&fmt=webp-alpha&cropN=0.04,0.08,0.92,.84"
TRD Sport,Exterior,Blue Crush Metallic,Included,"https://tmnaassetscs.scene7.com/is/image/tmnaassetscs/vcr/live/vehicle/TOY/2024/tacoma/7148/86/33b7de965677b36ba991cfe9122d3bf0a5f3f1e44e95aa2031740c383ce74bc4.png?wid=1600&fmt=webp-alpha&cropN=0.04,0.08,0.92,.84"
TRD Sport,Exterior,Wind Chill Pearl *,$425,"https://tmnaassetscs.scene7.com/is/image/tmnaassetscs/vcr/live/vehicle/TOY/2024/tacoma/7148/983/fed20de7c992d25e2ba2b6ceef0be2f92d4ab8b0e035ab8c6ef31ad5ff9589fe.png?wid=1600&fmt=webp-alpha&cropN=0.04,0.08,0.92,.84"
TRD Sport,Interior,Boulder/Black Fabric w/Anodized Blue,Included,N/A
TRD Sport,Interior,Black SofTex® *,Included,N/A
TRD Sport,Interior,Black Fabric w/White,Included,N/A
TRD Sport,Interior,Boulder/Black Fabric w/Smoke Silver,Included,N/A
TRD Sport,Engine,i-FORCE 2.4L 4-Cyl. Turbo Engine,Included,N/A
TRD Sport,Transmission,8-Speed Automatic Transmission,Included,N/A
TRD Sport,Drivetrain,Rear-Wheel Drive,Included,N/A
TRD Sport,Drivetrain,4-Wheel Drive,"$3,200 MSRP",N/A
TRD Off-Road,Exterior,Solar Octane *,$425,"https://tmnaassetscs.scene7.com/is/image/tmnaassetscs/vcr/live/vehicle/TOY/2024/tacoma/7544/153/51a051a1fc3124969a3041ff39b75597c9c6f5e0492a80421ac1898a4972088c.png?wid=1600&fmt=webp-alpha&cropN=0.04,0.08,0.92,.84"
TRD Off-Road,Exterior,Bronze Oxide,Included,"https://tmnaassetscs.scene7.com/is/image/tmnaassetscs/vcr/live/vehicle/TOY/2024/tacoma/7544/280/fcc91fb0cd193972404221a8f50036890a5144a5b6f59c2bd35152c684871a56.png?wid=1600&fmt=webp-alpha&cropN=0.04,0.08,0.92,.84"
TRD Off-Road,Exterior,Ice Cap,Included,"https://tmnaassetscs.scene7.com/is/image/tmnaassetscs/vcr/live/vehicle/TOY/2024/tacoma/7544/401/2a8d39a1ca87629a03ff7ca898272fc4a26f99877c47103fd6c5e45eece6f9ed.png?wid=1600&fmt=webp-alpha&cropN=0.04,0.08,0.92,.84"
TRD Off-Road,Exterior,Underground,Included,"https://tmnaassetscs.scene7.com/is/image/tmnaassetscs/vcr/live/vehicle/TOY/2024/tacoma/7544/641/93538e31964206fc597199b937e69787e3a7f6ea61fd64ec3d95ce094230ef61.png?wid=1600&fmt=webp-alpha&cropN=0.04,0.08,0.92,.84"
TRD Off-Road,Exterior,Celestial Silver Metallic,Included,"https://tmnaassetscs.scene7.com/is/image/tmnaassetscs/vcr/live/vehicle/TOY/2024/tacoma/7544/810/5b3e980a32e51404797424534b35bf3429b101687c8bd65db4213a1b1537699c.png?wid=1600&fmt=webp-alpha&cropN=0.04,0.08,0.92,.84"
TRD Off-Road,Exterior,Black,Included,"https://tmnaassetscs.scene7.com/is/image/tmnaassetscs/vcr/live/vehicle/TOY/2024/tacoma/7544/660/e1b9de44f3e91de980fd112d4a661121e7834c58598a53a93c38353c2e35f2da.png?wid=1600&fmt=webp-alpha&cropN=0.04,0.08,0.92,.84"
TRD Off-Road,Exterior,Supersonic Red *,$425,"https://tmnaassetscs.scene7.com/is/image/tmnaassetscs/vcr/live/vehicle/TOY/2024/tacoma/7544/323/01d741e3f3a68b42f168c14f8deb6f21f07d029ead9eb1c60d23e1efc8ef8653.png?wid=1600&fmt=webp-alpha&cropN=0.04,0.08,0.92,.84"
TRD Off-Road,Exterior,Blue Crush Metallic,Included,"https://tmnaassetscs.scene7.com/is/image/tmnaassetscs/vcr/live/vehicle/TOY/2024/tacoma/7544/928/393dab90ece4c4428dbf8f41c61bbd8eb25d5a620f868204ab1c8a6a654f0128.png?wid=1600&fmt=webp-alpha&cropN=0.04,0.08,0.92,.84"
TRD Off-Road,Interior,Black Fabric w/White,Included,N/A
TRD Off-Road,Interior,Black SofTex® *,Included,N/A
TRD Off-Road,Interior,Boulder/Black Fabric w/Smoke Silver,Included,N/A
TRD Off-Road,Interior,Boulder/Black Fabric w/Anodized Blue,Included,N/A
TRD Off-Road,Engine,i-FORCE 2.4L 4-Cyl. Turbo Engine,Included,N/A
TRD Off-Road,Transmission,8-Speed Automatic Transmission,Included,N/A
TRD Off-Road,Drivetrain,4-Wheel Drive,Included,N/A
TRD Sport i-FORCE MAX,Exterior,Solar Octane *,$425,"https://tmnaassetscs.scene7.com/is/image/tmnaassetscs/vcr/live/vehicle/TOY/2024/tacoma/7530/952/a3e51770271ea493de571e3e04f5739703aabdb0dd6294a57db2d576ce51ed70.png?wid=1600&fmt=webp-alpha&cropN=0.04,0.08,0.92,.84"
TRD Sport i-FORCE MAX,Exterior,Bronze Oxide,Included,"https://tmnaassetscs.scene7.com/is/image/tmnaassetscs/vcr/live/vehicle/TOY/2024/tacoma/7530/952/a3e51770271ea493de571e3e04f5739703aabdb0dd6294a57db2d576ce51ed70.png?wid=1600&fmt=webp-alpha&cropN=0.04,0.08,0.92,.84"
TRD Sport i-FORCE MAX,Exterior,Ice Cap,Included,"https://tmnaassetscs.scene7.com/is/image/tmnaassetscs/vcr/live/vehicle/TOY/2024/tacoma/7530/991/8d2ea77f14a9f4f576e78376445b46897f68a5cc0a856b7a413a7584cd258ed5.png?wid=1600&fmt=webp-alpha&cropN=0.04,0.08,0.92,.84"
TRD Sport i-FORCE MAX,Exterior,Underground,Included,"https://tmnaassetscs.scene7.com/is/image/tmnaassetscs/vcr/live/vehicle/TOY/2024/tacoma/7530/721/dfa5bbf18269797c25a020445e38d5fd6cfd911d7010308aae4962c3bb7f6cab.png?wid=1600&fmt=webp-alpha&cropN=0.04,0.08,0.92,.84"
TRD Sport i-FORCE MAX,Exterior,Celestial Silver Metallic,Included,"https://tmnaassetscs.scene7.com/is/image/tmnaassetscs/vcr/live/vehicle/TOY/2024/tacoma/7530/456/76d22c90290d8cee29014adf886d1c5f6321ade6add1b50106afcf031e50097e.png?wid=1600&fmt=webp-alpha&cropN=0.04,0.08,0.92,.84"
TRD Sport i-FORCE MAX,Exterior,Black,Included,"https://tmnaassetscs.scene7.com/is/image/tmnaassetscs/vcr/live/vehicle/TOY/2024/tacoma/7530/952/a3e51770271ea493de571e3e04f5739703aabdb0dd6294a57db2d576ce51ed70.png?wid=1600&fmt=webp-alpha&cropN=0.04,0.08,0.92,.84"
TRD Sport i-FORCE MAX,Exterior,Supersonic Red *,$425,"https://tmnaassetscs.scene7.com/is/image/tmnaassetscs/vcr/live/vehicle/TOY/2024/tacoma/7530/952/a3e51770271ea493de571e3e04f5739703aabdb0dd6294a57db2d576ce51ed70.png?wid=1600&fmt=webp-alpha&cropN=0.04,0.08,0.92,.84"
TRD Sport i-FORCE MAX,Exterior,Blue Crush Metallic,Included,"https://tmnaassetscs.scene7.com/is/image/tmnaassetscs/vcr/live/vehicle/TOY/2024/tacoma/7530/395/f9e36553ee58006005da8a7e7fb0e21053d8cab00dd88dba2b9a5fdff785680c.png?wid=1600&fmt=webp-alpha&cropN=0.04,0.08,0.92,.84"
TRD Sport i-FORCE MAX,Exterior,Wind Chill Pearl *,$425,"https://tmnaassetscs.scene7.com/is/image/tmnaassetscs/vcr/live/vehicle/TOY/2024/tacoma/7530/791/a4137db7de3fc111057999cffb3440ce69b6ee47d6497b80d345de3cfb4df4ef.png?wid=1600&fmt=webp-alpha&cropN=0.04,0.08,0.92,.84"
TRD Sport i-FORCE MAX,Interior,Boulder/Black Fabric w/Anodized Blue,Included,N/A
TRD Sport i-FORCE MAX,Interior,Black SofTex® *,Included,N/A
TRD Sport i-FORCE MAX,Interior,Black Fabric w/White,Included,N/A
TRD Sport i-FORCE MAX,Interior,Boulder/Black Fabric w/Smoke Silver,Included,N/A
TRD Sport i-FORCE MAX,Engine,i-FORCE MAX 2.4L 4-Cyl. Turbo Hybrid Powertrain,Included,N/A
TRD Sport i-FORCE MAX,Transmission,8-Speed Automatic Transmission,Included,N/A
TRD Sport i-FORCE MAX,Drivetrain,4-Wheel Drive,Included,N/A
TRD Off-Road i-FORCE MAX,Exterior,Solar Octane *,$425,"https://tmnaassetscs.scene7.com/is/image/tmnaassetscs/vcr/live/vehicle/TOY/2024/tacoma/7532/553/4852d32128dab6a2c6978e3e50e9571bcda8ae02e4fbcd4ac5b47cf3fe401a12.png?wid=1600&fmt=webp-alpha&cropN=0.04,0.08,0.92,.84"
TRD Off-Road i-FORCE MAX,Exterior,Bronze Oxide,Included,"https://tmnaassetscs.scene7.com/is/image/tmnaassetscs/vcr/live/vehicle/TOY/2024/tacoma/7532/916/7d69c9b4921cb34284e46a43a0fd7c6b573a176d0cd43cac6e7be699e8ea62c7.png?wid=1600&fmt=webp-alpha&cropN=0.04,0.08,0.92,.84"
TRD Off-Road i-FORCE MAX,Exterior,Ice Cap,Included,"https://tmnaassetscs.scene7.com/is/image/tmnaassetscs/vcr/live/vehicle/TOY/2024/tacoma/7532/466/f46c518a6c9bfbf66eb05444ea7cf23d5087c24cf425dad09b35fc413ee3b703.png?wid=1600&fmt=webp-alpha&cropN=0.04,0.08,0.92,.84"
TRD Off-Road i-FORCE MAX,Exterior,Underground,Included,"https://tmnaassetscs.scene7.com/is/image/tmnaassetscs/vcr/live/vehicle/TOY/2024/tacoma/7532/751/873db72fbd9b7b5d52427d1bfda6bbd7b87fa6bb83ccaa8c2612e25da70f1495.png?wid=1600&fmt=webp-alpha&cropN=0.04,0.08,0.92,.84"
TRD Off-Road i-FORCE MAX,Exterior,Celestial Silver Metallic,Included,"https://tmnaassetscs.scene7.com/is/image/tmnaassetscs/vcr/live/vehicle/TOY/2024/tacoma/7532/643/bdab8573db5e8171cdb08d783bfc5dba5655e134c4226cdceab74f8b506ead24.png?wid=1600&fmt=webp-alpha&cropN=0.04,0.08,0.92,.84"
TRD Off-Road i-FORCE MAX,Exterior,Black,Included,"https://tmnaassetscs.scene7.com/is/image/tmnaassetscs/vcr/live/vehicle/TOY/2024/tacoma/7532/195/70069b6bc7d3dfe3ef0094960d442fecf55fa5b5a35e24bbbb815c4ba619275f.png?wid=1600&fmt=webp-alpha&cropN=0.04,0.08,0.92,.84"
TRD Off-Road i-FORCE MAX,Exterior,Supersonic Red *,$425,"https://tmnaassetscs.scene7.com/is/image/tmnaassetscs/vcr/live/vehicle/TOY/2024/tacoma/7532/360/dab7e348f4c4829892be334970a752b7e5831a663838a56d7cf9f543ece5c35c.png?wid=1600&fmt=webp-alpha&cropN=0.04,0.08,0.92,.84"
TRD Off-Road i-FORCE MAX,Exterior,Blue Crush Metallic,Included,"https://tmnaassetscs.scene7.com/is/image/tmnaassetscs/vcr/live/vehicle/TOY/2024/tacoma/7532/806/519868d6dc1401233fda9ef3dd681cc3b44e9b7517882eef60ccb11bc253ba31.png?wid=1600&fmt=webp-alpha&cropN=0.04,0.08,0.92,.84"
TRD Off-Road i-FORCE MAX,Interior,Black Fabric w/White,Included,N/A
TRD Off-Road i-FORCE MAX,Interior,Black SofTex® *,Included,N/A
TRD Off-Road i-FORCE MAX,Interior,Boulder/Black Fabric w/Smoke Silver,Included,N/A
TRD Off-Road i-FORCE MAX,Interior,Boulder/Black Fabric w/Anodized Blue,Included,N/A
TRD Off-Road i-FORCE MAX,Engine,i-FORCE MAX 2.4L 4-Cyl. Turbo Hybrid Powertrain,Included,N/A
TRD Off-Road i-FORCE MAX,Transmission,8-Speed Automatic Transmission,Included,N/A
TRD Off-Road i-FORCE MAX,Drivetrain,4-Wheel Drive,Included,N/A
Limited,Exterior,Bronze Oxide,Included,"https://tmnaassetscs.scene7.com/is/image/tmnaassetscs/vcr/live/vehicle/TOY/2024/tacoma/7582/322/1781bc52dbbfa86a432f7caf205c347047e8ddafe5448e6b3e610ba5f528d1b3.png?wid=1600&fmt=webp-alpha&cropN=0.04,0.08,0.92,.84"
Limited,Exterior,Underground,Included,"https://tmnaassetscs.scene7.com/is/image/tmnaassetscs/vcr/live/vehicle/TOY/2024/tacoma/7582/322/1781bc52dbbfa86a432f7caf205c347047e8ddafe5448e6b3e610ba5f528d1b3.png?wid=1600&fmt=webp-alpha&cropN=0.04,0.08,0.92,.84"
Limited,Exterior,Celestial Silver Metallic,Included,"https://tmnaassetscs.scene7.com/is/image/tmnaassetscs/vcr/live/vehicle/TOY/2024/tacoma/7582/322/1781bc52dbbfa86a432f7caf205c347047e8ddafe5448e6b3e610ba5f528d1b3.png?wid=1600&fmt=webp-alpha&cropN=0.04,0.08,0.92,.84"
Limited,Exterior,Black,Included,"https://tmnaassetscs.scene7.com/is/image/tmnaassetscs/vcr/live/vehicle/TOY/2024/tacoma/7582/322/1781bc52dbbfa86a432f7caf205c347047e8ddafe5448e6b3e610ba5f528d1b3.png?wid=1600&fmt=webp-alpha&cropN=0.04,0.08,0.92,.84"
Limited,Exterior,Supersonic Red *,$425,"https://tmnaassetscs.scene7.com/is/image/tmnaassetscs/vcr/live/vehicle/TOY/2024/tacoma/7582/322/1781bc52dbbfa86a432f7caf205c347047e8ddafe5448e6b3e610ba5f528d1b3.png?wid=1600&fmt=webp-alpha&cropN=0.04,0.08,0.92,.84"
Limited,Exterior,Blue Crush Metallic,Included,"https://tmnaassetscs.scene7.com/is/image/tmnaassetscs/vcr/live/vehicle/TOY/2024/tacoma/7582/322/1781bc52dbbfa86a432f7caf205c347047e8ddafe5448e6b3e610ba5f528d1b3.png?wid=1600&fmt=webp-alpha&cropN=0.04,0.08,0.92,.84"
Limited,Exterior,Wind Chill Pearl *,$425,"https://tmnaassetscs.scene7.com/is/image/tmnaassetscs/vcr/live/vehicle/TOY/2024/tacoma/7582/322/1781bc52dbbfa86a432f7caf205c347047e8ddafe5448e6b3e610ba5f528d1b3.png?wid=1600&fmt=webp-alpha&cropN=0.04,0.08,0.92,.84"
Limited,Interior,Black SofTex® *,Included,N/A
Limited,Interior,Boulder SofTex® *,Included,N/A
Limited,Engine,i-FORCE 2.4L 4-Cyl. Turbo Engine,Included,N/A
Limited,Transmission,8-Speed Automatic Transmission,Included,N/A
Limited,Drivetrain,4-Wheel Drive,Included,N/A
Limited i-FORCE MAX,Exterior,Bronze Oxide,Included,"https://tmnaassetscs.scene7.com/is/image/tmnaassetscs/vcr/live/vehicle/TOY/2024/tacoma/7534/649/bc9b42418043b2a72ec82f104593796daa200ea387a56ff9797a675c31841b84.png?wid=1600&fmt=webp-alpha&cropN=0.04,0.08,0.92,.84"
Limited i-FORCE MAX,Exterior,Underground,Included,"https://tmnaassetscs.scene7.com/is/image/tmnaassetscs/vcr/live/vehicle/TOY/2024/tacoma/7534/427/88f122abc092cd4ebae40b1103f26126d9f27885aa6e74f72edbe691e5ca0be5.png?wid=1600&fmt=webp-alpha&cropN=0.04,0.08,0.92,.84"
Limited i-FORCE MAX,Exterior,Celestial Silver Metallic,Included,"https://tmnaassetscs.scene7.com/is/image/tmnaassetscs/vcr/live/vehicle/TOY/2024/tacoma/7534/633/c84f6201944f8eefabffdd6aaed503a94945be95ee1bf46273da6cc045bfa82d.png?wid=1600&fmt=webp-alpha&cropN=0.04,0.08,0.92,.84"
Limited i-FORCE MAX,Exterior,Black,Included,"https://tmnaassetscs.scene7.com/is/image/tmnaassetscs/vcr/live/vehicle/TOY/2024/tacoma/7534/627/93adbc13297a87e46575dfd5415463d1cd0fe01b34fbb9c0957e49088865772b.png?wid=1600&fmt=webp-alpha&cropN=0.04,0.08,0.92,.84"
Limited i-FORCE MAX,Exterior,Supersonic Red *,$425,"https://tmnaassetscs.scene7.com/is/image/tmnaassetscs/vcr/live/vehicle/TOY/2024/tacoma/7534/939/a43c91ebc195587c7c7c150ceb69c16011b921636faf027f1efadaa40c848f3a.png?wid=1600&fmt=webp-alpha&cropN=0.04,0.08,0.92,.84"
Limited i-FORCE MAX,Exterior,Blue Crush Metallic,Included,"https://tmnaassetscs.scene7.com/is/image/tmnaassetscs/vcr/live/vehicle/TOY/2024/tacoma/7534/878/eaad19ce8f5885ebaec456620961286f49626d8eec4c7252dc04d3cfe56c0640.png?wid=1600&fmt=webp-alpha&cropN=0.04,0.08,0.92,.84"
Limited i-FORCE MAX,Exterior,Wind Chill Pearl *,$425,"https://tmnaassetscs.scene7.com/is/image/tmnaassetscs/vcr/live/vehicle/TOY/2024/tacoma/7534/590/f95c406eaeebb050e97f8ed05498a5ef1416528925a15844875628955a2f1c53.png?wid=1600&fmt=webp-alpha&cropN=0.04,0.08,0.92,.84"
Limited i-FORCE MAX,Interior,Black SofTex® *,Included,N/A
Limited i-FORCE MAX,Interior,Boulder SofTex® *,Included,N/A
Limited i-FORCE MAX,Engine,i-FORCE MAX 2.4L 4-Cyl. Turbo Hybrid Powertrain,Included,N/A
Limited i-FORCE MAX,Transmission,8-Speed Automatic Transmission,Included,N/A
Limited i-FORCE MAX,Drivetrain,4-Wheel Drive,Included,N/A
Trailhunter,Exterior,Bronze Oxide,Included,"https://tmnaassetscs.scene7.com/is/image/tmnaassetscs/vcr/live/vehicle/TOY/2024/tacoma/7536/208/1defc2b031f70dc948def777bf2570832d092804d426539b4eb5c0a181a2ed31.png?wid=1600&fmt=webp-alpha&cropN=0.04,0.08,0.92,.84"
Trailhunter,Exterior,Ice Cap,Included,"https://tmnaassetscs.scene7.com/is/image/tmnaassetscs/vcr/live/vehicle/TOY/2024/tacoma/7536/483/d8ffa0bb5ac4ae07e0a91a3c0e72135a348503bda5f547fdfc66ca5e0f86df1e.png?wid=1600&fmt=webp-alpha&cropN=0.04,0.08,0.92,.84"
Trailhunter,Exterior,Underground,Included,"https://tmnaassetscs.scene7.com/is/image/tmnaassetscs/vcr/live/vehicle/TOY/2024/tacoma/7536/59/f6f5778bd3ad158840e82d657050596f38bb075a73126ddb525658a9f1a335a4.png?wid=1600&fmt=webp-alpha&cropN=0.04,0.08,0.92,.84"
Trailhunter,Exterior,Celestial Silver Metallic,Included,"https://tmnaassetscs.scene7.com/is/image/tmnaassetscs/vcr/live/vehicle/TOY/2024/tacoma/7536/375/7e0ad9f7fec85649e2253718f7e36690c0217ba9d1192b85413361e82a60673d.png?wid=1600&fmt=webp-alpha&cropN=0.04,0.08,0.92,.84"
Trailhunter,Exterior,Black,Included,"https://tmnaassetscs.scene7.com/is/image/tmnaassetscs/vcr/live/vehicle/TOY/2024/tacoma/7536/920/eac215107da3c2ea7d3d17328769bb82d2bc66de22102c663a3a091a8bad98b9.png?wid=1600&fmt=webp-alpha&cropN=0.04,0.08,0.92,.84"
Trailhunter,Interior,Mineral SofTex® *,Included,N/A
Trailhunter,Engine,i-FORCE MAX 2.4L 4-Cyl. Turbo Hybrid Powertrain,Included,N/A
Trailhunter,Transmission,8-Speed Automatic Transmission,Included,N/A
Trailhunter,Drivetrain,4-Wheel Drive,Included,N/A
TRD Pro,Exterior,Terra with Black roof,Included,"https://tmnaassetscs.scene7.com/is/image/tmnaassetscs/vcr/live/vehicle/TOY/2024/tacoma/7598/450/c46e180aa611abb0ab9073df438e2e0e3c113e8da0a93554f96a36424e53b9f3.png?wid=1600&fmt=webp-alpha&cropN=0.04,0.08,0.92,.84"
TRD Pro,Exterior,Ice Cap with Black roof,Included,"https://tmnaassetscs.scene7.com/is/image/tmnaassetscs/vcr/live/vehicle/TOY/2024/tacoma/7598/918/ecc0a816b8238d4d41720551565ee8974e96ede2ba99489b9e55a120cb70d014.png?wid=1600&fmt=webp-alpha&cropN=0.04,0.08,0.92,.84"
TRD Pro,Exterior,Underground with Black roof,Included,"https://tmnaassetscs.scene7.com/is/image/tmnaassetscs/vcr/live/vehicle/TOY/2024/tacoma/7598/215/6b98ba0f9d4be7c41d8614518a7f23106bfe960d464415fb323492b211f923ac.png?wid=1600&fmt=webp-alpha&cropN=0.04,0.08,0.92,.84"
TRD Pro,Exterior,Black,Included,"https://tmnaassetscs.scene7.com/is/image/tmnaassetscs/vcr/live/vehicle/TOY/2024/tacoma/7598/256/9e99a870a9f98a3fdf535f60d3a54f1380b7684cb4d544be39c1a7d8446bcbba.png?wid=1600&fmt=webp-alpha&cropN=0.04,0.08,0.92,.84"
TRD Pro,Interior,Black SofTex® *,Included,N/A
TRD Pro,Interior,Cockpit Red SofTex® *,Included,N/A
TRD Pro,Engine,i-FORCE MAX 2.4L 4-Cyl. Turbo Hybrid Powertrain,Included,N/A
TRD Pro,Transmission,8-Speed Automatic Transmission,Included,N/A
TRD Pro,Drivetrain,4-Wheel Drive,Included,N/A
