Model,Category,Name,Price/Details,Image URL
TRD Sport i-FORCE MAX,Exterior,Solar Octane *,$425,"https://tmnaassetscs.scene7.com/is/image/tmnaassetscs/vcr/live/vehicle/TOY/2024/tacomahybrid/7530/679/f6634c17a1267e434c936a97df0b59060fa097d47c14aae5c9663a8b4798f968.png?wid=1600&fmt=webp-alpha&cropN=0.04,0.08,0.92,.84"
TRD Sport i-FORCE MAX,Exterior,Bronze Oxide,Included,"https://tmnaassetscs.scene7.com/is/image/tmnaassetscs/vcr/live/vehicle/TOY/2024/tacomahybrid/7530/679/f6634c17a1267e434c936a97df0b59060fa097d47c14aae5c9663a8b4798f968.png?wid=1600&fmt=webp-alpha&cropN=0.04,0.08,0.92,.84"
TRD Sport i-FORCE MAX,Exterior,Ice Cap,Included,"https://tmnaassetscs.scene7.com/is/image/tmnaassetscs/vcr/live/vehicle/TOY/2024/tacomahybrid/7530/665/695720a1dcdff5fcef6e8b7c71ae8adde8291261181749b32dd24d627c30eb14.png?wid=1600&fmt=webp-alpha&cropN=0.04,0.08,0.92,.84"
TRD Sport i-FORCE MAX,Exterior,Underground,Included,"https://tmnaassetscs.scene7.com/is/image/tmnaassetscs/vcr/live/vehicle/TOY/2024/tacomahybrid/7530/267/21e989b39cb49ef2f024f670d5d73036f3b2e1c91edbbc9e9e68a2c060bc949d.png?wid=1600&fmt=webp-alpha&cropN=0.04,0.08,0.92,.84"
TRD Sport i-FORCE MAX,Exterior,Celestial Silver Metallic,Included,"https://tmnaassetscs.scene7.com/is/image/tmnaassetscs/vcr/live/vehicle/TOY/2024/tacomahybrid/7530/571/0ba875c3b0eb900c82a7af7ee4f64edc67a842aab5cb6c27801cb2f06cfd7b3f.png?wid=1600&fmt=webp-alpha&cropN=0.04,0.08,0.92,.84"
TRD Sport i-FORCE MAX,Exterior,Black,Included,"https://tmnaassetscs.scene7.com/is/image/tmnaassetscs/vcr/live/vehicle/TOY/2024/tacomahybrid/7530/679/f6634c17a1267e434c936a97df0b59060fa097d47c14aae5c9663a8b4798f968.png?wid=1600&fmt=webp-alpha&cropN=0.04,0.08,0.92,.84"
TRD Sport i-FORCE MAX,Exterior,Supersonic Red *,$425,"https://tmnaassetscs.scene7.com/is/image/tmnaassetscs/vcr/live/vehicle/TOY/2024/tacomahybrid/7530/679/f6634c17a1267e434c936a97df0b59060fa097d47c14aae5c9663a8b4798f968.png?wid=1600&fmt=webp-alpha&cropN=0.04,0.08,0.92,.84"
TRD Sport i-FORCE MAX,Exterior,Blue Crush Metallic,Included,"https://tmnaassetscs.scene7.com/is/image/tmnaassetscs/vcr/live/vehicle/TOY/2024/tacomahybrid/7530/205/6864a0b5000c2bec0e1da15da58cb5d9f006e72277eb084606b8ef927489465c.png?wid=1600&fmt=webp-alpha&cropN=0.04,0.08,0.92,.84"
TRD Sport i-FORCE MAX,Exterior,Wind Chill Pearl *,$425,"https://tmnaassetscs.scene7.com/is/image/tmnaassetscs/vcr/live/vehicle/TOY/2024/tacomahybrid/7530/30/1c988e9efab1a5757615dca9c992607cd3909b16a260e6e04892a1c86d0fabf5.png?wid=1600&fmt=webp-alpha&cropN=0.04,0.08,0.92,.84"
TRD Sport i-FORCE MAX,Interior,Boulder/Black Fabric w/Anodized Blue,Included,N/A
TRD Sport i-FORCE MAX,Interior,Black SofTex® *,Included,N/A
TRD Sport i-FORCE MAX,Interior,Black Fabric w/White,Included,N/A
TRD Sport i-FORCE MAX,Interior,Boulder/Black Fabric w/Smoke Silver,Included,N/A
TRD Sport i-FORCE MAX,Engine,i-FORCE MAX 2.4L 4-Cyl. Turbo Hybrid Powertrain,Included,N/A
TRD Sport i-FORCE MAX,Transmission,8-Speed Automatic Transmission,Included,N/A
TRD Sport i-FORCE MAX,Drivetrain,4-Wheel Drive,Included,N/A
TRD Off-Road i-FORCE MAX,Exterior,Solar Octane *,$425,"https://tmnaassetscs.scene7.com/is/image/tmnaassetscs/vcr/live/vehicle/TOY/2024/tacomahybrid/7532/382/0ce98086fb84fc232ebf58db308266b4ba979dd1de9893f4cf32f9eda0751e2d.png?wid=1600&fmt=webp-alpha&cropN=0.04,0.08,0.92,.84"
TRD Off-Road i-FORCE MAX,Exterior,Bronze Oxide,Included,"https://tmnaassetscs.scene7.com/is/image/tmnaassetscs/vcr/live/vehicle/TOY/2024/tacomahybrid/7532/634/b637034a7c8b6d4b7de4adeb8f2ccea89165b884ac5954438c30e0ba91e28822.png?wid=1600&fmt=webp-alpha&cropN=0.04,0.08,0.92,.84"
TRD Off-Road i-FORCE MAX,Exterior,Ice Cap,Included,"https://tmnaassetscs.scene7.com/is/image/tmnaassetscs/vcr/live/vehicle/TOY/2024/tacomahybrid/7532/229/9accf8856fa169a6499140ad6745f28fc5c48922f15d4a938ab21589e76eb1c8.png?wid=1600&fmt=webp-alpha&cropN=0.04,0.08,0.92,.84"
TRD Off-Road i-FORCE MAX,Exterior,Underground,Included,"https://tmnaassetscs.scene7.com/is/image/tmnaassetscs/vcr/live/vehicle/TOY/2024/tacomahybrid/7532/80/22a2c2f0d7f469ba0ad6042084d5caa9fa8d018790d8b2016e1db2c04eb93aff.png?wid=1600&fmt=webp-alpha&cropN=0.04,0.08,0.92,.84"
TRD Off-Road i-FORCE MAX,Exterior,Celestial Silver Metallic,Included,"https://tmnaassetscs.scene7.com/is/image/tmnaassetscs/vcr/live/vehicle/TOY/2024/tacomahybrid/7532/540/cb103724886580e66adefba282157145ba8e293853f0e0b09917c22c3fa6bf72.png?wid=1600&fmt=webp-alpha&cropN=0.04,0.08,0.92,.84"
TRD Off-Road i-FORCE MAX,Exterior,Black,Included,"https://tmnaassetscs.scene7.com/is/image/tmnaassetscs/vcr/live/vehicle/TOY/2024/tacomahybrid/7532/305/10244c619ed1c926f9fe85114da2f4f7238d062c9b72a3a634266a9b16aa5db2.png?wid=1600&fmt=webp-alpha&cropN=0.04,0.08,0.92,.84"
TRD Off-Road i-FORCE MAX,Exterior,Supersonic Red *,$425,"https://tmnaassetscs.scene7.com/is/image/tmnaassetscs/vcr/live/vehicle/TOY/2024/tacomahybrid/7532/783/edb6fe0ff66ed6bd2b76c0a99c19869a61bc301bf5932c0e9b274bb5970277d0.png?wid=1600&fmt=webp-alpha&cropN=0.04,0.08,0.92,.84"
TRD Off-Road i-FORCE MAX,Exterior,Blue Crush Metallic,Included,"https://tmnaassetscs.scene7.com/is/image/tmnaassetscs/vcr/live/vehicle/TOY/2024/tacomahybrid/7532/384/b4685500300e4431a1d4c651cdc88706815bf1e59ae8c66bd951ec77fbcbaafb.png?wid=1600&fmt=webp-alpha&cropN=0.04,0.08,0.92,.84"
TRD Off-Road i-FORCE MAX,Interior,Black Fabric w/White,Included,N/A
TRD Off-Road i-FORCE MAX,Interior,Black SofTex® *,Included,N/A
TRD Off-Road i-FORCE MAX,Interior,Boulder/Black Fabric w/Smoke Silver,Included,N/A
TRD Off-Road i-FORCE MAX,Interior,Boulder/Black Fabric w/Anodized Blue,Included,N/A
TRD Off-Road i-FORCE MAX,Engine,i-FORCE MAX 2.4L 4-Cyl. Turbo Hybrid Powertrain,Included,N/A
TRD Off-Road i-FORCE MAX,Transmission,8-Speed Automatic Transmission,Included,N/A
TRD Off-Road i-FORCE MAX,Drivetrain,4-Wheel Drive,Included,N/A
Limited i-FORCE MAX,Exterior,Bronze Oxide,Included,"https://tmnaassetscs.scene7.com/is/image/tmnaassetscs/vcr/live/vehicle/TOY/2024/tacomahybrid/7534/332/d30ca93cebf60beddff147a1ecfa2fddfbab93960a116ac3719c3822504ff92b.png?wid=1600&fmt=webp-alpha&cropN=0.04,0.08,0.92,.84"
Limited i-FORCE MAX,Exterior,Underground,Included,"https://tmnaassetscs.scene7.com/is/image/tmnaassetscs/vcr/live/vehicle/TOY/2024/tacomahybrid/7534/906/7a33f30a02410b2c45e7095457781a5e0c44eaf781b89cbe0bce80220fbd1f88.png?wid=1600&fmt=webp-alpha&cropN=0.04,0.08,0.92,.84"
Limited i-FORCE MAX,Exterior,Celestial Silver Metallic,Included,"https://tmnaassetscs.scene7.com/is/image/tmnaassetscs/vcr/live/vehicle/TOY/2024/tacomahybrid/7534/490/7ccd072220724d64c223e3b280095e7ac78194e9dd2aec58503bd04de5ba3e75.png?wid=1600&fmt=webp-alpha&cropN=0.04,0.08,0.92,.84"
Limited i-FORCE MAX,Exterior,Black,Included,"https://tmnaassetscs.scene7.com/is/image/tmnaassetscs/vcr/live/vehicle/TOY/2024/tacomahybrid/7534/879/8e916b5f7fe361ec88a0b194b736bea2f59205989967563aaa2edae2e4db1948.png?wid=1600&fmt=webp-alpha&cropN=0.04,0.08,0.92,.84"
Limited i-FORCE MAX,Exterior,Supersonic Red *,$425,"https://tmnaassetscs.scene7.com/is/image/tmnaassetscs/vcr/live/vehicle/TOY/2024/tacomahybrid/7534/76/1db9e9043c009ccda0b7285f44829ec172b0dac2b7593576f6cf28ac616ed07f.png?wid=1600&fmt=webp-alpha&cropN=0.04,0.08,0.92,.84"
Limited i-FORCE MAX,Exterior,Blue Crush Metallic,Included,"https://tmnaassetscs.scene7.com/is/image/tmnaassetscs/vcr/live/vehicle/TOY/2024/tacomahybrid/7534/464/32dc9758fa0e897f096948a8b512ab80882f9e1e66428200a17943ee1f076dd4.png?wid=1600&fmt=webp-alpha&cropN=0.04,0.08,0.92,.84"
Limited i-FORCE MAX,Exterior,Wind Chill Pearl *,$425,"https://tmnaassetscs.scene7.com/is/image/tmnaassetscs/vcr/live/vehicle/TOY/2024/tacomahybrid/7534/236/e5108d649cd3635fc26383e308540eaccd0790432b339fb6b88fb3d9b944df76.png?wid=1600&fmt=webp-alpha&cropN=0.04,0.08,0.92,.84"
Limited i-FORCE MAX,Interior,Black SofTex® *,Included,N/A
Limited i-FORCE MAX,Interior,Boulder SofTex® *,Included,N/A
Limited i-FORCE MAX,Engine,i-FORCE MAX 2.4L 4-Cyl. Turbo Hybrid Powertrain,Included,N/A
Limited i-FORCE MAX,Transmission,8-Speed Automatic Transmission,Included,N/A
Limited i-FORCE MAX,Drivetrain,4-Wheel Drive,Included,N/A
Trailhunter,Exterior,Bronze Oxide,Included,"https://tmnaassetscs.scene7.com/is/image/tmnaassetscs/vcr/live/vehicle/TOY/2024/tacomahybrid/7536/852/0b2b402ce9770b338851f4946e4ff17a4488d967ea383c4f2bebf1e430262cf4.png?wid=1600&fmt=webp-alpha&cropN=0.04,0.08,0.92,.84"
Trailhunter,Exterior,Ice Cap,Included,"https://tmnaassetscs.scene7.com/is/image/tmnaassetscs/vcr/live/vehicle/TOY/2024/tacomahybrid/7536/546/687ed8fa33b372ab47fcc1f929ebc74ec1b308bbe42f17440cf99c01f38a0612.png?wid=1600&fmt=webp-alpha&cropN=0.04,0.08,0.92,.84"
Trailhunter,Exterior,Underground,Included,"https://tmnaassetscs.scene7.com/is/image/tmnaassetscs/vcr/live/vehicle/TOY/2024/tacomahybrid/7536/0/e65c2718cec35994bd625286df21e6c6a3ff6a7e1c33bd13413b2c34428d6ef1.png?wid=1600&fmt=webp-alpha&cropN=0.04,0.08,0.92,.84"
Trailhunter,Exterior,Celestial Silver Metallic,Included,"https://tmnaassetscs.scene7.com/is/image/tmnaassetscs/vcr/live/vehicle/TOY/2024/tacomahybrid/7536/732/fedef984fcb9a93b07c2b49071809f27453cd89661c0a36e9bfeff17a5e087b2.png?wid=1600&fmt=webp-alpha&cropN=0.04,0.08,0.92,.84"
Trailhunter,Exterior,Black,Included,"https://tmnaassetscs.scene7.com/is/image/tmnaassetscs/vcr/live/vehicle/TOY/2024/tacomahybrid/7536/468/4b9c875c862c0e3c677478cefb54493310d051dec58c6948cb7cba5cf698aff7.png?wid=1600&fmt=webp-alpha&cropN=0.04,0.08,0.92,.84"
Trailhunter,Interior,Mineral SofTex® *,Included,N/A
Trailhunter,Engine,i-FORCE MAX 2.4L 4-Cyl. Turbo Hybrid Powertrain,Included,N/A
Trailhunter,Transmission,8-Speed Automatic Transmission,Included,N/A
Trailhunter,Drivetrain,4-Wheel Drive,Included,N/A
TRD Pro,Exterior,Terra with Black roof,Included,"https://tmnaassetscs.scene7.com/is/image/tmnaassetscs/vcr/live/vehicle/TOY/2024/tacomahybrid/7598/829/cdf94a8d190142131c15b0015aef3fbf60c801f469536b9b1ed863b9f233ca43.png?wid=1600&fmt=webp-alpha&cropN=0.04,0.08,0.92,.84"
TRD Pro,Exterior,Ice Cap with Black roof,Included,"https://tmnaassetscs.scene7.com/is/image/tmnaassetscs/vcr/live/vehicle/TOY/2024/tacomahybrid/7598/205/0235b51d8170a315bb5283b5d11c447ef28dad69540bf8a2ba197561f931e09f.png?wid=1600&fmt=webp-alpha&cropN=0.04,0.08,0.92,.84"
TRD Pro,Exterior,Underground with Black roof,Included,"https://tmnaassetscs.scene7.com/is/image/tmnaassetscs/vcr/live/vehicle/TOY/2024/tacomahybrid/7598/114/2bb1da92de0ec70bb5dc6dfbce6f53847fa45a27954de614bd4e6e3273971316.png?wid=1600&fmt=webp-alpha&cropN=0.04,0.08,0.92,.84"
TRD Pro,Exterior,Black,Included,"https://tmnaassetscs.scene7.com/is/image/tmnaassetscs/vcr/live/vehicle/TOY/2024/tacomahybrid/7598/942/67660bce61ad823018ef844ca6a137350238683bc04c6e8dd6629b657b26be31.png?wid=1600&fmt=webp-alpha&cropN=0.04,0.08,0.92,.84"
TRD Pro,Interior,Black SofTex® *,Included,N/A
TRD Pro,Interior,Cockpit Red SofTex® *,Included,N/A
TRD Pro,Engine,i-FORCE MAX 2.4L 4-Cyl. Turbo Hybrid Powertrain,Included,N/A
TRD Pro,Transmission,8-Speed Automatic Transmission,Included,N/A
TRD Pro,Drivetrain,4-Wheel Drive,Included,N/A
