Model,Category,Name,Price/Details,Image URL
LE,Exterior,Wind Chill Pearl *,$475,"https://tmnaassetscs.scene7.com/is/image/tmnaassetscs/vcr/live/vehicle/TOY/2025/highlander/6946/579/82564fb3d874c409e2ce80aecbc5a2f8a63da4e5568434b0bed086d92537fb88.png?wid=1600&fmt=webp-alpha&cropN=0.04,0.08,0.92,.84"
LE,Exterior,Midnight Black Metallic,Included,"https://tmnaassetscs.scene7.com/is/image/tmnaassetscs/vcr/live/vehicle/TOY/2025/highlander/6946/390/e971b1b66850429538b159a56ad2175f77b42804139bccc3cf0a94aa0964c5f0.png?wid=1600&fmt=webp-alpha&cropN=0.04,0.08,0.92,.84"
LE,Exterior,Celestial Silver Metallic,Included,"https://tmnaassetscs.scene7.com/is/image/tmnaassetscs/vcr/live/vehicle/TOY/2025/highlander/6946/470/c9fcc726f74a69562c7bfa3392dc7f006fd3078331cd90ad27c1841463b22a7c.png?wid=1600&fmt=webp-alpha&cropN=0.04,0.08,0.92,.84"
LE,Exterior,Magnetic Gray Metallic,Included,"https://tmnaassetscs.scene7.com/is/image/tmnaassetscs/vcr/live/vehicle/TOY/2025/highlander/6946/176/9f31a260b59e481cfd6c9a7013541b1d981f4f65c6713990c0e59f97ff00d794.png?wid=1600&fmt=webp-alpha&cropN=0.04,0.08,0.92,.84"
LE,Exterior,Cypress,Included,"https://tmnaassetscs.scene7.com/is/image/tmnaassetscs/vcr/live/vehicle/TOY/2025/highlander/6946/470/fb139c868ff8df802a5931a2b2ef8f3b1637b4c49d600acd990cf179454e11a0.png?wid=1600&fmt=webp-alpha&cropN=0.04,0.08,0.92,.84"
LE,Exterior,Blueprint,Included,"https://tmnaassetscs.scene7.com/is/image/tmnaassetscs/vcr/live/vehicle/TOY/2025/highlander/6946/123/c018551b5b48d79d40e191f867b132316729b15dd88258471250961ebf6a2666.png?wid=1600&fmt=webp-alpha&cropN=0.04,0.08,0.92,.84"
LE,Exterior,Ruby Flare Pearl *,$475,"https://tmnaassetscs.scene7.com/is/image/tmnaassetscs/vcr/live/vehicle/TOY/2025/highlander/6946/39/771c4b7f2278c598728b4c703562500a74fe8ab0deccb7720fcf945a553e9bbc.png?wid=1600&fmt=webp-alpha&cropN=0.04,0.08,0.92,.84"
LE,Interior,Graphite Fabric,Included,N/A
LE,Interior,Black Fabric,Included,N/A
LE,Engine,2.4L 4-Cyl. Turbo Engine,Included,N/A
LE,Transmission,Direct Shift 8-Speed Electronically Controlled automatic Transmission (ECT),Included,N/A
LE,Drivetrain,Front-Wheel Drive,Included,N/A
LE,Drivetrain,All-Wheel Drive,"$1,600 MSRP",N/A
XLE,Exterior,Heavy Metal *,$475,"https://tmnaassetscs.scene7.com/is/image/tmnaassetscs/vcr/live/vehicle/TOY/2025/highlander/6951/281/8afd16e960a9c79c5eda7d15d5d128093e48478c0736b052923ebe7bfce5ed3d.png?wid=1600&fmt=webp-alpha&cropN=0.04,0.08,0.92,.84"
XLE,Exterior,Wind Chill Pearl *,$475,"https://tmnaassetscs.scene7.com/is/image/tmnaassetscs/vcr/live/vehicle/TOY/2025/highlander/6951/376/bcecc4602c8bcfd84bbc43d5d824c3a4fd519fce0e867d36f9b61a57de3d124d.png?wid=1600&fmt=webp-alpha&cropN=0.04,0.08,0.92,.84"
XLE,Exterior,Midnight Black Metallic,Included,"https://tmnaassetscs.scene7.com/is/image/tmnaassetscs/vcr/live/vehicle/TOY/2025/highlander/6951/651/dd2b7c7baf322af0f5470de6344fcd26cb0c4082b6f121caf1163739f9f38f92.png?wid=1600&fmt=webp-alpha&cropN=0.04,0.08,0.92,.84"
XLE,Exterior,Celestial Silver Metallic,Included,"https://tmnaassetscs.scene7.com/is/image/tmnaassetscs/vcr/live/vehicle/TOY/2025/highlander/6951/539/7dee8c831e69127a8324a6bcb9d165f038dbdc8bb3b7657ac74218119139082b.png?wid=1600&fmt=webp-alpha&cropN=0.04,0.08,0.92,.84"
XLE,Exterior,Magnetic Gray Metallic,Included,"https://tmnaassetscs.scene7.com/is/image/tmnaassetscs/vcr/live/vehicle/TOY/2025/highlander/6951/918/b0eeef96840f461dfeb80007cc361f08242c63dbb09d777daa419549321f9da6.png?wid=1600&fmt=webp-alpha&cropN=0.04,0.08,0.92,.84"
XLE,Exterior,Cypress,Included,"https://tmnaassetscs.scene7.com/is/image/tmnaassetscs/vcr/live/vehicle/TOY/2025/highlander/6951/782/1f40d9e60e83eba93d230dbd5b384377cccba2bdde46c868e622739d83f70dea.png?wid=1600&fmt=webp-alpha&cropN=0.04,0.08,0.92,.84"
XLE,Exterior,Blueprint,Included,"https://tmnaassetscs.scene7.com/is/image/tmnaassetscs/vcr/live/vehicle/TOY/2025/highlander/6951/428/1f67214c3efcb011372b0b785c3aa057503f87e0c91a51a2ac677d840099005b.png?wid=1600&fmt=webp-alpha&cropN=0.04,0.08,0.92,.84"
XLE,Exterior,Ruby Flare Pearl *,$475,"https://tmnaassetscs.scene7.com/is/image/tmnaassetscs/vcr/live/vehicle/TOY/2025/highlander/6951/905/e652eb719f0f392b719b182eca9a6be784ffdaa69eb5dea3a51e550196831d53.png?wid=1600&fmt=webp-alpha&cropN=0.04,0.08,0.92,.84"
XLE,Interior,Black SofTex®-trimmed *,Included,N/A
XLE,Interior,Graphite SofTex®-trimmed *,Included,N/A
XLE,Interior,Harvest Beige SofTex®-trimmed *,Included,N/A
XLE,Engine,2.4L 4-Cyl. Turbo Engine,Included,N/A
XLE,Transmission,Direct Shift 8-Speed Electronically Controlled automatic Transmission (ECT),Included,N/A
XLE,Drivetrain,Front-Wheel Drive,Included,N/A
XLE,Drivetrain,All-Wheel Drive,"$1,600 MSRP",N/A
XLE,Add-On,Bench Seat,No Additional Cost,N/A
XLE,Add-On,12.3-in. Toyota Audio Multimedia,$735 MSRP,N/A
Hybrid XLE,Exterior,Heavy Metal *,$475,"https://tmnaassetscs.scene7.com/is/image/tmnaassetscs/vcr/live/vehicle/TOY/2025/highlander/6965/421/f9e2a9eddd5e30821d8aa773d50f36ee0e263736674ecba804fac4412ddacebc.png?wid=1600&fmt=webp-alpha&cropN=0.04,0.08,0.92,.84"
Hybrid XLE,Exterior,Wind Chill Pearl *,$475,"https://tmnaassetscs.scene7.com/is/image/tmnaassetscs/vcr/live/vehicle/TOY/2025/highlander/6965/861/b38fd12d9042d3c983227d6ef9362eb8ac91667aa93aca4208c785bba7dc8fc2.png?wid=1600&fmt=webp-alpha&cropN=0.04,0.08,0.92,.84"
Hybrid XLE,Exterior,Midnight Black Metallic,Included,"https://tmnaassetscs.scene7.com/is/image/tmnaassetscs/vcr/live/vehicle/TOY/2025/highlander/6965/897/e84c23598cfa92cf9a2d82173f4860a3f2de9466bbf042ec7745f77a5e8c0406.png?wid=1600&fmt=webp-alpha&cropN=0.04,0.08,0.92,.84"
Hybrid XLE,Exterior,Celestial Silver Metallic,Included,"https://tmnaassetscs.scene7.com/is/image/tmnaassetscs/vcr/live/vehicle/TOY/2025/highlander/6965/732/a44e7724d923205b30187908adcecc3cf80f8d2c7a84db4f1322a726029aa370.png?wid=1600&fmt=webp-alpha&cropN=0.04,0.08,0.92,.84"
Hybrid XLE,Exterior,Magnetic Gray Metallic,Included,"https://tmnaassetscs.scene7.com/is/image/tmnaassetscs/vcr/live/vehicle/TOY/2025/highlander/6965/210/e65b5112dee4dddc321fc0cf9f67d743cd5c2bf997d0cd648b4c7911fc34d739.png?wid=1600&fmt=webp-alpha&cropN=0.04,0.08,0.92,.84"
Hybrid XLE,Exterior,Cypress,Included,"https://tmnaassetscs.scene7.com/is/image/tmnaassetscs/vcr/live/vehicle/TOY/2025/highlander/6965/440/028679d0a467bc9a4c3c778a92713122e1f878dde8a421d9cee762fc939b8348.png?wid=1600&fmt=webp-alpha&cropN=0.04,0.08,0.92,.84"
Hybrid XLE,Exterior,Blueprint,Included,"https://tmnaassetscs.scene7.com/is/image/tmnaassetscs/vcr/live/vehicle/TOY/2025/highlander/6965/870/ca72c7bef8396e210fbdbc1e58389500565e4c39c2c306d4bdc95d228224a34c.png?wid=1600&fmt=webp-alpha&cropN=0.04,0.08,0.92,.84"
Hybrid XLE,Exterior,Ruby Flare Pearl *,$475,"https://tmnaassetscs.scene7.com/is/image/tmnaassetscs/vcr/live/vehicle/TOY/2025/highlander/6965/827/e8eeb4432cddd1043894a7705fd1856654a1d390358d0fd1860c8078e9aef51c.png?wid=1600&fmt=webp-alpha&cropN=0.04,0.08,0.92,.84"
Hybrid XLE,Interior,Black SofTex®-trimmed *,Included,N/A
Hybrid XLE,Interior,Graphite SofTex®-trimmed *,Included,N/A
Hybrid XLE,Interior,Harvest Beige SofTex®-trimmed *,Included,N/A
Hybrid XLE,Engine,2.5L 4-Cyl. Hybrid Engine,Included,N/A
Hybrid XLE,Transmission,Electronically controlled Continuously Variable Transmission (ECVT),Included,N/A
Hybrid XLE,Drivetrain,All-Wheel Drive,Included,N/A
Hybrid XLE,Add-On,Bench Seat,No Additional Cost,N/A
Hybrid XLE,Add-On,12.3-in. Toyota Audio Multimedia,$735 MSRP,N/A
XSE,Exterior,Wind Chill Pearl *,$475,"https://tmnaassetscs.scene7.com/is/image/tmnaassetscs/vcr/live/vehicle/TOY/2025/highlander/6959/212/dd1e018c908091084d4d2275d7342f2136b4070980a44d451003dede134d9188.png?wid=1600&fmt=webp-alpha&cropN=0.04,0.08,0.92,.84"
XSE,Exterior,Midnight Black Metallic,Included,"https://tmnaassetscs.scene7.com/is/image/tmnaassetscs/vcr/live/vehicle/TOY/2025/highlander/6959/327/166da0bfc2b3e0d170bb6b30b55146bd158e5bc09fe41fb2bd54d401e33ae63a.png?wid=1600&fmt=webp-alpha&cropN=0.04,0.08,0.92,.84"
XSE,Exterior,Celestial Silver Metallic,Included,"https://tmnaassetscs.scene7.com/is/image/tmnaassetscs/vcr/live/vehicle/TOY/2025/highlander/6959/597/835d154d961c89d6811da35a09489c3096db5b815dcb68259af6e34b81849177.png?wid=1600&fmt=webp-alpha&cropN=0.04,0.08,0.92,.84"
XSE,Exterior,Magnetic Gray Metallic,Included,"https://tmnaassetscs.scene7.com/is/image/tmnaassetscs/vcr/live/vehicle/TOY/2025/highlander/6959/446/34e7ccae727fd26bc6b981dd3d7a45b22d1dc41ce88796268ec644e996c95028.png?wid=1600&fmt=webp-alpha&cropN=0.04,0.08,0.92,.84"
XSE,Exterior,Blueprint,Included,"https://tmnaassetscs.scene7.com/is/image/tmnaassetscs/vcr/live/vehicle/TOY/2025/highlander/6959/61/1e2560ad76d84ade987ae5908f5a26368facb6893dc75c38464668b47248a093.png?wid=1600&fmt=webp-alpha&cropN=0.04,0.08,0.92,.84"
XSE,Exterior,Ruby Flare Pearl *,$475,"https://tmnaassetscs.scene7.com/is/image/tmnaassetscs/vcr/live/vehicle/TOY/2025/highlander/6959/492/d7121904f5116bb4a03f423b0200f080a268da8333e212abd4bb3a7cb3f83ade.png?wid=1600&fmt=webp-alpha&cropN=0.04,0.08,0.92,.84"
XSE,Exterior,Cement,Included,"https://tmnaassetscs.scene7.com/is/image/tmnaassetscs/vcr/live/vehicle/TOY/2025/highlander/6959/76/074cbebc91936bda8fa9c4f35bb17054f5d5c03897136babdc786c051003f497.png?wid=1600&fmt=webp-alpha&cropN=0.04,0.08,0.92,.84"
XSE,Interior,Cockpit Red Leather-trimmed,Included,N/A
XSE,Interior,Black Mixed Media-trimmed,Included,N/A
XSE,Engine,2.4L 4-Cyl. Turbo Engine,Included,N/A
XSE,Transmission,Direct Shift 8-Speed Electronically Controlled automatic Transmission (ECT),Included,N/A
XSE,Drivetrain,All-Wheel Drive,Included,N/A
XSE,Add-On,12.3-in. Toyota Audio Multimedia with JBL® *,"$1,375 MSRP",N/A
Limited,Exterior,Heavy Metal *,$475,"https://tmnaassetscs.scene7.com/is/image/tmnaassetscs/vcr/live/vehicle/TOY/2025/highlander/6954/118/bd2f853618b44ff111761fb6a1ef433ff7360b940efb33cefecc0337e06bb0c6.png?wid=1600&fmt=webp-alpha&cropN=0.04,0.08,0.92,.84"
Limited,Exterior,Wind Chill Pearl *,$475,"https://tmnaassetscs.scene7.com/is/image/tmnaassetscs/vcr/live/vehicle/TOY/2025/highlander/6954/870/c4f8bddebf3fe9cd1fa5d0dedac62f840ae27e709bea7c1bdee48f6adda99023.png?wid=1600&fmt=webp-alpha&cropN=0.04,0.08,0.92,.84"
Limited,Exterior,Midnight Black Metallic,Included,"https://tmnaassetscs.scene7.com/is/image/tmnaassetscs/vcr/live/vehicle/TOY/2025/highlander/6954/212/003a101c0d9ed411e929869b55eb0fa0396db1a49b1e7d007cd79184a942bd0d.png?wid=1600&fmt=webp-alpha&cropN=0.04,0.08,0.92,.84"
Limited,Exterior,Celestial Silver Metallic,Included,"https://tmnaassetscs.scene7.com/is/image/tmnaassetscs/vcr/live/vehicle/TOY/2025/highlander/6954/923/9aebaab39e98aa363f5fe440c89a41f15b468efa8ecd3b5f0137e2d815da75fb.png?wid=1600&fmt=webp-alpha&cropN=0.04,0.08,0.92,.84"
Limited,Exterior,Magnetic Gray Metallic,Included,"https://tmnaassetscs.scene7.com/is/image/tmnaassetscs/vcr/live/vehicle/TOY/2025/highlander/6954/409/0bcc45196db6ad6601db378e907159db6a3890298f115c5c23ee5db900e40c0b.png?wid=1600&fmt=webp-alpha&cropN=0.04,0.08,0.92,.84"
Limited,Exterior,Cypress,Included,"https://tmnaassetscs.scene7.com/is/image/tmnaassetscs/vcr/live/vehicle/TOY/2025/highlander/6954/78/7f96eb56eda4c8dd257927d3430c2620931316bb595c6bcb324ddc41b52ac03b.png?wid=1600&fmt=webp-alpha&cropN=0.04,0.08,0.92,.84"
Limited,Exterior,Blueprint,Included,"https://tmnaassetscs.scene7.com/is/image/tmnaassetscs/vcr/live/vehicle/TOY/2025/highlander/6954/490/900197c2c017f729013f53712a402164d173d8873eac940956e4260ffdc1e770.png?wid=1600&fmt=webp-alpha&cropN=0.04,0.08,0.92,.84"
Limited,Exterior,Ruby Flare Pearl *,$475,"https://tmnaassetscs.scene7.com/is/image/tmnaassetscs/vcr/live/vehicle/TOY/2025/highlander/6954/737/6a6fe7d1281bd7148a47002c1e86386cde6ef9bd90e47aed79907d53cb6d0037.png?wid=1600&fmt=webp-alpha&cropN=0.04,0.08,0.92,.84"
Limited,Interior,Black Leather-trimmed,Included,N/A
Limited,Interior,Harvest Beige Leather-trimmed,Included,N/A
Limited,Interior,Graphite Leather-trimmed,Included,N/A
Limited,Engine,2.4L 4-Cyl. Turbo Engine,Included,N/A
Limited,Transmission,Direct Shift 8-Speed Electronically Controlled automatic Transmission (ECT),Included,N/A
Limited,Drivetrain,Front-Wheel Drive,Included,N/A
Limited,Drivetrain,All-Wheel Drive,"$1,950 MSRP",N/A
Limited,Add-On,Bench Seat,No Additional Cost,N/A
Limited,Add-On,Panoramic View Monitor,$850 MSRP,N/A
Hybrid XLE Nightshade,Exterior,Wind Chill Pearl *,$475,"https://tmnaassetscs.scene7.com/is/image/tmnaassetscs/vcr/live/vehicle/TOY/2025/highlander/6989/996/0fe5753cd39f27e954939f3d1e7a94ddb894ce39c71c14dbffa0eb3c42f33530.png?wid=1600&fmt=webp-alpha&cropN=0.04,0.08,0.92,.84"
Hybrid XLE Nightshade,Exterior,Midnight Black Metallic,Included,"https://tmnaassetscs.scene7.com/is/image/tmnaassetscs/vcr/live/vehicle/TOY/2025/highlander/6989/864/8a88d390b802721a1e93041c0f68c1cf0ff1666d6e3bdd7f8c0b16b352e2e791.png?wid=1600&fmt=webp-alpha&cropN=0.04,0.08,0.92,.84"
Hybrid XLE Nightshade,Exterior,Ruby Flare Pearl *,$475,"https://tmnaassetscs.scene7.com/is/image/tmnaassetscs/vcr/live/vehicle/TOY/2025/highlander/6989/925/f7af168d15b6f5d408df3763c32b2bbfd6612c469f1b907970114f97fbd25bc2.png?wid=1600&fmt=webp-alpha&cropN=0.04,0.08,0.92,.84"
Hybrid XLE Nightshade,Exterior,Cement,Included,"https://tmnaassetscs.scene7.com/is/image/tmnaassetscs/vcr/live/vehicle/TOY/2025/highlander/6989/176/02cd41e00d84b6d1b16231019b278fd393d3fe46ae366bf849226f1d35578b80.png?wid=1600&fmt=webp-alpha&cropN=0.04,0.08,0.92,.84"
Hybrid XLE Nightshade,Interior,Black Mixed Media-trimmed,Included,N/A
Hybrid XLE Nightshade,Engine,2.5L 4-Cyl. Hybrid Engine,Included,N/A
Hybrid XLE Nightshade,Transmission,Electronically controlled Continuously Variable Transmission (ECVT),Included,N/A
Hybrid XLE Nightshade,Drivetrain,All-Wheel Drive,Included,N/A
Hybrid XLE Nightshade,Add-On,12.3-in. Toyota Audio Multimedia,$735 MSRP,N/A
Hybrid Limited,Exterior,Heavy Metal *,$475,"https://tmnaassetscs.scene7.com/is/image/tmnaassetscs/vcr/live/vehicle/TOY/2025/highlander/6966/692/fa33c0ccb36e73a16f4937b02b8408cd57986b2b9bb1fc79084d711c6dddfb9a.png?wid=1600&fmt=webp-alpha&cropN=0.04,0.08,0.92,.84"
Hybrid Limited,Exterior,Wind Chill Pearl *,$475,"https://tmnaassetscs.scene7.com/is/image/tmnaassetscs/vcr/live/vehicle/TOY/2025/highlander/6966/965/4cea8d1dd2b43ecc25c0683b4a0ab5bad90e0a4162c875861b875097d059b91f.png?wid=1600&fmt=webp-alpha&cropN=0.04,0.08,0.92,.84"
Hybrid Limited,Exterior,Midnight Black Metallic,Included,"https://tmnaassetscs.scene7.com/is/image/tmnaassetscs/vcr/live/vehicle/TOY/2025/highlander/6966/908/6cba7c8cbc59a429109c8f702a6b118dc7d88698ad3af65df6024b9d2a440a68.png?wid=1600&fmt=webp-alpha&cropN=0.04,0.08,0.92,.84"
Hybrid Limited,Exterior,Celestial Silver Metallic,Included,"https://tmnaassetscs.scene7.com/is/image/tmnaassetscs/vcr/live/vehicle/TOY/2025/highlander/6966/524/369175bc7f697557166b0e102a7e0c7d7998f26d0f6db06a030d2f6dfac27be6.png?wid=1600&fmt=webp-alpha&cropN=0.04,0.08,0.92,.84"
Hybrid Limited,Exterior,Magnetic Gray Metallic,Included,"https://tmnaassetscs.scene7.com/is/image/tmnaassetscs/vcr/live/vehicle/TOY/2025/highlander/6966/299/1ce8fd8323052b3bdfd3d04a884adfdaac7943ef4cfaf39a3346ba7a3eadacce.png?wid=1600&fmt=webp-alpha&cropN=0.04,0.08,0.92,.84"
Hybrid Limited,Exterior,Cypress,Included,"https://tmnaassetscs.scene7.com/is/image/tmnaassetscs/vcr/live/vehicle/TOY/2025/highlander/6966/388/f27cba24fc3a1f534b38ae62a0f1ea4bdf42424fdf5ba66ea48e34e882aa626f.png?wid=1600&fmt=webp-alpha&cropN=0.04,0.08,0.92,.84"
Hybrid Limited,Exterior,Blueprint,Included,"https://tmnaassetscs.scene7.com/is/image/tmnaassetscs/vcr/live/vehicle/TOY/2025/highlander/6966/727/1cf2c32f20086e41d5fcd531aa01c78fd9f0215ac91c0a0e848b3318f9859ce9.png?wid=1600&fmt=webp-alpha&cropN=0.04,0.08,0.92,.84"
Hybrid Limited,Exterior,Ruby Flare Pearl *,$475,"https://tmnaassetscs.scene7.com/is/image/tmnaassetscs/vcr/live/vehicle/TOY/2025/highlander/6966/251/0acda4e3e39cc4a9bfa555c53f416fea1997c29f5916b42dc9118ad52cad7828.png?wid=1600&fmt=webp-alpha&cropN=0.04,0.08,0.92,.84"
Hybrid Limited,Interior,Black Leather-trimmed,Included,N/A
Hybrid Limited,Interior,Harvest Beige Leather-trimmed,Included,N/A
Hybrid Limited,Interior,Graphite Leather-trimmed,Included,N/A
Hybrid Limited,Engine,2.5L 4-Cyl. Hybrid Engine,Included,N/A
Hybrid Limited,Transmission,Electronically controlled Continuously Variable Transmission (ECVT),Included,N/A
Hybrid Limited,Drivetrain,All-Wheel Drive,Included,N/A
Hybrid Limited,Add-On,Panoramic View Monitor,$850 MSRP,N/A
Platinum,Exterior,Heavy Metal *,$475,"https://tmnaassetscs.scene7.com/is/image/tmnaassetscs/vcr/live/vehicle/TOY/2025/highlander/6957/585/6530fe119a4d1a3035e0ef5cd460d00858d95def23ebf05b280be44b4e032bd8.png?wid=1600&fmt=webp-alpha&cropN=0.04,0.08,0.92,.84"
Platinum,Exterior,Wind Chill Pearl *,$475,"https://tmnaassetscs.scene7.com/is/image/tmnaassetscs/vcr/live/vehicle/TOY/2025/highlander/6957/139/76d9f3836bbabd7b119316876186b3d63a859a6a0fa8149469c352b5ce25a391.png?wid=1600&fmt=webp-alpha&cropN=0.04,0.08,0.92,.84"
Platinum,Exterior,Midnight Black Metallic,Included,"https://tmnaassetscs.scene7.com/is/image/tmnaassetscs/vcr/live/vehicle/TOY/2025/highlander/6957/421/05ef85bd4e367f94812ed220c540e2a50ca6a863dddee6438f15762c9fd285ad.png?wid=1600&fmt=webp-alpha&cropN=0.04,0.08,0.92,.84"
Platinum,Exterior,Celestial Silver Metallic,Included,"https://tmnaassetscs.scene7.com/is/image/tmnaassetscs/vcr/live/vehicle/TOY/2025/highlander/6957/608/48ab384044be0c301df041798f572daee01f23cf00f7bcdcc97c93746f4ea68d.png?wid=1600&fmt=webp-alpha&cropN=0.04,0.08,0.92,.84"
Platinum,Exterior,Magnetic Gray Metallic,Included,"https://tmnaassetscs.scene7.com/is/image/tmnaassetscs/vcr/live/vehicle/TOY/2025/highlander/6957/876/5e7efe0cc1ad18ba9625aeea30215c26016052298ed3a9ecaa951f588e1c57ea.png?wid=1600&fmt=webp-alpha&cropN=0.04,0.08,0.92,.84"
Platinum,Exterior,Cypress,Included,"https://tmnaassetscs.scene7.com/is/image/tmnaassetscs/vcr/live/vehicle/TOY/2025/highlander/6957/662/e4c52a46fa8a57131f28f0183d3f524b7789902bd6ab3f216f35c91cd8b32856.png?wid=1600&fmt=webp-alpha&cropN=0.04,0.08,0.92,.84"
Platinum,Exterior,Blueprint,Included,"https://tmnaassetscs.scene7.com/is/image/tmnaassetscs/vcr/live/vehicle/TOY/2025/highlander/6957/35/913cd51b26a40d9d0225550fdebe51c866afd9b574428b29117a97b53f5723b4.png?wid=1600&fmt=webp-alpha&cropN=0.04,0.08,0.92,.84"
Platinum,Exterior,Ruby Flare Pearl *,$475,"https://tmnaassetscs.scene7.com/is/image/tmnaassetscs/vcr/live/vehicle/TOY/2025/highlander/6957/797/8434c10509913c4b3ff6d5cb74cc7c27d21a298bece897f4cecb01a270417d71.png?wid=1600&fmt=webp-alpha&cropN=0.04,0.08,0.92,.84"
Platinum,Interior,Black Leather-trimmed,Included,N/A
Platinum,Interior,Glazed Caramel Leather-trimmed,Included,N/A
Platinum,Interior,Graphite Leather-trimmed,Included,N/A
Platinum,Engine,2.4L 4-Cyl. Turbo Engine,Included,N/A
Platinum,Transmission,Direct Shift 8-Speed Electronically Controlled automatic Transmission (ECT),Included,N/A
Platinum,Drivetrain,All-Wheel Drive,Included,N/A
Hybrid Limited 25th Edition,Exterior,Heavy Metal,Included,"https://tmnaassetscs.scene7.com/is/image/tmnaassetscs/vcr/live/vehicle/TOY/2025/highlander/6982/537/d4006491a52bc2fe846c28ccf51d67bce9662b364c144f7e1d84ca713eff9c39.png?wid=1600&fmt=webp-alpha&cropN=0.04,0.08,0.92,.84"
Hybrid Limited 25th Edition,Exterior,Wind Chill Pearl,Included,"https://tmnaassetscs.scene7.com/is/image/tmnaassetscs/vcr/live/vehicle/TOY/2025/highlander/6982/94/e66249c6f0483d7c8a9901822943136ae89b0de97215b7dc7d28cb8f822fb607.png?wid=1600&fmt=webp-alpha&cropN=0.04,0.08,0.92,.84"
Hybrid Limited 25th Edition,Interior,Portobello Leather-trimmed,Included,N/A
Hybrid Limited 25th Edition,Engine,2.5L 4-Cyl. Hybrid Engine,Included,N/A
Hybrid Limited 25th Edition,Transmission,Electronically controlled Continuously Variable Transmission (ECVT),Included,N/A
Hybrid Limited 25th Edition,Drivetrain,All-Wheel Drive,Included,N/A
Hybrid Platinum,Exterior,Heavy Metal *,$475,"https://tmnaassetscs.scene7.com/is/image/tmnaassetscs/vcr/live/vehicle/TOY/2025/highlander/6967/419/503bf433df7e982fe6f7a602c013538487fef9e4139ee9937b41bb367414ce84.png?wid=1600&fmt=webp-alpha&cropN=0.04,0.08,0.92,.84"
Hybrid Platinum,Exterior,Wind Chill Pearl *,$475,"https://tmnaassetscs.scene7.com/is/image/tmnaassetscs/vcr/live/vehicle/TOY/2025/highlander/6967/542/ca9fc2168780a545c4ec88d13e95fec887427105b74d985cfc920e1242dfc5f1.png?wid=1600&fmt=webp-alpha&cropN=0.04,0.08,0.92,.84"
Hybrid Platinum,Exterior,Midnight Black Metallic,Included,"https://tmnaassetscs.scene7.com/is/image/tmnaassetscs/vcr/live/vehicle/TOY/2025/highlander/6967/755/5370aefb1f0d0b5d1bcbbfeefc2e402eb001bffeadb21dc48e6803f39fbf0b93.png?wid=1600&fmt=webp-alpha&cropN=0.04,0.08,0.92,.84"
Hybrid Platinum,Exterior,Celestial Silver Metallic,Included,"https://tmnaassetscs.scene7.com/is/image/tmnaassetscs/vcr/live/vehicle/TOY/2025/highlander/6967/941/7ff01ebd7fbeb44f28528ecc7525d30a73de508ebebe59e51b553b9023c2a8c1.png?wid=1600&fmt=webp-alpha&cropN=0.04,0.08,0.92,.84"
Hybrid Platinum,Exterior,Magnetic Gray Metallic,Included,"https://tmnaassetscs.scene7.com/is/image/tmnaassetscs/vcr/live/vehicle/TOY/2025/highlander/6967/777/038c7971f439eb69667faed76c173c84e69e7cdfecd99e351e1f0649737970f3.png?wid=1600&fmt=webp-alpha&cropN=0.04,0.08,0.92,.84"
Hybrid Platinum,Exterior,Cypress,Included,"https://tmnaassetscs.scene7.com/is/image/tmnaassetscs/vcr/live/vehicle/TOY/2025/highlander/6967/233/41f3ea29047739912c905e07cd3e9f94137c2c09a128059ea1682d523596a26f.png?wid=1600&fmt=webp-alpha&cropN=0.04,0.08,0.92,.84"
Hybrid Platinum,Exterior,Blueprint,Included,"https://tmnaassetscs.scene7.com/is/image/tmnaassetscs/vcr/live/vehicle/TOY/2025/highlander/6967/712/93f168a07203c4fb911daaf88d521d9a1115ce3899c75346675c0003b55146c4.png?wid=1600&fmt=webp-alpha&cropN=0.04,0.08,0.92,.84"
Hybrid Platinum,Exterior,Ruby Flare Pearl *,$475,"https://tmnaassetscs.scene7.com/is/image/tmnaassetscs/vcr/live/vehicle/TOY/2025/highlander/6967/584/0946e6f0cd823198c1a79a5b702ea48bc4244c3e4c80d0d0e9f30aa3ace6ab6b.png?wid=1600&fmt=webp-alpha&cropN=0.04,0.08,0.92,.84"
Hybrid Platinum,Interior,Black Leather-trimmed,Included,N/A
Hybrid Platinum,Interior,Glazed Caramel Leather-trimmed,Included,N/A
Hybrid Platinum,Interior,Graphite Leather-trimmed,Included,N/A
Hybrid Platinum,Engine,2.5L 4-Cyl. Hybrid Engine,Included,N/A
Hybrid Platinum,Transmission,Electronically controlled Continuously Variable Transmission (ECVT),Included,N/A
Hybrid Platinum,Drivetrain,All-Wheel Drive,Included,N/A
